id,data_id,klient_id,trener_id,zajecie_id,sala_id,ocena_zajec,czas_trwania,liczba_uczestnikow,data_zajec
1,4812,38,11,15,64,3.9,90,18,2025-12-30 08:29:00
2,5069,118,9,16,68,3.3,90,27,2024-05-05 13:58:00
3,4788,4,4,24,63,4.7,60,27,2025-10-25 13:32:00
4,4485,133,3,18,66,3.3,120,8,2025-02-24 19:22:00
5,4430,82,8,17,62,2.9,45,12,2025-12-08 15:58:00
6,4795,10,11,24,64,3.2,60,25,2025-04-16 06:27:00
7,4965,141,19,10,63,1.6,60,25,2024-09-26 13:15:00
8,4956,110,18,21,65,4.8,60,25,2025-07-06 15:28:00
9,4551,50,20,16,70,5.0,45,13,2024-08-02 10:11:00
10,4733,96,2,16,67,2.1,45,22,2024-11-24 22:45:00
11,5036,46,5,14,65,1.8,60,23,2024-05-12 12:33:00
12,4905,110,11,10,69,2.9,90,20,2024-05-16 11:58:00
13,4513,117,1,11,66,2.9,60,6,2025-05-15 13:57:00
14,4986,37,20,22,64,3.9,120,28,2025-10-27 08:05:00
15,4404,107,14,11,64,1.7,45,11,2024-06-05 18:12:00
16,5020,169,18,18,61,4.5,90,27,2025-09-07 18:26:00
17,4823,64,6,23,61,4.6,90,15,2025-10-22 19:10:00
18,5089,61,1,10,61,3.3,90,17,2024-07-08 19:18:00
19,4826,112,13,20,66,1.8,90,21,2024-05-12 11:04:00
20,4448,93,5,19,64,2.9,90,16,2024-10-16 12:11:00
21,4884,169,8,24,64,3.3,120,5,2024-08-04 16:36:00
22,4387,154,8,21,70,3.3,90,21,2025-11-03 15:30:00
23,4413,44,14,14,68,4.7,90,24,2024-02-20 13:13:00
24,4657,55,3,12,66,3.1,45,27,2024-04-02 16:51:00
25,4834,24,10,16,65,3.8,90,22,2024-04-03 08:12:00
26,4396,2,19,19,64,3.4,90,23,2024-11-11 07:18:00
27,4920,123,4,24,68,4.9,60,15,2024-06-03 19:48:00
28,4473,31,8,24,69,4.9,90,25,2024-07-11 17:20:00
29,4536,183,14,19,68,3.0,120,13,2024-04-09 18:04:00
30,4929,100,18,12,66,3.5,90,11,2025-12-20 16:31:00
31,4731,94,18,14,67,2.4,120,21,2024-03-10 19:13:00
32,4546,34,8,12,69,1.4,90,24,2024-03-03 06:37:00
33,4484,21,7,22,69,4.8,60,20,2024-08-22 13:42:00
34,4826,11,15,14,63,3.2,90,16,2024-03-27 15:01:00
35,4634,198,5,14,64,3.4,90,28,2025-04-14 10:48:00
36,4845,162,2,18,68,3.7,90,22,2025-01-08 12:27:00
37,4919,150,8,24,70,3.3,90,22,2025-10-26 19:33:00
38,4574,86,17,19,68,3.3,60,21,2024-04-16 12:34:00
39,4554,145,2,16,66,1.9,60,25,2025-02-07 10:57:00
40,4581,64,16,12,70,2.6,45,18,2025-10-24 21:08:00
41,4444,64,11,17,70,3.4,120,20,2025-10-13 15:18:00
42,4384,75,17,22,64,4.9,120,7,2025-08-23 15:11:00
43,4409,98,5,21,64,4.1,45,25,2025-09-16 06:00:00
44,4917,135,5,12,61,1.8,60,13,2025-01-24 08:44:00
45,4747,37,4,18,66,1.9,120,21,2024-07-03 19:38:00
46,4754,40,7,20,68,3.7,120,23,2025-05-08 09:53:00
47,4557,129,2,19,68,3.2,45,10,2025-07-22 16:12:00
48,4688,112,12,13,64,3.6,60,22,2025-05-21 07:03:00
49,4782,195,5,19,68,3.0,45,13,2024-12-29 08:02:00
50,4491,103,20,11,64,1.3,60,16,2024-02-08 17:02:00
51,4771,139,18,23,67,1.4,120,27,2024-05-02 14:12:00
52,4392,112,9,22,67,2.5,60,6,2024-02-13 13:11:00
53,4626,24,19,18,67,3.4,120,27,2025-04-08 14:28:00
54,4412,111,2,12,68,1.4,120,14,2025-04-12 19:05:00
55,4914,83,11,13,63,4.3,120,27,2024-04-27 15:16:00
56,4657,5,20,16,63,3.3,120,11,2024-02-03 06:27:00
57,5032,77,13,20,64,2.1,45,11,2025-09-13 10:52:00
58,4647,158,3,12,62,2.1,45,28,2024-12-31 13:28:00
59,4829,146,1,24,69,3.4,60,24,2024-06-21 10:09:00
60,4908,47,3,21,70,1.0,120,5,2025-05-30 17:08:00
61,5072,31,11,13,62,3.5,60,23,2024-02-11 10:43:00
62,4391,168,13,24,66,2.2,45,25,2025-11-15 09:49:00
63,4417,181,8,17,62,4.6,120,21,2024-09-07 22:43:00
64,4687,110,19,18,69,3.3,45,16,2024-05-10 18:55:00
65,4890,8,1,24,70,3.9,90,23,2024-11-12 20:50:00
66,4463,75,13,23,67,3.9,120,28,2025-06-23 06:26:00
67,5045,153,17,21,62,2.1,120,26,2024-10-24 11:24:00
68,4669,166,8,15,63,2.0,45,21,2025-08-08 17:47:00
69,4816,185,5,21,69,4.0,120,28,2024-06-04 12:17:00
70,4887,61,15,15,69,2.6,90,30,2025-01-16 12:32:00
71,4487,172,10,24,70,3.5,90,14,2025-04-30 15:50:00
72,4649,143,1,20,69,2.3,60,25,2025-02-23 12:32:00
73,4853,11,6,22,69,1.7,120,12,2024-07-12 09:45:00
74,4466,27,10,22,69,4.4,45,17,2024-06-15 15:11:00
75,4572,64,2,16,64,2.9,60,8,2025-03-18 14:39:00
76,4930,32,6,17,64,4.4,60,13,2024-06-26 12:08:00
77,4820,61,6,17,67,1.6,120,21,2025-11-26 17:46:00
78,4400,25,4,21,61,3.4,90,21,2024-11-19 22:41:00
79,4802,152,12,18,67,4.2,90,30,2025-05-08 18:38:00
80,4935,59,17,16,61,4.2,60,11,2025-01-05 20:02:00
81,4873,165,18,13,66,3.3,90,16,2024-05-07 09:31:00
82,4398,77,14,19,70,3.9,45,28,2024-04-10 18:45:00
83,4673,48,6,12,62,1.1,45,23,2025-10-28 13:23:00
84,5064,64,20,10,68,2.0,45,13,2024-02-13 14:35:00
85,5102,59,1,20,68,3.4,45,9,2025-06-27 15:39:00
86,4641,73,16,19,70,2.7,90,8,2025-08-25 19:33:00
87,4494,131,13,18,62,3.6,120,15,2024-10-08 13:28:00
88,4781,35,6,14,61,3.3,90,15,2024-04-16 11:35:00
89,4989,200,1,11,69,1.7,45,8,2025-10-15 07:21:00
90,5100,159,13,14,61,4.6,45,14,2025-07-30 12:34:00
91,4638,128,13,19,62,2.4,60,30,2025-10-14 16:09:00
92,4864,140,11,14,65,1.6,45,27,2024-09-05 14:34:00
93,4441,38,8,21,65,1.4,60,24,2024-12-14 19:12:00
94,4943,97,14,15,67,4.4,60,6,2026-01-15 08:25:00
95,4382,45,8,18,65,3.0,120,22,2024-08-26 06:35:00
96,4915,12,4,14,69,4.6,45,28,2024-08-06 07:54:00
97,4925,30,14,17,70,4.0,120,30,2025-11-15 09:43:00
98,4432,89,16,18,68,1.8,90,28,2025-08-14 16:46:00
99,4529,95,13,10,67,4.9,90,23,2025-09-09 14:47:00
100,4502,23,14,13,69,2.9,45,14,2025-08-02 13:00:00
101,4831,199,17,15,68,1.4,60,9,2025-07-14 17:39:00
102,4742,44,11,22,66,2.3,60,30,2024-11-04 15:01:00
103,5037,11,10,24,61,2.8,120,22,2024-06-29 08:01:00
104,4551,52,10,14,62,2.3,45,16,2025-02-17 14:57:00
105,4433,85,5,15,66,1.6,90,27,2025-05-19 20:14:00
106,4957,126,19,18,70,3.0,120,15,2024-05-05 19:24:00
107,5019,52,4,22,63,1.3,120,12,2024-04-26 08:24:00
108,4655,47,5,17,62,3.8,45,19,2024-06-29 09:38:00
109,4503,10,15,17,68,3.3,45,24,2025-11-08 22:58:00
110,4759,65,6,12,62,4.1,120,27,2025-05-27 20:37:00
111,4403,14,13,10,65,1.9,45,30,2024-05-29 10:31:00
112,5000,163,10,20,69,1.6,60,28,2024-04-26 12:39:00
113,4816,144,13,12,63,1.7,45,19,2024-08-02 06:22:00
114,4786,92,10,14,67,2.2,90,20,2025-04-15 10:29:00
115,4567,56,10,22,65,2.2,90,20,2024-05-03 19:35:00
116,4790,103,19,16,62,1.6,120,22,2024-10-19 18:49:00
117,4987,165,4,19,67,1.8,60,28,2026-01-14 22:29:00
118,4669,12,7,15,67,3.6,45,20,2025-08-29 10:36:00
119,4741,68,2,20,66,1.4,45,26,2024-06-21 06:21:00
120,4743,37,13,19,69,3.0,120,15,2025-12-28 11:28:00
121,4627,123,4,23,62,4.2,90,18,2025-12-21 21:46:00
122,4596,78,18,19,64,1.1,45,18,2024-10-05 07:00:00
123,5067,157,5,15,70,3.5,45,19,2025-10-29 06:40:00
124,4814,163,17,24,64,3.6,45,24,2024-02-16 10:12:00
125,4527,18,17,19,62,2.8,90,29,2025-01-26 10:29:00
126,4517,143,15,10,68,2.9,120,13,2025-09-04 07:26:00
127,4832,164,4,21,64,1.4,60,16,2024-07-30 07:15:00
128,4809,13,20,13,65,3.2,90,24,2025-11-05 21:17:00
129,4817,103,18,17,69,3.1,90,26,2025-01-19 13:57:00
130,4825,113,4,21,63,4.0,45,15,2024-02-02 13:52:00
131,4740,86,12,23,66,3.8,45,12,2024-09-01 08:45:00
132,4418,21,3,16,63,3.8,120,5,2024-02-20 19:48:00
133,4573,115,16,16,64,2.8,90,12,2025-11-02 17:30:00
134,4967,184,14,15,61,1.9,60,30,2024-09-04 14:41:00
135,4451,118,18,11,61,2.3,45,26,2024-06-03 20:31:00
136,4981,45,12,15,65,2.8,120,19,2025-07-29 14:52:00
137,5011,85,19,14,68,1.5,90,8,2024-10-30 17:48:00
138,5028,19,6,15,63,3.1,120,5,2025-06-19 14:43:00
139,4736,166,17,24,61,4.8,60,24,2024-01-26 07:30:00
140,4939,125,19,13,69,1.4,90,16,2024-03-14 17:24:00
141,4928,96,8,19,63,1.5,45,6,2025-12-02 22:44:00
142,4512,93,10,13,67,3.2,60,27,2024-02-04 16:48:00
143,4492,77,3,18,63,4.3,45,6,2024-01-19 08:36:00
144,4710,97,18,19,66,5.0,60,5,2025-02-09 06:10:00
145,4947,36,9,13,66,2.3,60,26,2025-11-07 16:30:00
146,5002,164,11,20,66,1.2,90,30,2025-05-04 16:24:00
147,4913,164,14,14,66,4.7,90,24,2025-10-17 06:45:00
148,4737,57,19,10,69,2.4,45,17,2024-08-15 16:16:00
149,4396,67,6,18,66,1.4,45,13,2024-05-04 19:24:00
150,4916,142,4,11,63,2.6,45,9,2025-02-28 15:21:00
151,4934,28,12,14,65,1.5,60,11,2025-03-29 06:56:00
152,4547,144,3,18,62,2.0,60,14,2025-12-25 13:37:00
153,4936,93,17,21,69,2.7,120,13,2025-06-09 20:18:00
154,4664,146,17,17,65,4.1,45,22,2025-02-16 06:17:00
155,4663,96,6,13,64,2.9,45,6,2025-02-03 22:46:00
156,4407,148,19,20,65,2.3,45,20,2024-11-10 10:29:00
157,4718,62,7,11,66,4.1,120,17,2025-06-04 15:13:00
158,5018,38,12,17,70,2.3,120,25,2024-12-21 18:36:00
159,4649,119,13,20,63,3.2,45,13,2025-07-14 18:12:00
160,4906,141,8,11,67,1.8,45,27,2025-05-27 17:41:00
161,4574,69,18,22,70,1.6,90,6,2025-07-05 22:22:00
162,4595,153,14,19,62,3.3,60,13,2026-01-17 19:56:00
163,4740,100,7,18,67,4.9,45,16,2024-03-15 16:07:00
164,4973,171,13,22,68,3.4,90,9,2024-09-18 09:30:00
165,4740,108,1,21,70,1.2,120,5,2025-10-17 20:49:00
166,4874,3,2,19,69,1.9,45,25,2024-12-24 21:24:00
167,4575,3,15,11,70,2.9,60,19,2025-08-17 22:55:00
168,4846,10,19,10,63,3.8,90,23,2024-05-27 19:53:00
169,4527,187,4,14,70,4.9,60,18,2024-09-10 13:03:00
170,4547,63,6,20,65,4.3,120,22,2024-11-15 20:47:00
171,4687,108,1,24,63,3.8,45,30,2024-09-19 12:48:00
172,5098,188,17,22,69,1.3,90,8,2025-08-20 09:24:00
173,5054,82,19,18,68,4.9,45,5,2024-01-21 16:33:00
174,4860,17,17,24,64,1.5,45,28,2025-03-01 15:55:00
175,4451,93,10,23,69,2.1,120,15,2025-03-15 19:07:00
176,4389,25,11,12,69,1.9,45,22,2024-12-22 21:11:00
177,4891,95,19,19,63,1.8,45,5,2024-08-30 18:33:00
178,5040,41,11,21,62,2.2,45,14,2025-07-18 08:01:00
179,4789,27,17,10,70,1.6,90,25,2024-11-13 11:19:00
180,4540,106,16,21,69,3.8,120,23,2024-11-02 10:33:00
181,4671,93,14,10,61,4.5,90,30,2025-12-05 18:34:00
182,5089,151,13,10,70,4.9,60,7,2025-05-23 13:17:00
183,4913,152,6,23,66,2.8,60,29,2024-05-28 10:25:00
184,4867,149,20,11,62,4.2,45,18,2024-02-05 13:25:00
185,5095,21,16,14,61,4.3,90,18,2024-08-04 16:08:00
186,4857,190,15,12,65,3.7,45,10,2024-05-19 16:26:00
187,4910,131,1,13,65,2.2,60,17,2025-07-31 14:15:00
188,4403,11,2,24,63,4.0,45,10,2025-09-08 12:12:00
189,5013,48,7,16,64,1.7,45,16,2025-09-23 12:42:00
190,5069,195,1,19,69,3.0,60,9,2025-06-03 09:00:00
191,4723,136,5,19,67,1.6,60,28,2025-05-09 09:57:00
192,4956,200,7,20,70,1.7,90,11,2025-03-03 11:43:00
193,4627,62,3,10,66,2.5,90,5,2025-02-13 11:40:00
194,4902,197,9,16,62,3.6,90,26,2025-05-11 13:40:00
195,4762,161,16,22,66,4.8,45,5,2024-09-03 11:54:00
196,5071,159,10,10,65,3.7,120,6,2025-03-05 12:16:00
197,4466,97,8,21,62,3.9,90,26,2024-03-01 13:27:00
198,5013,116,16,11,64,3.5,45,15,2024-09-06 18:18:00
199,4893,42,6,17,67,2.6,45,10,2024-11-19 20:03:00
200,4846,11,6,17,62,1.4,120,22,2025-02-17 10:16:00
201,4416,24,2,20,61,3.1,45,13,2024-09-20 09:40:00
202,4886,126,5,10,69,3.0,120,30,2025-01-06 06:14:00
203,5102,189,4,12,62,4.7,45,25,2025-03-26 12:53:00
204,4865,184,2,24,67,2.5,60,7,2025-05-15 18:13:00
205,4712,158,13,13,65,3.5,120,17,2025-11-24 13:38:00
206,4696,155,11,24,66,4.6,45,25,2025-10-24 09:25:00
207,4587,49,10,14,62,2.8,90,25,2024-08-29 14:27:00
208,5027,98,12,13,69,2.1,120,7,2024-02-07 12:55:00
209,5046,53,19,12,63,3.1,45,5,2025-12-12 13:55:00
210,4564,151,5,18,69,4.7,120,28,2024-08-18 12:50:00
211,5088,75,10,16,66,1.6,90,7,2024-11-17 15:52:00
212,4746,158,9,12,64,4.6,60,21,2024-05-21 19:46:00
213,5095,55,16,21,70,4.3,90,9,2025-02-17 12:47:00
214,4724,166,15,21,61,3.0,60,29,2025-09-14 14:57:00
215,4753,99,18,23,66,1.5,60,18,2024-03-22 09:33:00
216,4593,111,19,24,63,1.8,90,16,2024-05-08 21:24:00
217,4863,119,5,22,68,3.1,90,13,2024-01-23 13:38:00
218,4671,178,9,16,64,1.1,45,25,2024-05-05 12:55:00
219,4959,101,20,23,67,3.5,120,12,2025-01-16 22:08:00
220,5009,94,10,13,68,1.5,120,23,2024-07-15 11:27:00
221,5072,128,18,12,69,1.5,45,29,2025-12-26 06:31:00
222,4746,138,2,19,62,3.2,45,6,2024-10-03 14:15:00
223,4431,36,15,20,70,3.9,45,19,2025-06-26 14:22:00
224,4638,109,16,14,65,4.7,120,24,2025-10-07 11:16:00
225,4832,120,19,21,65,2.6,90,30,2025-08-30 07:52:00
226,4831,57,18,15,66,1.9,45,14,2025-09-29 21:35:00
227,4386,115,5,18,67,4.4,120,26,2024-12-29 06:28:00
228,4875,42,3,18,63,4.0,120,28,2025-01-07 10:21:00
229,4521,50,3,20,66,2.9,90,15,2026-01-15 06:42:00
230,4756,64,14,23,64,1.0,90,15,2025-03-04 14:19:00
231,4773,62,20,22,67,3.1,45,25,2024-12-29 21:18:00
232,5039,136,9,12,68,1.0,45,14,2025-02-09 18:04:00
233,4689,91,9,18,62,3.8,120,25,2024-07-18 13:10:00
234,4510,101,7,14,63,3.2,120,9,2024-06-17 14:36:00
235,4443,92,5,11,66,3.1,90,20,2025-11-12 12:16:00
236,4773,10,17,11,63,1.1,60,13,2024-08-15 20:39:00
237,5011,28,1,19,62,2.1,120,6,2024-02-17 16:40:00
238,5022,64,7,13,66,3.0,60,13,2024-11-27 17:38:00
239,4488,67,9,22,61,3.0,45,18,2025-03-08 14:40:00
240,4754,179,11,11,68,1.8,45,9,2024-08-07 13:35:00
241,4498,59,7,13,68,2.0,90,23,2024-10-19 11:19:00
242,4903,54,7,15,62,1.0,90,27,2025-12-12 19:08:00
243,4930,145,13,10,68,4.3,45,21,2025-08-26 17:22:00
244,4903,165,19,12,63,2.4,60,6,2025-02-12 10:08:00
245,4564,50,13,21,63,1.7,120,22,2024-09-06 10:39:00
246,4973,193,3,23,62,4.4,120,21,2025-08-24 09:34:00
247,4472,79,12,13,61,3.9,90,5,2024-10-30 20:42:00
248,4649,177,5,14,61,3.6,120,14,2024-05-25 19:58:00
249,4603,72,13,11,69,1.6,120,13,2025-09-26 14:29:00
250,4946,108,2,22,66,3.9,45,22,2025-06-19 12:23:00
251,4748,60,2,20,64,4.9,90,7,2025-03-15 18:21:00
252,4467,158,14,19,64,2.3,45,6,2025-06-25 22:48:00
253,4616,185,15,13,66,1.9,90,24,2025-01-27 20:54:00
254,4422,45,18,16,62,1.2,60,13,2026-01-11 14:31:00
255,4917,159,7,23,69,3.1,90,6,2024-12-30 17:09:00
256,4773,102,8,12,70,3.2,45,20,2024-11-29 13:05:00
257,4755,113,5,22,61,4.1,120,21,2024-08-04 20:40:00
258,5064,56,13,10,61,2.4,90,13,2025-10-25 06:20:00
259,4598,128,11,23,61,1.5,90,30,2025-09-26 22:20:00
260,4984,181,1,11,64,3.5,60,10,2024-11-13 21:55:00
261,4527,168,3,11,61,4.7,60,10,2025-10-18 15:20:00
262,5066,179,16,24,61,2.4,60,6,2025-08-10 14:55:00
263,4548,49,6,21,68,4.7,120,30,2024-05-06 19:15:00
264,4475,179,12,15,65,2.4,60,11,2025-01-07 10:16:00
265,4405,139,12,18,70,3.9,45,21,2025-03-30 22:51:00
266,4620,156,14,24,62,2.5,90,23,2024-05-31 21:26:00
267,4465,57,19,11,64,3.9,45,23,2025-06-24 13:54:00
268,5017,178,13,18,67,1.6,45,30,2024-08-29 18:16:00
269,4871,19,17,17,64,3.0,90,28,2025-10-08 11:18:00
270,4530,10,17,14,68,1.7,45,6,2024-02-13 13:06:00
271,5084,56,2,23,64,1.7,45,29,2025-03-03 07:02:00
272,4776,2,16,19,67,1.6,90,19,2024-05-21 11:45:00
273,4659,123,7,16,70,3.5,90,28,2025-12-06 12:53:00
274,4631,118,2,11,67,3.7,90,7,2024-09-27 09:22:00
275,4648,190,8,13,67,4.2,60,14,2024-09-20 07:33:00
276,4665,110,10,18,70,4.1,45,11,2024-11-15 18:20:00
277,5091,133,4,11,69,2.0,120,9,2024-04-06 13:29:00
278,5068,51,13,15,63,3.2,60,24,2025-08-17 11:30:00
279,5034,172,3,13,67,4.2,60,25,2025-11-12 15:01:00
280,4911,139,1,22,62,4.8,45,17,2024-02-16 20:22:00
281,4412,143,12,20,63,4.1,60,13,2025-05-13 14:33:00
282,5001,76,1,23,70,3.9,120,20,2025-05-11 19:36:00
283,4788,152,9,16,69,4.0,45,20,2025-07-19 21:33:00
284,5063,45,9,23,70,4.7,45,10,2025-11-16 15:14:00
285,4637,79,8,20,63,1.3,120,23,2024-02-09 11:59:00
286,4640,82,11,24,61,4.8,90,6,2025-07-12 06:12:00
287,4760,163,16,10,68,3.3,120,9,2026-01-05 18:09:00
288,4750,6,10,15,62,3.9,45,5,2025-02-26 06:00:00
289,4523,121,17,18,65,3.8,90,16,2025-05-15 14:01:00
290,4547,164,16,23,67,2.3,45,27,2024-11-10 19:43:00
291,4899,77,13,14,70,2.3,90,7,2025-08-12 21:32:00
292,4649,160,16,21,69,2.4,90,15,2025-10-09 15:15:00
293,4680,79,5,10,62,4.4,120,19,2024-03-19 12:39:00
294,5028,38,12,18,66,1.8,60,27,2025-01-16 22:47:00
295,4432,5,5,22,63,2.9,120,14,2025-10-30 18:39:00
296,5005,172,3,16,65,3.9,90,29,2024-04-01 19:15:00
297,4950,177,7,10,65,1.4,90,9,2024-08-05 20:06:00
298,5019,188,1,18,61,3.4,90,20,2024-09-20 19:53:00
299,4841,138,16,14,63,3.8,120,26,2024-06-13 10:56:00
300,4897,138,14,17,66,1.2,90,6,2025-12-16 18:26:00
301,5089,152,10,22,61,4.8,45,26,2025-09-08 18:51:00
302,4752,140,15,20,69,3.0,45,27,2025-07-15 08:40:00
303,4813,57,1,16,63,3.5,90,13,2025-02-25 18:17:00
304,4827,82,6,17,67,4.0,90,10,2024-02-28 06:53:00
305,4878,84,19,17,65,4.0,90,5,2025-02-06 09:56:00
306,4718,198,4,17,68,3.5,45,13,2025-06-15 07:48:00
307,4988,113,3,21,65,3.6,60,15,2024-04-27 22:47:00
308,4757,97,18,20,64,3.2,120,23,2024-08-09 12:24:00
309,4650,31,17,19,66,2.8,60,18,2025-03-27 09:17:00
310,4655,79,18,24,66,4.1,120,22,2024-04-03 15:56:00
311,4486,130,2,11,68,1.9,120,19,2024-04-25 07:38:00
312,5032,187,6,15,66,2.8,60,18,2024-06-03 19:06:00
313,4824,95,1,10,70,2.8,90,8,2024-08-09 08:57:00
314,4787,87,10,20,64,3.9,60,6,2025-07-03 06:05:00
315,4866,118,19,18,69,2.0,45,25,2024-12-17 12:36:00
316,4969,154,18,17,70,2.6,60,9,2024-12-20 06:07:00
317,4408,9,9,14,64,1.6,60,13,2026-01-08 18:15:00
318,4931,15,10,18,68,2.6,90,23,2024-09-10 08:40:00
319,4930,155,17,18,62,3.4,120,22,2025-08-03 21:38:00
320,4674,18,15,11,63,1.4,60,27,2024-07-02 22:48:00
321,4458,163,13,20,65,3.7,60,20,2026-01-14 21:48:00
322,4509,186,14,15,65,2.4,120,15,2024-08-13 22:14:00
323,4540,103,13,18,63,4.6,60,19,2024-05-22 14:52:00
324,4852,74,19,24,70,3.3,120,14,2025-09-30 17:32:00
325,4943,40,16,24,67,1.3,45,10,2025-05-06 19:35:00
326,4961,199,1,21,67,2.7,90,14,2025-08-31 11:38:00
327,4488,124,14,19,69,4.8,60,28,2025-08-19 10:10:00
328,4473,17,11,10,67,2.5,120,14,2025-04-27 12:25:00
329,5092,55,16,13,70,3.4,90,24,2025-04-21 12:47:00
330,4749,45,2,12,67,2.5,120,28,2024-11-24 20:21:00
331,4889,9,16,24,62,2.3,45,10,2025-12-10 09:05:00
332,4794,36,20,21,70,1.7,60,20,2025-01-16 14:32:00
333,4733,77,18,23,69,1.7,120,30,2025-09-15 17:21:00
334,5107,195,15,16,70,4.5,60,27,2025-02-18 07:01:00
335,5047,32,3,20,63,4.1,120,26,2026-01-07 13:05:00
336,4958,117,20,11,67,2.3,60,23,2025-09-24 13:50:00
337,4810,64,13,16,67,4.2,60,22,2025-02-17 22:36:00
338,4849,48,2,14,64,2.6,90,11,2025-02-22 08:59:00
339,5051,4,20,16,70,3.0,120,15,2025-08-30 20:14:00
340,4560,200,18,14,61,5.0,45,8,2025-03-11 22:17:00
341,5035,137,12,19,68,1.2,120,24,2025-12-08 08:30:00
342,4980,66,13,17,64,3.5,60,19,2025-04-08 16:39:00
343,4999,104,14,12,66,1.5,90,7,2025-09-25 17:51:00
344,4571,179,9,22,61,2.9,45,20,2025-11-23 19:39:00
345,4624,167,11,11,67,3.7,120,22,2025-12-06 09:36:00
346,4789,65,12,17,68,2.7,120,26,2025-03-17 19:12:00
347,4461,114,4,11,65,3.0,60,20,2025-02-15 09:15:00
348,4486,170,12,20,70,3.0,45,11,2024-08-31 18:29:00
349,4861,112,17,15,64,2.6,45,9,2025-05-25 08:31:00
350,4530,104,1,12,66,1.8,45,17,2025-12-13 21:46:00
351,4533,89,9,20,62,3.5,60,27,2026-01-11 17:06:00
352,4839,133,7,17,64,1.1,120,19,2025-04-24 07:21:00
353,4412,40,12,18,66,3.2,90,21,2024-06-21 09:57:00
354,4964,174,16,23,70,1.6,60,29,2024-06-28 21:54:00
355,4950,67,19,10,64,4.6,120,8,2024-06-15 22:18:00
356,4698,181,3,15,68,2.6,60,20,2025-08-07 09:40:00
357,4759,106,3,16,63,3.2,45,23,2025-02-20 08:51:00
358,4847,168,18,24,68,1.2,120,28,2026-01-14 15:26:00
359,4768,9,14,24,64,1.5,90,28,2024-02-05 15:12:00
360,5058,80,19,18,61,3.2,45,27,2024-04-29 13:36:00
361,4407,132,9,17,62,3.0,60,11,2025-08-30 12:21:00
362,4404,196,10,16,69,4.2,45,6,2024-01-18 18:29:00
363,4427,93,14,10,63,4.4,45,15,2025-10-23 08:19:00
364,4620,119,6,16,63,2.9,45,20,2025-11-19 06:33:00
365,4448,84,10,14,63,2.6,120,13,2024-07-16 16:30:00
366,4945,169,2,12,66,2.1,90,22,2025-01-13 11:25:00
367,4745,100,18,14,70,2.5,45,17,2025-06-16 10:45:00
368,4508,55,15,12,70,4.4,60,13,2025-05-08 11:17:00
369,4809,106,12,13,66,1.9,60,30,2025-10-13 08:03:00
370,4878,25,6,17,64,4.2,60,7,2024-07-25 19:56:00
371,4702,188,12,18,64,1.8,120,18,2025-10-22 20:31:00
372,4585,6,20,11,63,1.7,60,13,2024-06-12 11:45:00
373,4888,36,8,15,65,2.8,120,17,2024-09-24 11:25:00
374,4907,9,19,18,64,1.3,90,13,2025-01-22 12:12:00
375,4730,33,7,24,63,2.9,120,9,2025-09-15 17:20:00
376,4765,197,7,20,64,2.7,120,6,2025-10-31 22:02:00
377,4754,138,8,11,63,1.2,60,7,2024-04-26 07:36:00
378,4849,170,12,16,67,4.0,60,18,2024-06-10 06:04:00
379,4977,123,8,15,70,4.8,90,10,2024-07-21 20:26:00
380,5060,101,14,12,61,5.0,45,5,2024-07-24 17:25:00
381,4467,70,7,16,64,2.3,60,15,2025-12-08 14:20:00
382,4555,56,7,16,67,1.7,45,13,2025-08-20 20:43:00
383,4443,122,14,20,63,1.8,45,15,2024-12-28 07:41:00
384,4764,197,1,22,67,1.1,120,16,2025-05-12 11:14:00
385,5047,72,1,12,70,2.4,45,10,2024-04-30 18:43:00
386,4945,162,15,20,67,4.8,120,11,2025-10-02 06:11:00
387,4716,58,15,10,66,2.3,60,18,2025-07-06 09:43:00
388,4921,144,2,16,61,5.0,60,23,2025-12-12 15:16:00
389,4404,79,7,15,63,2.6,45,13,2025-01-28 07:50:00
390,4684,32,8,17,63,4.2,90,22,2025-08-11 19:24:00
391,4466,85,5,24,66,4.9,45,22,2024-09-17 18:27:00
392,4531,3,12,18,64,3.2,90,6,2024-10-12 18:14:00
393,4687,159,13,24,64,4.6,120,6,2025-11-16 09:51:00
394,5066,181,3,18,70,1.1,45,21,2024-11-01 20:36:00
395,5051,5,8,13,67,5.0,60,15,2025-03-16 21:44:00
396,4660,94,4,10,70,3.2,45,8,2024-04-21 18:36:00
397,4510,4,8,22,68,4.1,45,10,2025-05-30 11:24:00
398,4557,137,11,12,61,4.4,120,6,2024-11-10 21:14:00
399,5101,27,9,22,61,1.8,120,18,2025-06-04 19:33:00
400,4482,180,7,22,68,1.1,120,18,2025-12-30 13:55:00
401,5078,143,16,15,69,1.2,45,9,2024-09-02 22:05:00
402,4947,101,9,18,62,3.7,60,30,2024-09-09 21:36:00
403,4440,23,4,14,70,3.3,60,30,2025-04-04 18:50:00
404,5031,20,9,22,65,3.2,90,9,2025-07-31 08:15:00
405,4591,136,2,15,68,4.1,120,30,2025-01-17 13:07:00
406,4597,89,19,16,62,1.9,120,26,2025-06-24 06:13:00
407,5025,191,18,20,66,2.6,120,30,2025-08-31 06:22:00
408,5017,67,14,15,64,4.7,90,28,2025-03-11 09:29:00
409,4828,11,18,10,66,1.8,120,26,2024-11-26 11:54:00
410,4719,128,13,14,65,3.4,60,15,2024-11-18 16:57:00
411,5061,133,13,22,67,1.4,120,26,2024-05-17 08:40:00
412,4764,185,5,17,64,1.6,60,13,2025-03-26 07:06:00
413,4991,20,17,22,65,4.0,120,9,2025-08-03 20:49:00
414,5011,140,3,13,65,1.5,120,24,2024-02-06 14:59:00
415,4867,112,13,19,65,2.5,90,6,2026-01-12 09:49:00
416,4991,192,19,20,69,1.7,45,6,2024-11-04 22:41:00
417,4502,47,1,21,65,2.0,60,5,2024-02-05 13:02:00
418,4626,26,20,12,65,2.4,120,9,2024-06-05 17:45:00
419,4655,144,3,12,69,1.9,60,7,2024-04-07 20:02:00
420,4676,72,1,24,69,4.9,120,11,2024-12-23 11:40:00
421,4964,96,10,19,70,4.1,45,23,2025-02-05 15:39:00
422,4773,194,10,22,66,1.3,120,10,2025-07-19 14:22:00
423,4946,189,18,13,67,3.1,60,6,2025-11-19 14:59:00
424,4776,68,2,24,70,4.1,90,30,2024-09-10 13:33:00
425,4642,80,16,14,68,2.1,45,27,2025-03-26 16:33:00
426,5011,127,5,21,61,3.2,120,16,2025-08-12 13:45:00
427,4879,47,8,16,69,4.9,60,7,2025-08-06 22:51:00
428,5075,159,3,10,68,4.1,45,9,2025-03-15 08:02:00
429,4808,121,15,15,67,1.4,45,14,2025-02-20 14:52:00
430,4471,174,4,22,65,1.3,120,20,2024-04-05 22:26:00
431,4603,122,9,10,62,1.8,120,28,2025-07-22 15:35:00
432,4605,184,2,15,70,1.1,90,5,2024-01-27 15:41:00
433,4481,54,8,19,70,3.0,90,26,2025-03-08 08:55:00
434,4906,122,2,21,62,4.1,45,27,2024-12-28 08:31:00
435,4532,29,19,17,66,4.6,60,11,2025-01-10 17:03:00
436,4463,5,10,20,70,2.3,45,11,2025-12-21 14:01:00
437,4970,2,3,21,61,1.5,120,7,2024-02-13 14:55:00
438,4887,198,15,22,65,4.8,90,19,2025-01-24 19:07:00
439,4552,153,14,11,61,3.5,90,27,2024-03-23 10:40:00
440,4797,124,6,21,65,1.7,120,17,2025-09-06 07:06:00
441,4514,96,9,17,65,5.0,45,28,2024-02-09 08:20:00
442,4664,73,20,13,69,1.2,120,9,2024-04-02 11:03:00
443,4622,91,11,17,61,2.6,45,15,2024-06-22 09:07:00
444,5064,15,12,23,66,1.3,90,21,2024-12-14 07:29:00
445,4915,162,13,15,68,4.2,60,20,2025-10-20 08:40:00
446,4440,92,4,21,67,4.2,120,30,2025-03-21 14:48:00
447,4712,94,9,24,69,3.2,45,15,2024-09-23 12:59:00
448,4962,100,12,18,62,4.9,120,14,2025-02-03 07:57:00
449,4715,29,10,21,62,1.6,90,9,2025-09-13 17:05:00
450,4780,32,17,16,67,2.7,120,9,2024-03-24 14:07:00
451,5031,157,8,14,62,3.3,90,24,2024-06-27 09:08:00
452,4475,147,6,13,67,3.8,90,27,2025-11-12 06:20:00
453,4961,75,2,20,62,3.9,45,30,2026-01-04 12:01:00
454,4864,172,5,15,65,4.5,90,11,2025-04-18 20:58:00
455,4733,131,6,17,66,4.4,60,13,2024-12-11 09:57:00
456,5017,179,5,20,64,4.8,60,14,2025-12-26 13:06:00
457,4703,188,20,16,62,2.4,60,15,2025-01-09 13:05:00
458,4675,117,2,10,63,3.9,90,5,2024-10-21 22:28:00
459,4909,29,15,18,68,2.1,45,7,2025-05-19 22:41:00
460,4499,55,14,15,67,2.8,120,25,2025-06-29 14:28:00
461,4678,35,1,15,63,3.5,90,9,2024-03-21 17:04:00
462,5040,182,15,20,69,2.9,45,30,2025-04-17 16:55:00
463,4670,36,4,13,66,4.8,90,10,2025-04-11 21:40:00
464,4582,18,13,17,67,2.3,90,10,2025-05-24 20:44:00
465,4933,168,3,17,68,1.6,120,28,2024-07-05 07:04:00
466,4495,52,5,17,69,4.0,60,28,2025-04-09 19:33:00
467,5021,31,17,11,61,3.8,60,7,2025-04-02 22:10:00
468,4806,17,8,24,69,3.9,90,22,2024-03-29 21:47:00
469,4542,62,6,18,65,1.3,90,22,2025-11-27 21:56:00
470,4559,25,9,16,61,4.1,90,20,2025-10-21 07:30:00
471,4492,69,18,12,65,5.0,45,5,2025-02-01 17:32:00
472,4671,75,20,19,67,1.1,45,21,2024-06-18 21:16:00
473,4819,99,16,10,67,4.1,45,28,2025-07-28 16:41:00
474,4566,120,9,16,70,4.4,90,18,2024-05-16 21:54:00
475,4592,198,15,20,61,1.8,90,23,2025-09-15 10:46:00
476,4894,47,14,15,66,1.7,60,10,2025-01-27 16:00:00
477,4863,47,16,10,69,3.0,120,26,2025-06-24 18:04:00
478,4407,143,5,10,61,4.6,90,10,2025-03-09 07:04:00
479,4669,122,4,21,68,2.1,45,20,2024-10-26 21:16:00
480,4754,58,20,17,63,4.3,120,15,2024-11-04 06:30:00
481,5017,161,10,21,66,2.6,90,13,2024-12-17 20:50:00
482,4964,46,13,11,67,2.1,120,11,2025-10-19 06:05:00
483,5043,171,6,17,63,2.5,120,25,2024-04-15 10:49:00
484,4424,111,18,22,62,3.7,45,26,2024-02-07 14:53:00
485,5024,146,7,23,61,2.1,45,26,2025-02-26 16:54:00
486,4725,45,4,18,67,4.3,60,27,2025-03-25 21:50:00
487,4983,106,13,16,65,4.6,60,9,2025-01-31 18:01:00
488,4840,27,19,12,70,1.6,45,22,2025-03-19 19:52:00
489,4415,4,1,18,64,1.6,90,19,2024-08-29 11:52:00
490,4459,2,6,17,61,2.5,120,27,2025-03-21 11:25:00
491,4458,32,15,17,68,5.0,90,12,2024-08-09 19:11:00
492,4899,80,1,20,69,2.9,60,16,2024-10-10 07:38:00
493,4810,168,17,23,64,4.8,60,9,2025-11-16 18:41:00
494,4558,121,9,22,67,3.5,90,19,2024-09-29 10:31:00
495,4793,94,3,20,65,4.5,90,6,2025-11-25 11:41:00
496,4928,121,12,12,65,1.4,120,17,2025-12-05 15:08:00
497,4522,120,17,14,66,1.9,60,30,2025-09-25 18:28:00
498,4382,198,14,21,61,3.9,60,27,2025-12-02 20:32:00
499,4671,86,5,20,67,4.3,90,30,2024-04-13 11:25:00
500,4461,39,1,20,64,4.0,45,7,2025-07-29 16:48:00
501,4792,162,20,24,61,1.8,120,22,2025-02-06 22:50:00
502,4750,160,10,21,65,4.2,90,8,2024-04-28 08:35:00
503,5067,53,10,14,70,1.4,60,14,2024-08-01 08:12:00
504,4404,73,4,24,66,1.1,60,19,2024-10-19 16:10:00
505,4801,90,12,22,66,4.9,45,19,2025-05-09 06:21:00
506,4826,76,7,21,66,4.7,45,13,2024-06-19 21:42:00
507,4619,106,10,21,62,4.3,60,12,2024-05-06 06:29:00
508,4402,105,7,10,67,4.1,45,17,2024-01-21 08:03:00
509,4823,123,1,18,65,2.5,45,12,2025-07-22 19:56:00
510,4904,75,10,11,66,2.3,60,6,2025-10-31 09:36:00
511,4470,191,20,15,69,2.7,45,19,2024-07-17 17:52:00
512,4770,113,19,14,63,2.6,90,10,2025-09-26 20:18:00
513,5095,198,4,20,70,4.2,120,21,2024-11-05 18:56:00
514,4465,23,7,20,62,4.5,45,28,2025-12-15 10:42:00
515,5025,51,4,16,68,2.4,120,10,2025-10-15 18:53:00
516,4577,155,18,24,63,4.9,60,22,2025-07-07 06:39:00
517,5087,92,19,10,69,4.4,60,29,2025-11-08 19:03:00
518,5004,149,1,18,67,3.5,45,19,2025-03-09 06:40:00
519,4387,134,17,11,64,1.6,120,21,2025-05-29 22:27:00
520,4473,186,4,15,68,2.2,120,22,2025-03-20 17:00:00
521,4808,78,11,19,70,4.5,90,12,2025-10-01 20:32:00
522,5090,66,9,21,65,2.7,45,21,2025-03-03 20:38:00
523,4551,123,14,10,70,3.3,120,10,2024-07-16 16:06:00
524,4710,125,5,13,64,1.6,90,16,2025-06-12 08:21:00
525,5081,75,10,20,64,3.5,90,27,2024-06-29 10:30:00
526,4578,19,18,24,69,2.0,120,18,2025-02-03 21:39:00
527,5058,100,12,20,61,1.2,45,19,2024-04-06 13:53:00
528,4413,93,14,14,67,1.4,90,15,2024-04-25 19:37:00
529,5030,148,18,20,69,4.2,60,20,2024-08-15 17:19:00
530,4983,192,1,14,66,4.8,45,6,2024-12-27 18:06:00
531,4695,49,6,12,68,4.5,120,18,2025-11-29 14:33:00
532,4862,176,20,19,63,3.7,60,30,2025-07-19 17:45:00
533,5098,124,18,15,68,2.4,60,25,2025-08-30 10:08:00
534,4849,117,19,24,70,4.2,45,26,2024-12-12 12:59:00
535,4963,115,7,10,68,3.2,60,18,2025-12-15 22:43:00
536,4896,2,1,21,65,1.6,120,14,2024-12-27 14:54:00
537,5013,81,3,10,64,2.6,60,10,2024-05-31 14:16:00
538,4409,10,5,23,62,3.3,60,20,2025-10-18 06:01:00
539,4924,171,13,22,68,2.7,45,29,2024-02-15 11:37:00
540,4844,8,15,15,70,3.8,45,7,2024-07-25 14:09:00
541,4630,120,15,16,70,1.7,120,21,2024-11-27 11:47:00
542,4888,72,13,11,67,1.6,120,6,2024-12-29 17:32:00
543,4461,70,9,22,68,2.3,60,23,2025-11-28 21:15:00
544,4426,64,10,15,69,3.8,45,22,2024-11-08 12:36:00
545,5091,76,2,12,69,3.3,90,11,2025-06-19 11:12:00
546,4785,24,8,10,63,2.2,45,23,2024-02-11 06:11:00
547,5103,160,3,24,65,5.0,60,16,2025-01-29 09:52:00
548,4387,198,17,23,63,2.9,45,18,2025-01-30 11:19:00
549,4734,173,9,12,66,1.8,90,10,2024-02-09 16:11:00
550,4685,138,17,22,65,4.7,45,22,2024-02-19 20:39:00
551,4500,120,10,22,69,4.3,60,15,2024-04-19 09:15:00
552,4460,142,15,15,66,3.7,120,6,2024-04-06 17:28:00
553,4961,3,7,22,67,2.4,120,5,2025-08-06 06:05:00
554,4459,45,13,17,70,1.2,60,19,2024-04-16 12:49:00
555,5052,14,19,15,70,1.8,45,26,2025-11-28 22:35:00
556,4842,26,13,12,65,4.3,90,20,2024-09-29 10:56:00
557,4903,25,10,15,62,2.0,60,26,2025-05-29 18:54:00
558,5030,52,1,13,64,4.6,90,7,2024-05-05 14:58:00
559,4550,198,14,14,69,2.2,60,14,2025-07-24 17:08:00
560,4411,154,3,10,67,2.8,60,12,2024-08-23 08:46:00
561,4797,188,15,16,68,4.4,45,25,2024-07-31 20:03:00
562,4398,165,7,11,69,1.2,45,18,2026-01-08 06:00:00
563,4775,27,11,22,69,2.3,45,18,2024-08-06 11:09:00
564,4606,70,18,16,69,1.8,120,26,2024-04-17 13:51:00
565,4546,44,8,10,69,4.7,90,19,2025-06-10 18:05:00
566,4796,166,9,22,68,4.3,120,13,2024-04-25 19:26:00
567,4642,153,2,24,69,3.3,60,11,2024-06-29 11:24:00
568,4528,159,3,17,70,4.7,45,5,2024-03-30 14:28:00
569,4590,62,13,20,62,4.2,120,28,2024-08-30 15:53:00
570,4828,86,20,21,66,2.4,60,13,2024-12-23 11:10:00
571,4683,189,20,19,66,2.4,90,25,2025-01-21 22:43:00
572,4930,93,8,16,65,3.1,90,17,2025-01-30 12:21:00
573,4623,39,19,21,63,3.4,60,13,2025-04-12 11:05:00
574,4941,37,14,22,68,4.1,45,15,2025-12-03 09:12:00
575,4647,136,6,11,62,3.2,45,23,2025-02-04 07:59:00
576,4478,116,16,12,66,2.4,90,28,2024-03-05 22:41:00
577,4772,9,14,17,67,4.9,120,9,2025-08-10 18:11:00
578,4836,129,6,14,61,2.1,120,30,2025-12-21 16:45:00
579,4383,139,20,10,68,2.3,45,12,2024-04-03 10:33:00
580,4427,200,2,16,68,4.4,90,18,2024-03-15 09:46:00
581,4913,70,11,10,69,2.9,45,27,2025-02-13 16:54:00
582,4683,135,18,11,62,1.3,45,18,2024-07-11 10:48:00
583,4555,53,5,11,68,2.6,45,5,2024-01-22 17:16:00
584,5046,88,14,22,61,3.1,45,29,2025-03-10 17:54:00
585,4981,198,8,15,68,3.5,120,25,2025-08-07 09:10:00
586,4805,199,14,24,65,2.9,120,10,2024-10-10 20:32:00
587,4667,83,4,14,66,1.9,60,10,2024-01-25 15:56:00
588,4793,11,3,12,69,2.8,45,12,2024-12-15 16:27:00
589,4581,12,20,22,65,1.4,60,28,2024-03-10 18:20:00
590,4635,64,16,15,66,3.3,120,9,2024-04-15 20:28:00
591,4814,132,5,21,65,2.4,90,19,2024-09-10 17:48:00
592,4835,7,3,17,66,5.0,60,21,2024-11-05 07:50:00
593,4990,68,8,17,66,4.3,45,10,2024-10-26 15:40:00
594,4545,51,11,24,68,4.2,60,30,2024-01-26 09:47:00
595,4439,166,11,13,64,1.7,60,27,2024-08-01 21:53:00
596,4886,141,12,18,70,3.1,60,21,2024-09-20 09:36:00
597,4508,103,6,17,66,2.1,45,30,2024-09-26 19:55:00
598,4806,194,11,21,68,4.0,120,24,2025-05-16 22:51:00
599,5003,111,9,19,61,2.9,60,20,2025-12-09 19:07:00
600,4541,107,19,10,62,3.3,90,22,2025-02-15 08:03:00
601,5045,59,19,19,66,4.2,90,9,2025-03-21 12:41:00
602,4675,169,9,14,62,4.3,60,24,2024-04-11 13:13:00
603,4663,100,19,24,64,4.6,60,6,2025-04-08 15:22:00
604,4419,179,11,19,67,4.6,90,10,2024-12-28 14:27:00
605,4603,153,9,21,61,4.6,60,5,2025-06-25 11:36:00
606,4618,184,12,18,61,4.9,45,15,2024-05-29 18:07:00
607,4438,52,6,18,64,3.1,60,17,2025-06-22 10:10:00
608,5002,88,5,17,61,1.4,45,13,2024-09-23 10:48:00
609,4651,2,7,14,67,3.3,60,16,2025-01-06 13:26:00
610,5027,135,2,16,66,4.7,60,18,2025-04-15 18:04:00
611,4816,109,14,17,68,1.8,60,9,2025-10-05 21:36:00
612,5050,192,1,18,63,2.9,45,12,2025-01-22 11:34:00
613,4510,130,3,12,67,3.9,45,8,2025-10-19 10:40:00
614,4472,30,4,24,61,3.7,90,14,2024-01-31 22:32:00
615,4815,20,12,15,63,2.5,45,19,2025-02-28 16:49:00
616,4699,123,8,16,65,4.9,90,25,2024-10-16 12:14:00
617,4584,185,4,17,63,2.7,45,9,2025-12-20 11:33:00
618,5019,157,19,21,67,1.7,90,29,2025-02-11 06:33:00
619,4670,125,2,22,62,2.9,90,7,2024-11-20 21:13:00
620,4638,146,20,13,63,1.2,90,24,2025-10-23 06:37:00
621,5086,142,17,21,68,1.7,120,11,2025-08-03 14:55:00
622,4628,134,17,13,63,2.7,90,13,2025-06-20 12:57:00
623,5104,165,11,13,63,4.7,45,22,2024-01-20 11:22:00
624,4808,55,1,20,68,1.0,45,23,2025-01-26 10:22:00
625,5008,129,11,16,66,2.0,90,30,2026-01-15 09:57:00
626,4462,175,14,19,68,1.3,120,10,2025-05-02 08:38:00
627,5030,136,5,23,66,2.4,120,10,2025-09-11 06:58:00
628,4834,28,12,22,64,3.6,120,7,2025-06-20 22:23:00
629,4706,168,5,11,67,4.8,90,8,2024-09-28 15:13:00
630,5004,21,2,20,70,2.5,90,16,2024-04-13 18:48:00
631,4597,78,15,11,63,2.8,120,15,2024-09-11 09:26:00
632,4871,126,3,16,63,1.5,60,21,2025-06-23 22:43:00
633,4690,40,15,12,62,2.9,120,17,2024-10-24 16:07:00
634,4382,85,9,22,67,2.8,120,13,2025-01-17 17:55:00
635,4458,15,19,16,63,2.0,60,29,2024-07-11 20:03:00
636,4762,143,11,12,64,3.3,120,19,2025-06-24 14:01:00
637,4760,75,6,13,65,3.6,60,9,2025-02-13 13:54:00
638,5079,83,17,24,61,4.2,45,20,2025-07-11 13:53:00
639,4945,186,9,22,62,1.5,120,20,2025-12-29 21:36:00
640,5027,200,6,16,65,3.3,90,8,2025-03-11 14:42:00
641,4950,116,3,19,65,2.3,90,28,2024-05-23 20:08:00
642,4442,191,5,24,61,3.2,90,29,2025-07-01 14:07:00
643,4787,193,14,15,61,4.7,90,25,2024-02-16 17:56:00
644,4445,19,2,15,67,2.0,45,6,2025-05-12 13:48:00
645,4947,118,9,20,61,3.0,60,21,2024-02-04 19:49:00
646,4627,173,2,10,61,3.0,60,13,2025-02-07 09:39:00
647,4774,155,13,19,63,3.1,120,28,2025-07-25 08:52:00
648,5088,87,3,16,69,4.4,90,7,2024-12-03 19:23:00
649,4826,125,19,22,64,2.9,45,7,2025-05-29 08:07:00
650,4975,95,7,24,70,2.4,60,21,2024-10-08 21:44:00
651,4814,56,1,19,66,4.4,60,21,2024-08-23 20:05:00
652,4867,20,12,11,61,4.0,60,29,2025-08-20 07:09:00
653,5019,182,11,22,65,1.8,60,7,2024-10-24 17:01:00
654,4737,136,16,22,66,3.7,120,8,2024-04-10 14:55:00
655,4781,173,18,15,61,1.2,120,7,2025-08-20 07:01:00
656,4476,158,13,17,62,4.8,45,26,2024-02-14 15:55:00
657,4382,186,2,17,67,3.4,45,9,2024-06-17 21:32:00
658,4726,1,20,17,62,1.9,120,10,2024-09-12 11:47:00
659,4936,67,17,17,70,1.9,45,24,2024-08-28 17:20:00
660,4945,103,20,15,69,3.8,90,15,2025-01-06 20:25:00
661,4482,50,6,12,67,2.3,45,11,2024-07-10 08:50:00
662,4971,15,20,20,70,3.7,60,23,2024-12-09 06:43:00
663,4388,36,2,23,68,2.4,90,23,2024-08-29 21:20:00
664,4634,9,3,10,70,2.2,60,28,2024-08-03 21:28:00
665,4410,174,15,20,66,4.2,45,19,2024-12-27 20:40:00
666,4805,5,16,10,62,1.3,60,8,2025-11-12 21:21:00
667,4653,71,13,12,63,1.9,45,15,2025-09-08 13:13:00
668,4451,99,11,23,61,2.0,120,24,2025-01-28 18:03:00
669,4721,22,2,17,67,1.8,45,23,2025-04-04 09:19:00
670,4947,157,13,15,63,3.5,120,19,2024-01-29 14:48:00
671,4691,108,16,21,69,1.5,60,5,2025-01-01 19:52:00
672,4442,73,4,20,66,1.3,60,12,2024-11-13 17:07:00
673,4897,124,9,15,70,4.1,60,13,2025-09-15 19:30:00
674,5100,91,16,21,67,1.8,60,12,2025-01-31 22:24:00
675,4804,189,6,21,66,3.1,60,12,2025-09-07 11:12:00
676,4690,24,5,16,64,1.1,120,14,2024-10-18 20:00:00
677,4390,108,16,22,66,2.6,45,8,2025-02-10 19:14:00
678,5086,161,20,14,63,4.9,60,8,2024-03-30 15:16:00
679,4676,162,20,16,64,2.2,60,22,2024-08-27 15:06:00
680,4525,74,8,19,63,3.6,45,23,2025-10-11 13:36:00
681,4486,108,4,20,67,1.9,120,9,2025-05-05 20:08:00
682,4578,149,11,13,70,3.9,60,19,2024-09-12 15:35:00
683,4995,29,11,16,68,3.2,60,18,2024-05-22 22:13:00
684,4721,133,17,24,67,2.9,60,29,2024-09-11 09:20:00
685,4688,114,17,23,68,1.2,90,20,2025-07-03 20:56:00
686,4697,158,4,12,61,2.1,60,21,2024-08-03 07:38:00
687,4856,40,20,21,66,4.4,120,19,2024-01-28 20:59:00
688,5010,70,13,15,69,4.6,45,15,2025-11-02 21:18:00
689,4958,166,5,18,64,1.9,45,17,2025-05-16 20:55:00
690,4879,94,5,14,69,2.2,90,30,2024-05-22 19:15:00
691,4919,7,1,24,69,4.0,120,26,2025-07-27 11:07:00
692,4521,27,4,13,69,3.3,120,18,2024-12-10 16:28:00
693,4727,81,14,16,68,4.4,60,6,2025-10-02 16:47:00
694,4453,77,9,17,61,2.7,90,8,2025-06-04 07:36:00
695,4469,2,8,11,61,4.7,120,5,2025-01-06 14:12:00
696,4425,100,17,23,64,4.2,45,25,2024-04-03 11:48:00
697,4659,78,12,23,66,1.9,60,9,2024-08-10 08:31:00
698,4734,128,17,11,66,4.1,120,10,2025-02-17 14:44:00
699,4952,145,10,17,64,4.3,90,15,2025-08-14 16:13:00
700,4421,20,12,20,66,4.2,90,20,2025-11-01 10:15:00
701,4570,149,11,12,67,2.6,45,29,2024-10-14 15:41:00
702,4654,1,8,20,61,3.4,60,12,2025-01-27 14:28:00
703,4871,34,18,23,63,2.4,45,30,2025-05-11 19:00:00
704,4658,153,1,10,68,3.2,60,7,2025-11-16 20:17:00
705,4780,153,15,16,64,2.8,120,29,2025-01-14 17:12:00
706,4585,109,20,14,61,3.2,90,26,2026-01-09 17:17:00
707,4882,106,19,19,62,2.3,90,8,2024-05-29 18:08:00
708,5021,195,6,20,64,1.3,120,29,2024-09-06 17:03:00
709,4524,126,1,20,69,2.8,120,11,2025-03-15 21:50:00
710,5085,61,11,18,62,1.5,120,29,2025-02-11 06:03:00
711,4598,131,18,12,66,1.4,120,16,2025-03-17 12:07:00
712,4546,184,15,11,70,3.8,45,7,2025-02-20 21:23:00
713,4782,146,19,12,65,4.7,45,28,2024-01-23 12:30:00
714,4818,48,4,17,67,1.8,90,7,2024-10-31 21:31:00
715,4456,198,20,17,63,2.9,45,26,2025-02-23 18:50:00
716,4464,160,7,15,65,4.1,60,21,2024-09-20 12:57:00
717,4872,111,20,17,69,2.5,45,20,2025-07-05 17:22:00
718,5072,155,4,15,67,1.7,60,16,2024-09-21 11:20:00
719,4636,8,13,21,68,3.9,45,15,2024-03-14 19:37:00
720,5091,98,2,21,67,3.2,120,26,2025-03-05 13:51:00
721,4834,191,10,15,63,3.1,45,28,2025-07-08 11:14:00
722,4948,172,12,22,65,1.5,90,21,2025-01-01 11:22:00
723,4546,11,16,22,61,2.8,60,30,2024-11-07 07:07:00
724,4795,158,12,20,70,2.0,120,10,2025-04-17 07:52:00
725,4736,200,19,19,64,1.3,90,16,2025-11-30 10:24:00
726,4915,136,8,13,70,4.2,90,18,2025-10-04 08:17:00
727,5088,113,12,19,63,4.8,90,11,2026-01-12 07:49:00
728,4753,41,18,23,66,1.5,120,14,2025-11-01 20:21:00
729,4918,151,5,17,69,1.7,120,18,2025-09-21 10:07:00
730,4411,29,1,19,65,4.2,120,19,2024-09-03 12:40:00
731,5101,198,13,24,61,2.9,90,17,2024-07-27 17:51:00
732,4882,2,10,14,68,4.5,120,14,2024-04-26 14:13:00
733,4420,14,18,10,62,3.4,60,15,2024-09-06 16:06:00
734,5020,56,13,12,61,2.6,60,20,2025-11-16 21:27:00
735,4408,54,13,16,65,1.2,45,24,2024-09-09 12:17:00
736,4922,141,9,21,66,1.1,60,18,2024-12-19 22:57:00
737,4534,123,14,19,68,1.7,90,23,2025-01-13 21:47:00
738,4844,187,20,23,68,4.5,60,7,2024-05-31 13:00:00
739,5052,187,16,16,66,4.3,90,26,2024-06-04 06:48:00
740,5106,42,2,12,70,3.2,60,6,2025-06-17 12:40:00
741,4745,190,5,17,68,3.0,60,25,2025-05-27 19:22:00
742,4475,190,3,24,61,1.5,45,23,2024-07-29 13:32:00
743,4453,178,6,22,68,3.4,90,28,2025-11-21 09:14:00
744,4536,142,20,14,64,4.3,45,27,2025-12-29 16:29:00
745,4781,65,11,24,63,1.4,120,23,2025-06-07 11:50:00
746,4872,52,4,20,70,1.8,90,23,2024-09-06 20:32:00
747,5081,102,5,19,67,4.7,120,9,2024-08-18 12:00:00
748,4987,173,14,20,68,3.3,90,29,2024-08-31 07:40:00
749,4782,115,6,20,62,1.7,45,26,2025-04-29 10:21:00
750,4799,46,2,20,68,3.2,90,5,2024-06-18 07:37:00
751,4826,175,20,11,61,4.2,60,9,2025-06-25 08:42:00
752,4886,157,9,21,61,1.8,45,30,2024-06-06 12:50:00
753,4797,121,8,19,61,1.1,120,19,2025-11-14 09:59:00
754,5008,71,5,19,68,4.2,120,14,2025-06-12 07:22:00
755,4602,151,8,10,69,1.1,60,6,2025-08-10 16:27:00
756,4893,190,14,24,61,3.5,120,12,2025-12-20 09:42:00
757,4569,130,5,11,63,1.3,60,29,2024-10-01 10:48:00
758,4626,108,4,18,70,1.9,60,27,2024-09-03 08:57:00
759,4911,138,19,23,65,4.4,90,11,2024-12-24 14:54:00
760,4698,161,7,19,68,1.0,45,18,2025-01-04 21:02:00
761,4894,87,4,16,70,3.7,120,28,2025-02-19 08:44:00
762,4797,5,10,12,67,4.6,90,8,2024-01-22 15:13:00
763,4834,106,16,11,66,2.0,45,20,2024-12-07 15:56:00
764,4836,162,5,15,66,1.6,60,27,2025-06-11 09:04:00
765,4758,8,18,23,68,2.4,60,23,2025-08-05 21:59:00
766,4419,71,7,20,68,5.0,90,11,2024-05-31 12:39:00
767,4987,56,17,22,62,1.2,120,17,2025-02-06 13:25:00
768,4731,166,8,23,67,5.0,90,30,2024-08-13 08:45:00
769,4454,16,18,11,67,4.4,45,29,2024-03-02 17:06:00
770,4939,35,13,17,67,4.1,45,11,2025-03-02 09:06:00
771,4548,162,15,23,64,4.7,45,14,2024-06-05 12:23:00
772,4494,162,16,15,61,2.2,60,19,2025-10-19 06:06:00
773,4564,70,18,10,61,4.6,90,7,2024-06-07 20:42:00
774,4666,80,3,21,67,2.7,45,15,2024-01-20 18:26:00
775,4477,4,9,10,66,3.9,45,8,2025-10-21 06:28:00
776,4468,36,10,20,67,2.9,45,29,2024-08-18 20:20:00
777,4786,110,3,19,68,4.1,120,26,2025-02-21 17:49:00
778,4681,52,12,15,68,2.8,60,18,2024-06-11 08:02:00
779,4859,35,1,10,67,1.7,120,8,2025-10-12 22:29:00
780,4960,5,5,16,68,2.1,90,7,2024-06-01 11:41:00
781,4987,125,16,18,69,1.2,90,12,2024-11-20 22:41:00
782,4684,69,16,12,62,2.8,45,25,2025-06-04 16:34:00
783,4964,100,14,14,67,2.8,90,27,2025-05-14 11:22:00
784,4603,43,19,23,66,1.8,60,29,2024-01-23 06:06:00
785,4751,90,5,20,67,2.4,60,10,2024-06-07 12:57:00
786,4582,11,5,12,63,3.3,120,12,2025-05-12 07:45:00
787,4854,61,9,23,69,4.5,90,7,2025-09-26 13:58:00
788,4434,145,2,24,63,2.7,60,20,2024-02-08 12:48:00
789,4807,152,6,20,62,2.5,90,17,2025-04-05 08:34:00
790,4705,88,20,21,66,4.2,45,5,2025-03-07 18:46:00
791,4508,170,13,12,70,4.5,60,17,2025-09-06 18:45:00
792,4780,164,19,14,67,1.1,120,26,2024-07-28 21:10:00
793,4679,73,15,16,69,4.7,90,9,2025-04-24 19:47:00
794,4621,142,17,19,69,2.6,120,18,2025-01-26 10:22:00
795,4929,112,12,14,66,1.4,60,30,2024-03-27 16:34:00
796,4487,39,8,12,64,2.4,60,7,2025-12-23 14:40:00
797,4558,71,7,19,65,1.2,120,10,2025-04-11 08:21:00
798,4838,92,20,13,70,3.2,120,14,2025-11-24 19:06:00
799,4960,27,12,12,62,1.6,45,12,2024-08-08 10:53:00
800,4879,40,14,11,61,4.2,90,5,2024-09-15 21:24:00
801,4665,198,9,20,67,1.9,90,24,2024-09-11 20:18:00
802,4645,82,13,11,68,4.7,90,26,2025-01-06 16:37:00
803,4960,194,11,15,69,1.7,45,14,2025-12-26 22:30:00
804,4709,39,7,20,64,1.8,120,11,2026-01-02 12:52:00
805,4471,141,16,17,70,1.3,60,13,2024-09-15 16:17:00
806,4450,36,3,13,62,2.6,60,16,2025-11-04 11:56:00
807,4807,187,3,17,68,1.6,60,26,2024-03-20 20:27:00
808,4652,15,14,13,67,3.5,90,6,2024-02-28 19:29:00
809,4442,157,19,10,66,1.4,90,15,2025-04-20 13:18:00
810,5055,138,15,12,68,2.7,45,7,2025-07-14 15:39:00
811,4516,38,2,18,65,4.9,60,30,2024-12-22 16:47:00
812,4681,111,17,12,66,2.5,120,6,2024-03-08 09:23:00
813,4623,43,5,14,69,3.0,45,18,2025-01-06 17:33:00
814,5014,134,5,22,70,4.4,90,28,2024-12-28 12:06:00
815,4493,78,18,10,65,3.0,60,8,2024-03-05 18:57:00
816,4755,32,16,24,61,3.3,60,7,2025-05-26 08:11:00
817,5059,54,1,14,65,3.2,90,14,2024-04-30 13:47:00
818,5056,138,18,19,61,2.8,60,20,2025-05-07 07:29:00
819,4494,33,11,17,63,3.2,60,30,2024-04-16 21:27:00
820,4826,194,3,21,66,3.6,45,8,2025-04-14 12:49:00
821,4971,177,18,18,63,2.4,45,23,2024-09-29 21:16:00
822,4677,57,1,14,61,3.1,120,28,2025-06-04 17:11:00
823,5072,20,19,16,68,2.1,90,27,2026-01-11 15:02:00
824,4679,101,16,16,67,4.2,90,25,2025-11-03 21:20:00
825,4581,60,16,14,64,3.0,60,21,2025-03-09 14:37:00
826,4953,161,12,10,69,2.3,120,5,2024-03-29 08:34:00
827,5074,53,12,14,68,4.2,45,17,2024-08-06 06:37:00
828,4922,68,11,13,69,1.5,45,25,2024-08-20 14:50:00
829,4532,56,19,22,69,4.3,60,14,2024-12-19 15:18:00
830,4712,24,16,13,63,4.8,60,25,2025-09-17 08:44:00
831,4739,96,8,23,66,3.4,45,22,2026-01-06 11:15:00
832,4679,29,9,17,62,2.0,60,15,2025-03-23 09:18:00
833,4631,155,17,12,67,4.5,45,10,2024-09-18 22:27:00
834,4632,29,13,22,62,3.2,45,5,2024-05-27 07:22:00
835,4564,59,20,19,68,3.0,90,14,2025-05-02 06:42:00
836,4722,176,3,11,65,3.1,60,16,2025-05-05 11:28:00
837,4706,180,6,14,63,2.1,60,28,2024-07-04 19:18:00
838,4984,83,1,12,66,3.4,60,16,2024-05-19 17:38:00
839,4927,50,12,11,62,4.9,60,6,2025-08-10 09:03:00
840,4498,56,13,19,64,4.3,120,11,2024-05-07 18:38:00
841,4990,102,18,16,68,1.7,45,20,2024-06-10 12:07:00
842,4412,180,4,14,62,2.5,45,13,2024-09-15 14:24:00
843,4472,151,14,16,69,2.6,120,17,2024-11-04 08:32:00
844,5061,121,11,15,68,1.7,60,21,2025-06-28 21:56:00
845,4807,189,16,19,61,3.2,120,13,2025-10-05 13:51:00
846,4781,178,9,15,67,4.8,90,14,2025-10-14 06:57:00
847,5051,97,8,22,64,2.5,60,12,2025-06-09 16:30:00
848,5086,147,20,10,61,3.0,45,13,2025-01-14 13:17:00
849,4679,83,17,22,70,1.2,60,15,2024-11-19 12:18:00
850,4838,116,15,15,65,3.7,120,15,2025-08-04 06:03:00
851,4896,116,2,20,67,3.2,45,16,2025-10-10 11:57:00
852,4388,89,20,13,68,4.9,60,12,2025-11-29 21:11:00
853,4889,58,12,17,70,2.0,120,28,2025-10-21 20:11:00
854,5087,152,19,21,61,4.0,90,11,2024-07-20 22:30:00
855,4751,197,20,10,64,4.4,120,12,2025-12-19 09:55:00
856,5065,110,3,22,65,4.8,120,7,2025-02-12 15:32:00
857,4394,92,20,12,64,3.1,90,24,2024-06-19 21:56:00
858,4684,96,20,20,68,1.8,120,11,2024-02-23 20:17:00
859,4626,87,17,13,64,2.6,60,24,2024-04-07 20:39:00
860,4930,183,20,21,64,3.7,45,29,2025-08-25 21:38:00
861,4667,114,19,11,63,3.8,45,6,2024-05-23 18:47:00
862,4793,168,20,16,62,4.5,60,9,2024-02-11 17:28:00
863,4744,11,11,13,65,4.9,45,11,2025-10-03 11:20:00
864,4583,109,19,13,68,1.2,120,21,2024-07-14 07:00:00
865,4762,38,1,10,67,3.1,90,12,2024-09-24 19:26:00
866,4873,56,19,15,66,4.3,45,17,2026-01-16 21:05:00
867,4732,17,9,22,68,4.3,45,25,2024-04-20 21:54:00
868,4873,64,19,17,64,4.1,120,5,2026-01-01 07:34:00
869,4578,181,9,22,69,1.9,60,20,2025-12-31 20:31:00
870,4558,141,4,11,67,1.2,90,9,2024-11-23 16:40:00
871,4416,97,13,20,69,2.9,60,19,2024-01-29 11:38:00
872,4884,44,9,10,67,4.6,60,25,2025-05-08 15:25:00
873,4768,90,7,21,67,1.3,90,13,2025-04-20 06:09:00
874,4504,68,7,13,65,2.3,45,7,2024-09-12 19:44:00
875,4467,74,8,19,68,1.1,45,13,2025-02-16 13:13:00
876,4818,46,1,14,68,1.7,90,20,2025-01-11 09:02:00
877,4920,25,10,19,63,2.9,45,14,2025-06-11 16:42:00
878,4658,55,6,13,68,3.6,45,27,2024-07-24 11:43:00
879,4863,147,18,17,65,2.0,45,20,2026-01-09 19:29:00
880,4577,45,3,17,66,4.8,60,21,2026-01-06 19:21:00
881,4553,40,6,17,61,3.5,90,30,2024-07-11 19:28:00
882,4561,62,16,16,63,4.1,45,8,2025-02-18 13:35:00
883,4962,154,9,10,65,3.4,45,17,2025-09-01 19:56:00
884,4391,86,2,21,70,1.5,90,8,2025-05-29 22:29:00
885,4660,94,15,12,69,3.7,120,24,2025-06-20 14:32:00
886,4840,24,12,24,66,3.6,45,20,2025-11-23 13:56:00
887,4840,51,3,18,69,4.5,120,21,2024-11-16 15:56:00
888,4994,184,3,19,67,1.0,45,22,2025-03-22 21:07:00
889,4775,1,9,15,66,4.7,90,14,2025-06-29 06:58:00
890,4532,6,4,19,64,4.1,60,12,2025-08-18 13:02:00
891,4824,188,14,11,68,3.9,120,26,2024-05-20 19:50:00
892,4430,97,7,19,66,2.5,120,12,2024-06-18 08:44:00
893,4935,161,18,17,64,1.5,90,15,2024-07-04 12:58:00
894,4763,153,3,16,69,4.7,120,28,2025-05-23 11:48:00
895,4872,52,18,15,67,3.1,120,30,2024-12-22 16:59:00
896,4515,91,4,10,63,3.8,45,12,2025-01-15 16:17:00
897,4911,38,18,22,65,2.2,90,7,2025-03-08 16:09:00
898,5097,149,7,19,62,4.3,90,28,2025-11-10 11:24:00
899,4896,47,1,13,67,4.3,60,9,2025-05-04 10:09:00
900,4580,110,16,24,69,1.9,45,20,2025-11-10 14:52:00
901,4983,181,13,12,70,2.9,120,11,2025-05-08 11:24:00
902,5064,150,20,13,61,3.0,45,25,2024-05-17 07:44:00
903,4967,50,2,12,64,1.2,45,14,2024-04-21 18:27:00
904,5024,79,17,20,70,2.4,60,13,2025-10-20 16:34:00
905,4399,177,18,23,62,4.6,45,28,2025-05-06 09:47:00
906,4647,58,16,19,69,3.9,90,20,2025-08-12 17:50:00
907,4527,68,14,11,65,4.5,120,9,2025-06-26 22:46:00
908,5086,10,6,22,69,3.9,90,25,2024-03-19 11:50:00
909,4810,70,16,11,66,2.7,90,19,2024-07-20 11:58:00
910,4662,73,5,23,64,4.7,90,10,2025-07-27 11:41:00
911,4991,98,19,23,69,4.1,60,25,2025-03-08 10:25:00
912,5095,35,5,20,66,4.4,90,14,2025-08-19 21:58:00
913,5029,111,18,10,69,2.2,45,29,2024-06-24 12:13:00
914,4887,200,15,17,66,4.2,60,14,2025-05-29 06:59:00
915,4966,171,3,20,63,2.7,120,12,2025-11-29 21:23:00
916,4432,1,4,23,62,1.2,45,19,2024-09-08 17:42:00
917,4953,199,2,15,66,4.3,60,18,2025-07-02 18:36:00
918,4926,98,13,21,67,2.1,45,12,2024-09-22 11:52:00
919,4817,195,12,11,62,1.5,90,29,2024-06-03 21:59:00
920,4850,173,10,14,69,3.1,45,27,2025-04-24 17:06:00
921,4977,186,7,17,63,4.4,120,12,2024-05-18 10:06:00
922,4681,71,19,14,61,4.2,60,14,2024-09-20 11:12:00
923,4752,50,19,24,65,1.9,90,29,2024-08-31 15:13:00
924,4395,60,16,20,61,3.6,45,15,2025-05-10 16:10:00
925,4771,106,9,16,67,2.0,60,30,2025-04-09 14:40:00
926,4909,107,8,17,61,3.1,90,18,2025-10-29 19:39:00
927,4426,167,10,17,67,2.0,60,28,2026-01-03 15:56:00
928,4814,76,19,10,64,3.1,90,24,2024-11-11 14:01:00
929,4515,26,17,15,64,1.2,90,19,2025-11-28 19:40:00
930,4712,33,10,11,61,1.6,120,29,2025-09-23 15:07:00
931,4760,64,8,19,61,4.0,45,18,2025-10-21 20:24:00
932,4492,104,2,22,65,4.3,120,20,2025-11-27 11:24:00
933,4814,117,8,13,61,2.9,60,26,2024-07-14 15:28:00
934,4658,8,10,17,61,5.0,120,8,2025-07-12 22:22:00
935,4753,49,9,17,64,3.4,45,6,2025-06-29 07:34:00
936,4451,141,1,17,66,4.3,60,27,2024-06-30 11:24:00
937,5106,142,10,23,67,1.8,45,12,2024-03-24 10:29:00
938,5105,174,20,10,61,2.4,120,29,2025-02-10 07:02:00
939,5045,174,13,12,68,1.7,120,24,2025-02-04 08:08:00
940,5090,41,20,13,67,4.3,90,5,2025-01-02 09:12:00
941,4528,98,3,12,64,2.6,60,8,2024-11-29 06:57:00
942,4915,102,7,23,70,3.3,90,15,2024-05-04 06:12:00
943,4651,131,1,14,69,1.5,120,29,2024-08-30 22:07:00
944,4400,32,20,15,61,2.4,45,28,2025-06-20 22:33:00
945,4896,82,4,15,69,4.4,120,28,2025-08-31 18:05:00
946,4446,21,2,19,63,4.0,120,19,2025-08-26 22:54:00
947,4616,153,13,14,62,1.5,60,20,2024-03-29 20:05:00
948,5060,196,16,16,64,3.5,60,10,2025-09-09 07:24:00
949,4828,27,18,23,67,3.9,120,21,2024-06-29 20:07:00
950,4418,169,13,11,68,1.4,90,29,2024-10-07 15:13:00
951,4390,23,18,20,69,1.4,45,9,2024-03-11 20:13:00
952,4998,106,11,22,66,1.3,45,14,2024-12-18 09:55:00
953,4665,126,19,12,63,3.1,60,29,2025-11-02 21:40:00
954,4627,112,6,15,61,1.8,45,8,2024-09-05 11:34:00
955,5081,108,12,12,66,1.0,60,17,2025-07-27 15:30:00
956,4554,68,15,23,61,3.9,45,15,2024-07-29 09:15:00
957,5079,146,4,12,61,4.7,90,18,2024-04-26 14:00:00
958,4437,166,20,20,65,4.3,45,30,2024-05-02 22:22:00
959,5034,139,12,22,62,2.6,45,14,2025-04-11 06:07:00
960,4482,182,9,23,64,4.8,90,21,2024-07-01 19:09:00
961,5041,119,6,15,68,3.2,60,19,2025-12-22 18:39:00
962,4826,81,9,19,67,2.5,120,15,2025-04-29 18:42:00
963,4831,48,13,18,63,4.5,60,20,2025-03-16 20:37:00
964,4960,72,15,13,67,2.4,90,27,2025-05-03 06:59:00
965,4545,35,15,16,61,2.2,120,15,2024-07-14 07:28:00
966,5085,104,6,21,66,4.8,60,29,2024-08-08 13:09:00
967,4618,78,19,10,70,2.8,60,9,2024-09-30 15:31:00
968,4626,108,5,23,68,3.0,90,9,2024-11-10 17:32:00
969,5040,179,10,10,70,2.9,60,26,2025-05-30 17:22:00
970,4389,172,14,15,68,3.3,45,24,2025-12-28 21:22:00
971,4985,47,10,11,63,1.1,90,16,2024-12-10 09:54:00
972,5059,142,19,11,69,1.9,90,10,2025-05-15 19:52:00
973,4591,80,5,20,70,2.1,45,14,2025-02-03 13:22:00
974,4727,183,15,19,66,3.2,90,17,2025-08-05 18:22:00
975,4442,96,10,12,64,3.7,60,22,2025-12-06 16:41:00
976,5057,102,19,11,69,4.0,60,18,2024-09-03 22:02:00
977,4869,148,19,17,70,4.1,90,20,2025-09-25 22:09:00
978,4885,53,19,19,68,1.8,120,9,2024-08-16 16:47:00
979,4406,46,12,16,65,3.5,60,26,2024-07-31 12:24:00
980,4612,40,18,18,67,2.9,120,9,2025-02-28 13:33:00
981,4495,167,3,16,61,1.2,60,28,2025-05-05 15:40:00
982,4869,73,9,11,69,1.7,60,30,2024-01-26 20:06:00
983,4490,131,17,17,61,4.3,90,23,2024-10-28 14:31:00
984,4782,77,7,19,68,1.7,60,21,2024-01-22 10:02:00
985,4480,159,16,14,70,3.9,60,8,2024-06-04 06:05:00
986,5080,2,8,16,62,3.4,120,28,2024-12-19 15:45:00
987,4554,129,2,14,66,1.1,120,26,2025-11-02 09:31:00
988,4923,49,1,19,68,3.5,60,12,2024-03-17 20:08:00
989,5049,13,12,17,69,3.9,90,27,2025-10-14 08:36:00
990,5082,31,8,24,70,4.2,120,20,2025-07-20 14:59:00
991,4862,6,11,21,69,4.7,90,12,2025-05-20 08:11:00
992,5085,57,4,20,64,4.5,45,9,2025-09-29 10:42:00
993,5047,187,10,20,69,2.3,45,24,2024-10-28 19:56:00
994,4853,42,15,19,64,4.1,120,13,2024-06-15 19:38:00
995,4608,76,19,21,68,4.1,90,14,2025-09-17 21:56:00
996,4768,176,4,20,65,4.2,120,16,2025-10-27 15:01:00
997,4670,51,8,24,61,1.5,90,20,2025-11-02 15:31:00
998,4877,153,18,16,61,3.1,45,29,2025-03-12 16:53:00
999,4876,59,17,24,65,1.3,45,10,2024-10-04 12:13:00
1000,4930,125,3,24,63,4.9,90,12,2024-04-20 19:44:00
1001,4659,153,12,16,67,1.9,45,26,2025-06-02 10:11:00
1002,4768,47,7,13,69,1.1,90,10,2025-06-17 10:13:00
1003,4598,109,19,19,66,4.6,60,20,2025-07-03 21:42:00
1004,4867,164,17,22,62,2.3,60,11,2024-02-14 11:15:00
1005,4854,95,5,22,69,1.0,60,27,2024-02-26 19:05:00
1006,5016,43,8,12,66,1.4,45,28,2024-10-10 11:24:00
1007,4630,125,2,15,65,3.0,120,8,2025-04-27 20:36:00
1008,4614,71,13,15,63,3.8,60,14,2024-05-08 17:16:00
1009,4722,34,7,15,69,2.7,60,13,2024-01-18 21:12:00
1010,4808,149,3,15,61,3.1,120,27,2025-07-23 13:07:00
1011,4855,123,3,15,63,2.3,90,5,2025-02-19 18:38:00
1012,5056,45,2,16,68,1.3,90,10,2025-06-17 21:57:00
1013,5105,114,13,22,66,2.3,120,7,2025-05-22 09:16:00
1014,4956,191,11,13,70,3.1,60,13,2025-09-23 13:36:00
1015,4513,100,13,15,61,4.2,60,21,2025-07-13 08:41:00
1016,4670,141,17,15,62,3.7,45,24,2025-10-28 21:38:00
1017,5059,117,10,21,67,4.4,45,11,2025-12-12 11:21:00
1018,4911,15,2,24,61,3.0,60,9,2024-11-17 07:09:00
1019,4541,89,2,12,65,4.9,90,11,2024-02-17 22:39:00
1020,4845,172,16,19,69,4.7,60,29,2025-09-04 21:40:00
1021,4673,193,3,17,65,1.2,90,9,2024-06-26 21:34:00
1022,4995,138,13,22,65,1.9,120,6,2025-03-03 21:54:00
1023,4502,65,13,22,70,4.6,90,21,2024-10-09 13:11:00
1024,5079,154,3,14,61,3.2,120,26,2026-01-01 12:21:00
1025,5095,17,4,24,65,2.2,90,7,2025-06-25 22:01:00
1026,4839,91,17,11,61,3.6,45,22,2025-08-07 19:45:00
1027,5106,81,1,20,66,3.4,90,26,2025-12-28 09:17:00
1028,4845,94,1,23,61,3.3,45,10,2024-07-13 20:16:00
1029,4730,192,19,14,66,3.1,60,9,2024-03-17 06:32:00
1030,4624,19,5,16,65,3.1,45,30,2025-02-20 07:32:00
1031,4934,171,9,23,69,4.1,90,9,2024-04-03 10:00:00
1032,4849,187,1,16,69,3.9,120,26,2024-07-07 15:38:00
1033,4667,141,3,17,70,2.3,45,21,2024-04-27 09:00:00
1034,4689,178,3,16,61,1.5,90,12,2025-02-02 09:07:00
1035,4901,110,2,10,70,1.5,60,7,2024-11-21 17:15:00
1036,4718,78,8,17,70,2.8,90,13,2024-09-07 10:33:00
1037,4819,189,7,21,64,3.9,45,10,2024-12-12 16:00:00
1038,4652,158,10,19,62,1.7,60,5,2025-08-31 17:07:00
1039,5054,155,5,19,64,2.7,45,8,2025-04-20 21:00:00
1040,4950,53,3,24,67,2.9,45,11,2024-09-22 15:29:00
1041,4613,142,10,11,67,1.9,90,23,2025-04-26 08:24:00
1042,4568,157,19,20,66,1.7,90,30,2025-04-14 08:27:00
1043,4664,147,6,11,68,4.1,45,29,2024-09-05 21:28:00
1044,4563,109,11,22,65,1.5,60,19,2025-07-14 22:58:00
1045,5075,12,16,19,68,2.7,90,30,2025-09-12 11:44:00
1046,4580,157,8,12,61,4.1,90,24,2024-11-20 19:29:00
1047,5069,185,3,22,61,3.1,45,5,2025-12-16 06:13:00
1048,4971,120,16,21,64,1.8,60,21,2024-12-28 19:34:00
1049,4826,53,6,23,63,2.7,90,24,2024-07-15 18:37:00
1050,4455,160,6,15,62,1.5,90,9,2024-11-16 13:58:00
1051,4518,111,14,11,61,2.9,120,19,2025-05-25 06:39:00
1052,4432,155,11,12,65,2.1,120,5,2024-06-04 13:59:00
1053,4473,133,18,17,69,2.1,120,29,2025-10-14 18:48:00
1054,4656,88,19,20,69,1.4,45,18,2025-10-16 16:05:00
1055,4878,129,9,23,64,2.8,60,27,2025-11-24 09:44:00
1056,4810,88,16,17,67,2.8,45,24,2024-06-04 20:19:00
1057,4415,105,5,23,70,1.6,120,9,2024-11-12 12:27:00
1058,5035,176,1,16,62,4.6,45,29,2024-09-06 20:20:00
1059,4483,76,20,19,68,3.5,45,25,2025-07-12 16:47:00
1060,4616,86,4,21,69,4.5,45,26,2024-02-10 10:11:00
1061,5069,66,5,12,66,2.5,90,30,2025-06-03 19:45:00
1062,4731,12,7,21,64,1.4,45,23,2025-12-25 10:55:00
1063,4483,193,7,15,68,3.5,120,10,2024-06-14 16:18:00
1064,4827,169,2,15,61,3.9,90,24,2024-05-29 22:29:00
1065,4708,106,15,21,65,4.1,60,24,2025-05-12 20:37:00
1066,5035,46,10,24,61,5.0,90,9,2025-05-08 22:19:00
1067,4782,192,14,20,68,1.6,60,19,2026-01-12 17:30:00
1068,4544,5,12,21,65,1.3,90,10,2024-10-31 07:38:00
1069,5010,137,12,13,69,3.1,60,5,2024-08-22 12:47:00
1070,4947,14,18,15,70,4.5,90,19,2025-11-20 12:08:00
1071,4557,196,10,17,69,1.4,120,30,2024-11-12 14:32:00
1072,4608,179,3,22,64,4.0,90,20,2025-03-07 07:21:00
1073,4563,10,18,16,67,2.9,60,17,2024-09-19 07:21:00
1074,4578,93,12,21,63,3.0,90,25,2025-11-09 11:17:00
1075,4683,109,18,18,61,3.7,90,8,2024-08-23 11:41:00
1076,4789,116,14,13,65,4.8,90,8,2024-03-27 17:09:00
1077,4421,7,6,24,66,4.0,90,27,2025-02-21 08:22:00
1078,4661,24,14,19,69,2.7,120,12,2024-10-16 22:13:00
1079,4561,193,7,11,63,4.8,120,29,2025-10-12 13:20:00
1080,4625,92,7,14,63,4.2,90,6,2024-07-05 06:21:00
1081,4570,74,13,19,64,2.9,90,7,2025-10-27 15:40:00
1082,4629,76,7,18,63,3.6,60,19,2024-06-30 17:51:00
1083,5000,195,2,12,68,4.2,60,26,2024-12-01 06:24:00
1084,4583,156,9,21,67,2.2,120,8,2025-01-16 11:51:00
1085,4442,26,8,12,64,3.8,90,8,2024-04-30 13:03:00
1086,5053,57,4,17,68,4.6,120,27,2024-06-28 07:33:00
1087,4664,109,4,23,62,2.0,120,14,2025-03-20 17:33:00
1088,4914,18,19,21,63,2.3,90,28,2024-04-28 08:46:00
1089,4635,154,1,20,67,3.4,60,17,2024-06-09 15:39:00
1090,4485,115,13,23,63,3.8,45,18,2024-06-06 10:09:00
1091,4538,64,10,10,64,1.8,60,16,2024-11-02 17:43:00
1092,4769,22,11,12,61,4.4,90,23,2025-10-28 06:52:00
1093,4728,154,11,12,67,4.0,45,28,2025-01-21 16:04:00
1094,4818,28,2,18,70,3.4,120,8,2024-11-10 14:57:00
1095,4802,27,2,16,66,2.7,45,9,2025-03-03 22:01:00
1096,4716,186,2,23,61,1.1,90,13,2024-05-19 07:19:00
1097,4451,69,18,13,70,4.6,45,10,2024-07-05 09:34:00
1098,4672,67,1,16,70,1.6,45,27,2025-06-09 12:46:00
1099,4498,162,18,20,65,2.0,60,17,2024-02-25 11:32:00
1100,5042,101,7,19,70,1.3,90,9,2025-10-07 06:50:00
1101,4723,146,11,20,68,4.9,45,9,2024-06-05 09:40:00
1102,4868,124,17,20,65,4.2,45,24,2024-09-14 21:19:00
1103,4420,58,1,12,67,3.7,45,13,2025-03-14 10:33:00
1104,4930,143,15,22,65,2.3,90,21,2024-08-17 22:03:00
1105,4519,137,17,10,69,4.3,120,13,2025-11-18 07:49:00
1106,4711,12,19,19,62,4.6,120,10,2025-07-09 06:52:00
1107,4921,106,15,15,65,1.9,90,9,2024-09-01 13:16:00
1108,4437,52,12,13,68,1.1,120,29,2024-02-17 12:58:00
1109,4484,193,20,10,67,2.2,60,17,2025-12-18 15:19:00
1110,5058,70,9,11,65,3.0,90,19,2024-04-11 15:49:00
1111,5019,23,1,15,67,2.9,120,22,2024-07-24 10:22:00
1112,4786,200,14,24,66,4.3,45,16,2025-12-23 14:36:00
1113,4987,114,19,15,61,3.8,120,14,2024-02-26 20:49:00
1114,4410,194,7,23,64,3.3,60,5,2025-08-01 15:23:00
1115,4595,18,4,24,66,1.3,120,14,2025-10-15 17:31:00
1116,4524,144,13,11,65,1.7,45,19,2025-02-02 07:02:00
1117,4434,173,17,18,65,4.7,120,24,2024-05-15 08:18:00
1118,4833,9,20,11,65,2.4,90,10,2026-01-11 21:00:00
1119,4410,34,13,14,64,2.7,120,30,2024-06-03 16:13:00
1120,4576,83,11,21,64,4.9,120,29,2025-07-28 17:55:00
1121,4449,27,18,19,65,2.2,45,21,2025-11-18 08:43:00
1122,4786,166,15,16,67,1.3,45,5,2024-10-22 13:26:00
1123,4682,102,7,13,66,3.6,60,21,2024-11-13 20:35:00
1124,4445,122,10,16,64,4.2,120,25,2025-12-17 19:43:00
1125,5036,81,15,12,67,3.5,90,23,2025-03-25 12:15:00
1126,4911,188,4,13,69,1.3,90,26,2025-10-10 17:54:00
1127,4696,19,17,20,68,2.2,90,21,2025-09-01 19:32:00
1128,4557,12,14,24,69,2.3,120,5,2025-12-07 10:56:00
1129,4642,65,2,16,68,3.4,90,10,2025-02-09 18:17:00
1130,4944,34,7,17,63,4.0,120,23,2024-11-25 20:21:00
1131,5012,100,7,20,64,2.6,120,6,2025-01-12 16:15:00
1132,4777,72,4,16,61,2.2,120,15,2025-12-25 19:27:00
1133,4935,184,15,18,70,1.8,45,11,2024-05-20 19:27:00
1134,4767,81,4,21,70,3.8,60,26,2025-09-11 17:38:00
1135,4408,186,19,18,63,2.3,90,19,2025-12-01 12:51:00
1136,4927,197,20,13,65,4.1,45,14,2024-07-13 10:38:00
1137,5011,162,10,19,66,3.2,45,7,2024-03-25 16:35:00
1138,4979,181,4,19,66,4.7,60,8,2024-09-25 08:49:00
1139,5008,157,14,10,67,2.9,45,10,2024-05-12 15:31:00
1140,4407,71,5,19,65,1.6,45,5,2024-05-13 15:16:00
1141,4471,73,15,15,62,3.6,45,25,2024-08-26 18:52:00
1142,4586,43,13,21,62,2.7,45,28,2024-03-31 18:52:00
1143,4971,144,13,18,67,1.9,60,8,2024-11-23 19:34:00
1144,4461,55,15,13,66,1.8,120,9,2024-09-21 11:23:00
1145,4695,146,14,18,65,1.4,90,8,2025-07-07 13:21:00
1146,4956,8,10,22,61,1.5,90,19,2024-01-18 21:57:00
1147,4514,65,15,12,67,2.2,90,9,2025-04-12 14:43:00
1148,4490,23,8,13,65,2.9,45,8,2025-06-07 16:42:00
1149,4719,140,3,21,61,3.9,45,8,2024-10-29 12:21:00
1150,4540,16,7,10,65,3.6,90,11,2025-12-21 18:23:00
1151,4640,29,8,16,64,4.7,60,26,2025-01-20 20:35:00
1152,4506,96,13,23,64,4.3,120,30,2025-08-10 21:13:00
1153,4700,34,6,15,62,4.3,45,5,2024-11-16 22:58:00
1154,5031,186,7,24,61,3.0,90,26,2025-10-31 07:04:00
1155,4924,63,20,21,65,2.0,90,18,2025-09-25 20:07:00
1156,4811,9,2,10,62,1.9,120,21,2024-12-18 13:02:00
1157,4685,49,18,22,69,2.0,60,26,2024-04-13 08:05:00
1158,4550,159,1,13,69,3.3,90,6,2025-08-21 08:37:00
1159,4750,88,7,16,65,1.9,45,20,2025-02-11 14:02:00
1160,5099,11,9,17,68,2.4,120,20,2024-12-28 16:59:00
1161,4823,25,10,24,63,2.2,45,15,2024-11-22 17:29:00
1162,4446,145,6,13,67,2.2,60,25,2024-07-24 20:09:00
1163,4932,14,14,22,63,1.2,60,13,2024-09-16 11:24:00
1164,4586,72,1,10,68,1.5,45,10,2026-01-17 10:55:00
1165,4889,50,12,21,66,3.3,60,13,2026-01-13 19:11:00
1166,5093,131,3,24,66,3.5,45,9,2024-11-09 13:49:00
1167,4444,28,11,17,66,1.3,120,20,2024-11-02 21:22:00
1168,5018,28,11,10,63,2.6,90,28,2025-03-09 11:24:00
1169,4913,32,19,14,70,1.6,45,16,2025-09-06 19:49:00
1170,4428,167,1,17,67,4.4,60,30,2024-04-17 09:05:00
1171,4801,113,9,17,61,1.7,60,13,2025-12-25 06:45:00
1172,4895,20,15,20,63,2.2,90,9,2025-11-16 13:11:00
1173,4531,122,9,18,68,1.4,45,28,2025-04-26 06:41:00
1174,4753,79,4,22,67,2.4,45,10,2024-09-11 12:41:00
1175,4864,113,18,11,67,1.7,120,19,2025-01-30 21:04:00
1176,4477,140,16,19,67,3.3,90,29,2025-10-09 12:50:00
1177,4794,184,12,24,67,4.3,45,7,2025-07-15 14:57:00
1178,4691,156,18,11,65,3.4,90,8,2025-02-12 06:47:00
1179,4575,190,16,21,65,4.3,90,29,2025-06-29 06:02:00
1180,4423,28,14,18,65,3.0,120,6,2024-06-15 08:04:00
1181,4632,138,17,13,65,2.4,45,12,2024-09-30 20:21:00
1182,4846,48,12,24,64,3.6,90,18,2025-11-27 15:29:00
1183,4395,144,6,15,70,3.6,60,19,2025-06-24 18:54:00
1184,5032,64,4,12,66,1.0,60,29,2024-02-15 09:05:00
1185,4696,183,18,14,67,3.0,90,23,2025-11-22 06:38:00
1186,5102,140,6,19,61,1.9,120,11,2024-04-07 21:14:00
1187,4449,96,11,15,63,2.7,90,22,2025-05-23 17:58:00
1188,4678,171,1,10,61,3.1,120,23,2025-04-22 22:50:00
1189,4521,62,11,23,68,2.1,60,7,2025-11-26 07:45:00
1190,4776,137,3,14,68,4.4,120,19,2025-12-04 12:41:00
1191,4866,177,1,14,66,2.1,90,9,2025-01-18 17:03:00
1192,4852,62,13,12,66,3.8,60,5,2024-09-13 20:10:00
1193,4625,96,11,22,66,2.7,45,21,2025-03-11 10:07:00
1194,4897,138,16,17,68,2.2,90,5,2024-03-05 15:32:00
1195,4572,34,19,22,67,1.7,60,15,2024-08-20 14:45:00
1196,4389,135,18,14,66,4.3,120,19,2025-02-19 17:49:00
1197,4541,136,9,13,68,3.0,90,15,2025-04-23 11:45:00
1198,4603,171,11,24,61,4.2,90,22,2025-01-28 11:10:00
1199,4672,19,11,10,68,2.8,120,24,2024-10-19 19:43:00
1200,4600,104,4,11,61,1.5,120,26,2024-04-18 21:01:00
1201,4494,191,9,18,66,3.6,60,6,2024-06-29 12:53:00
1202,4883,104,12,18,66,2.6,45,15,2025-01-30 06:49:00
1203,4719,173,14,16,65,3.0,60,8,2024-10-18 08:17:00
1204,4832,12,18,12,61,1.6,120,24,2025-09-08 11:03:00
1205,4850,60,5,10,62,3.9,90,21,2025-09-21 22:14:00
1206,5035,48,13,10,62,2.6,45,28,2025-11-18 21:27:00
1207,4642,120,18,22,62,1.4,120,28,2024-08-22 19:47:00
1208,4678,195,17,10,64,3.8,45,27,2025-07-20 20:32:00
1209,4442,40,5,24,65,2.8,60,19,2024-09-17 16:50:00
1210,4893,123,4,17,61,2.3,90,18,2025-05-05 18:31:00
1211,4963,1,12,16,64,4.4,90,15,2024-12-19 22:41:00
1212,5004,13,5,20,67,4.1,90,12,2024-06-17 10:57:00
1213,5008,190,16,19,63,4.4,90,12,2024-03-03 12:17:00
1214,4695,26,10,14,62,2.4,90,23,2024-07-05 17:19:00
1215,4608,139,15,19,66,4.7,120,27,2025-09-06 17:26:00
1216,4450,58,20,14,64,3.3,45,22,2025-04-14 19:34:00
1217,5088,178,3,21,62,4.3,45,7,2024-09-26 08:21:00
1218,5053,3,11,15,66,1.4,120,25,2024-11-08 07:57:00
1219,4833,92,20,13,70,1.9,120,19,2025-02-08 10:02:00
1220,4588,90,3,18,62,3.1,60,7,2024-12-24 07:50:00
1221,4768,95,5,12,63,3.6,60,19,2024-12-30 12:17:00
1222,4659,157,6,24,70,4.1,90,25,2025-09-04 09:14:00
1223,4930,86,12,15,62,3.7,90,23,2024-06-15 18:16:00
1224,4411,128,4,11,68,1.7,45,15,2025-07-14 16:04:00
1225,5037,164,20,19,62,3.6,120,22,2024-12-29 15:09:00
1226,4761,150,4,24,64,4.5,45,19,2024-12-12 19:47:00
1227,4948,5,9,10,68,1.3,60,11,2024-02-10 21:18:00
1228,4667,140,20,13,66,5.0,45,18,2024-02-15 13:03:00
1229,5007,81,20,15,64,3.8,120,30,2024-07-09 21:37:00
1230,4474,126,11,23,67,1.4,90,7,2025-10-09 21:25:00
1231,4740,76,14,13,69,2.6,45,15,2024-05-12 20:10:00
1232,4894,17,5,14,67,4.7,90,28,2025-02-11 13:17:00
1233,4747,12,19,13,67,4.9,60,5,2025-05-31 19:59:00
1234,4472,85,13,23,68,2.7,90,12,2024-06-18 17:22:00
1235,4823,16,7,14,69,3.8,45,27,2025-11-09 21:08:00
1236,4864,114,18,16,69,1.3,90,25,2025-08-27 09:57:00
1237,4742,70,4,21,64,1.4,60,26,2025-05-16 07:32:00
1238,4849,57,16,20,67,3.6,90,24,2025-11-23 16:40:00
1239,4568,199,9,20,67,2.5,90,12,2025-09-21 06:43:00
1240,4606,140,9,10,64,2.3,60,19,2024-06-03 06:30:00
1241,4918,33,11,14,66,1.2,45,27,2026-01-13 12:31:00
1242,4773,67,10,18,62,4.6,90,6,2024-02-28 19:44:00
1243,4439,112,1,10,70,1.2,120,16,2025-03-15 11:33:00
1244,4486,116,12,20,69,4.6,45,24,2025-08-22 21:02:00
1245,5045,166,11,12,68,4.2,45,6,2024-08-08 14:01:00
1246,4451,144,5,24,68,2.1,45,11,2024-03-18 07:53:00
1247,4911,43,1,20,68,1.1,120,13,2025-03-12 06:24:00
1248,4912,151,6,13,69,3.4,90,11,2024-10-27 16:26:00
1249,4668,117,10,18,63,3.0,45,5,2024-01-23 20:52:00
1250,4673,34,8,20,68,1.1,45,24,2024-05-14 07:52:00
1251,4389,52,8,22,64,1.3,90,26,2025-08-19 20:48:00
1252,4946,111,15,18,66,1.4,120,5,2024-06-20 14:41:00
1253,4829,6,10,23,63,1.5,90,15,2025-07-29 22:18:00
1254,4508,87,12,11,64,3.1,120,16,2025-07-26 08:08:00
1255,4419,200,17,16,68,1.6,120,29,2024-08-13 16:44:00
1256,4503,133,15,11,63,4.7,90,10,2025-11-10 11:14:00
1257,4946,151,3,18,63,1.9,45,22,2025-08-11 17:54:00
1258,4482,198,13,23,67,4.4,90,29,2025-07-25 11:27:00
1259,4765,133,19,12,63,1.0,120,24,2025-08-11 09:35:00
1260,4980,131,18,20,70,2.1,60,10,2025-07-21 06:22:00
1261,4416,129,2,10,67,5.0,120,8,2025-09-09 18:14:00
1262,4404,19,8,14,66,3.1,60,23,2024-12-17 18:03:00
1263,4782,158,10,18,65,4.5,45,14,2024-03-16 18:57:00
1264,4786,135,15,24,62,4.5,60,7,2024-05-23 10:42:00
1265,4888,23,6,23,64,2.8,45,13,2024-09-25 21:59:00
1266,4514,95,20,24,66,2.6,45,24,2025-06-18 18:07:00
1267,5101,194,11,14,66,3.1,45,8,2025-09-25 08:21:00
1268,4938,144,15,20,62,1.1,60,22,2024-03-28 18:16:00
1269,4828,29,9,19,65,2.9,60,24,2025-10-27 10:43:00
1270,5029,31,6,19,62,1.2,90,23,2025-01-14 16:29:00
1271,4680,55,9,12,70,4.9,90,24,2025-10-15 08:11:00
1272,4470,52,2,21,64,4.8,45,27,2025-03-06 16:15:00
1273,4933,128,16,15,68,3.2,90,16,2024-10-16 16:33:00
1274,5022,116,9,13,70,4.3,45,11,2025-10-10 11:38:00
1275,4805,168,14,16,65,3.0,120,15,2025-08-15 10:12:00
1276,4667,62,6,15,64,2.1,90,21,2025-08-30 18:36:00
1277,5002,82,20,22,63,4.2,45,18,2025-04-11 20:58:00
1278,4463,12,19,22,62,3.1,45,6,2025-07-29 15:11:00
1279,4615,93,16,14,64,4.8,120,9,2024-06-12 17:30:00
1280,4674,99,10,20,69,4.0,120,17,2025-08-01 13:49:00
1281,4919,182,18,11,61,3.1,45,9,2024-03-23 17:59:00
1282,4536,126,4,21,65,3.3,90,28,2024-03-14 18:31:00
1283,4475,63,3,19,65,3.2,45,6,2025-01-02 13:13:00
1284,4479,173,4,10,65,3.4,90,23,2025-04-15 08:30:00
1285,4634,47,20,16,61,2.3,90,11,2024-02-08 17:45:00
1286,4614,191,19,13,67,3.6,60,13,2025-01-29 10:47:00
1287,4465,96,14,24,67,2.9,120,19,2024-12-09 15:31:00
1288,4680,48,10,19,67,3.1,60,18,2025-06-01 22:16:00
1289,4988,171,13,11,68,4.6,120,7,2025-06-22 13:45:00
1290,4858,152,19,17,66,3.3,60,16,2024-04-08 11:21:00
1291,4652,97,3,12,64,4.4,60,8,2025-03-15 07:20:00
1292,4611,189,7,18,69,2.2,120,27,2025-06-29 11:32:00
1293,4589,104,20,23,67,4.8,90,29,2025-08-25 15:58:00
1294,4742,104,15,15,61,2.5,120,29,2025-05-28 21:31:00
1295,4676,97,1,18,67,1.1,60,18,2025-01-06 13:14:00
1296,4612,67,1,13,66,2.9,60,6,2025-06-10 22:54:00
1297,4438,103,11,10,65,4.2,60,9,2024-05-17 13:08:00
1298,4573,31,1,18,66,3.0,120,16,2025-01-26 19:30:00
1299,4470,158,16,23,70,1.2,120,12,2025-03-03 22:25:00
1300,4809,112,8,19,62,2.2,120,25,2025-09-25 14:35:00
1301,4700,192,4,13,62,3.3,90,16,2024-02-17 22:13:00
1302,4887,114,20,23,64,2.2,120,28,2025-12-15 10:41:00
1303,4821,64,20,24,61,1.5,60,12,2025-03-23 20:39:00
1304,4535,41,8,17,68,2.3,90,8,2024-04-16 12:47:00
1305,4743,23,19,20,68,2.7,60,25,2025-05-25 06:40:00
1306,4739,158,18,15,63,2.5,120,21,2024-06-14 18:25:00
1307,4649,76,7,13,68,3.8,90,30,2024-04-18 08:28:00
1308,5061,2,1,23,64,2.5,45,26,2024-04-23 17:26:00
1309,4998,110,5,10,61,3.6,60,6,2025-07-27 06:58:00
1310,5040,162,16,23,70,2.3,120,27,2025-12-19 06:59:00
1311,4648,29,2,12,68,3.8,90,22,2025-08-16 15:19:00
1312,4899,101,17,18,69,4.3,90,11,2025-03-18 16:46:00
1313,5016,96,15,19,69,2.4,60,14,2025-04-02 14:47:00
1314,4956,13,6,16,66,2.8,90,30,2025-09-23 17:23:00
1315,4582,54,18,14,66,3.8,90,9,2024-09-10 20:10:00
1316,4515,123,2,13,70,3.2,120,9,2025-11-01 21:17:00
1317,4545,41,13,21,63,1.6,45,9,2024-12-19 19:31:00
1318,4776,168,12,16,61,2.2,90,28,2024-04-16 20:27:00
1319,4525,184,9,17,62,2.2,90,29,2025-02-25 07:31:00
1320,4613,42,1,16,61,3.1,90,29,2025-02-15 10:21:00
1321,4990,62,15,14,64,1.4,120,23,2025-09-22 19:22:00
1322,4767,128,14,21,70,4.0,60,5,2025-11-13 17:06:00
1323,4943,113,17,14,68,2.7,45,22,2024-05-17 17:43:00
1324,4596,70,11,23,61,2.3,45,17,2024-08-15 07:48:00
1325,4611,170,1,22,63,2.1,90,28,2026-01-03 06:31:00
1326,4423,117,13,24,64,2.8,60,24,2025-08-22 06:49:00
1327,4826,134,5,11,70,1.1,120,5,2024-03-20 06:46:00
1328,4712,139,5,16,70,3.7,90,16,2025-10-10 21:14:00
1329,4590,195,12,13,67,4.2,120,17,2025-09-01 19:40:00
1330,4612,74,1,21,62,4.3,120,6,2024-11-15 10:58:00
1331,4548,89,18,24,62,3.5,120,24,2025-09-17 19:03:00
1332,4381,172,17,12,69,4.7,45,17,2025-04-30 20:50:00
1333,4798,44,7,24,69,1.5,45,25,2024-07-24 06:46:00
1334,5023,94,18,15,68,2.8,45,29,2025-09-27 08:45:00
1335,4992,19,3,20,63,4.5,60,15,2024-11-19 07:49:00
1336,5101,138,14,11,63,4.7,60,30,2024-07-22 06:29:00
1337,4459,62,13,15,62,3.9,45,16,2025-04-24 14:19:00
1338,4439,25,16,14,70,1.4,90,24,2025-03-15 08:43:00
1339,4489,162,11,14,67,2.6,45,18,2024-01-25 18:19:00
1340,4390,119,11,15,66,4.2,90,16,2025-04-08 12:48:00
1341,4739,79,20,10,61,3.1,120,25,2024-05-26 18:03:00
1342,4835,114,5,13,68,1.9,60,6,2025-07-13 21:31:00
1343,4602,100,14,23,65,2.9,90,26,2024-12-10 09:59:00
1344,4690,21,10,19,69,2.7,90,8,2025-01-11 08:12:00
1345,4702,66,5,21,66,3.3,120,9,2025-04-29 21:52:00
1346,4676,75,16,16,66,1.2,60,30,2025-12-16 22:11:00
1347,4512,11,14,23,61,4.0,45,12,2024-04-19 22:55:00
1348,4701,12,17,16,66,2.9,45,7,2025-11-17 14:13:00
1349,4808,35,12,17,63,3.6,60,23,2025-11-27 14:02:00
1350,4567,46,3,16,66,4.3,45,16,2025-02-27 15:43:00
1351,4897,157,7,11,69,4.8,60,6,2024-11-11 20:56:00
1352,4808,107,9,19,61,4.8,60,11,2024-08-20 10:02:00
1353,4461,100,20,24,64,3.6,120,29,2024-12-08 20:28:00
1354,4559,93,13,14,65,3.1,60,26,2024-07-02 22:46:00
1355,4693,83,19,13,65,2.1,90,20,2025-03-26 18:28:00
1356,4906,121,20,10,61,1.2,60,15,2024-08-08 09:30:00
1357,4442,173,4,24,67,3.8,90,6,2024-06-07 08:57:00
1358,4819,145,8,15,62,4.4,60,14,2025-12-02 16:11:00
1359,4927,4,1,22,64,1.1,90,17,2025-04-28 14:35:00
1360,5109,96,10,21,67,1.1,60,23,2026-01-17 14:28:00
1361,4968,146,14,13,63,1.8,90,6,2025-08-29 18:18:00
1362,4558,19,10,18,70,3.1,120,23,2024-05-09 15:50:00
1363,4604,200,20,21,61,3.4,90,15,2025-06-13 18:11:00
1364,4535,50,9,12,63,3.7,45,27,2025-05-09 15:02:00
1365,4661,33,12,17,70,1.4,90,12,2025-05-31 14:29:00
1366,4787,171,4,17,65,3.5,60,27,2025-04-06 13:24:00
1367,4798,88,16,14,64,2.9,45,23,2025-10-27 20:58:00
1368,4517,53,5,21,65,4.8,60,13,2024-08-18 22:55:00
1369,4651,25,5,23,63,4.8,45,7,2024-07-15 06:48:00
1370,4825,131,14,22,70,1.2,60,12,2024-02-09 07:46:00
1371,4681,154,13,24,61,3.9,60,11,2024-10-28 21:29:00
1372,4856,198,20,20,64,1.2,120,21,2024-06-15 13:38:00
1373,5055,74,11,21,65,4.8,45,12,2025-05-11 18:26:00
1374,4781,192,19,22,63,4.6,45,21,2024-12-14 22:47:00
1375,4444,173,11,18,67,3.5,45,10,2024-08-10 19:52:00
1376,4707,50,14,13,61,2.0,60,26,2025-04-13 12:48:00
1377,4659,127,10,14,62,4.3,60,25,2024-05-15 17:51:00
1378,4468,137,19,15,69,2.0,90,20,2025-05-12 17:45:00
1379,4464,82,4,23,65,5.0,120,18,2025-04-20 09:31:00
1380,4413,158,10,17,65,3.8,120,20,2024-02-20 12:11:00
1381,4763,15,10,15,66,4.9,120,18,2025-09-03 20:08:00
1382,4382,44,7,10,69,2.6,60,24,2025-07-30 15:48:00
1383,4565,126,1,12,70,4.4,120,17,2025-08-08 16:52:00
1384,5028,98,5,16,69,4.1,45,14,2025-09-07 15:56:00
1385,4659,129,15,16,67,1.2,120,17,2025-03-06 06:32:00
1386,4643,193,3,12,63,4.0,120,14,2024-03-08 08:46:00
1387,4672,69,2,22,64,2.2,45,21,2024-08-25 18:13:00
1388,4905,150,19,15,69,1.7,45,9,2025-05-03 15:22:00
1389,4586,124,17,23,66,4.2,120,6,2025-05-10 06:52:00
1390,4927,72,18,16,67,5.0,45,25,2025-01-12 16:57:00
1391,4572,30,7,20,66,4.5,45,20,2025-04-23 13:55:00
1392,4918,15,3,14,67,3.3,90,8,2024-04-24 06:04:00
1393,4767,15,2,14,62,2.0,60,10,2025-05-10 18:58:00
1394,5055,135,20,23,63,3.5,120,9,2025-12-03 19:32:00
1395,4493,169,18,11,69,1.7,90,21,2025-12-10 15:04:00
1396,4783,178,13,10,69,4.9,60,14,2025-01-05 12:47:00
1397,5000,120,20,24,63,3.4,120,23,2025-01-06 16:33:00
1398,4584,91,4,18,68,2.0,90,13,2025-11-02 13:48:00
1399,4487,93,4,22,68,2.4,120,28,2024-10-10 06:51:00
1400,4381,119,18,15,68,2.1,60,27,2025-11-18 09:45:00
1401,5094,94,12,12,64,3.8,120,10,2024-03-27 12:12:00
1402,5092,70,2,21,68,3.0,45,10,2024-05-21 06:05:00
1403,4954,99,15,17,69,4.6,45,7,2025-10-11 11:54:00
1404,4717,143,1,17,70,3.6,90,21,2025-06-27 21:32:00
1405,4704,121,11,13,70,4.5,90,21,2024-08-20 09:31:00
1406,4910,142,10,21,68,2.8,45,6,2025-06-27 18:09:00
1407,4492,96,11,21,66,3.9,60,29,2024-03-19 22:40:00
1408,5077,151,5,19,65,1.2,45,24,2024-09-19 21:48:00
1409,4384,78,18,12,68,3.1,60,22,2024-10-17 14:56:00
1410,4527,19,17,12,68,2.6,120,6,2024-02-22 18:10:00
1411,4793,166,15,13,63,3.2,45,6,2024-08-26 17:14:00
1412,4742,60,18,19,64,3.0,45,6,2025-10-18 14:51:00
1413,4800,57,10,11,70,2.5,90,14,2024-05-08 19:30:00
1414,4542,39,4,23,68,5.0,60,17,2024-12-23 13:13:00
1415,4903,57,8,18,66,2.2,90,14,2024-10-22 07:42:00
1416,4704,85,8,14,68,2.7,90,14,2024-10-28 20:43:00
1417,4783,112,12,16,63,2.6,60,13,2024-06-16 07:18:00
1418,4702,75,9,24,62,3.8,60,12,2024-09-03 09:54:00
1419,4551,152,19,16,64,3.8,45,11,2026-01-09 11:39:00
1420,4423,63,11,19,63,3.9,45,28,2024-11-20 06:10:00
1421,4689,64,20,21,66,3.2,120,16,2024-12-24 13:19:00
1422,4389,43,19,21,61,2.5,60,9,2025-04-30 10:57:00
1423,5018,188,6,14,69,4.8,90,6,2024-03-01 16:31:00
1424,4619,48,15,24,68,3.0,120,14,2024-07-26 21:19:00
1425,4979,143,7,12,62,3.8,60,24,2024-08-01 06:00:00
1426,4609,155,19,10,69,2.5,45,19,2024-07-12 08:13:00
1427,4860,98,9,20,70,2.6,60,25,2024-11-07 08:15:00
1428,4805,183,7,14,64,4.8,90,6,2025-09-04 22:00:00
1429,4642,189,5,19,63,2.9,120,30,2025-03-03 17:56:00
1430,5019,75,12,19,69,4.1,120,25,2024-02-26 19:10:00
1431,4579,115,10,22,68,4.7,60,24,2025-11-29 21:40:00
1432,5095,51,5,11,68,4.6,60,30,2025-02-19 20:25:00
1433,4745,140,4,19,64,1.6,90,25,2025-12-07 13:53:00
1434,5079,76,5,16,65,1.8,60,26,2025-08-20 22:22:00
1435,4971,125,2,12,66,1.1,90,12,2024-09-16 16:21:00
1436,4628,4,20,22,65,2.7,45,21,2025-04-28 14:28:00
1437,5002,96,1,19,68,3.4,45,22,2025-11-26 11:56:00
1438,5092,185,17,22,68,2.0,90,27,2024-05-05 22:11:00
1439,5061,130,12,19,66,2.3,120,16,2025-03-14 12:34:00
1440,4891,142,5,16,68,4.9,120,12,2024-01-18 11:27:00
1441,4550,10,8,15,66,4.3,60,13,2025-12-29 18:24:00
1442,5107,171,10,11,66,1.5,90,25,2025-08-19 16:19:00
1443,4480,39,16,23,63,1.2,60,14,2025-02-06 07:36:00
1444,5043,157,6,16,64,4.3,45,18,2024-11-09 17:18:00
1445,5086,40,7,21,66,3.1,45,29,2025-10-06 11:15:00
1446,4759,42,8,19,66,3.1,120,10,2024-12-08 16:58:00
1447,4425,160,10,20,65,3.4,45,17,2025-08-22 15:50:00
1448,5100,13,16,17,63,4.8,120,30,2025-04-29 07:05:00
1449,4874,94,18,12,61,4.3,60,25,2024-11-22 13:32:00
1450,4973,36,11,14,62,3.2,90,6,2025-12-25 11:01:00
1451,4732,111,7,23,69,2.3,90,10,2024-12-24 13:09:00
1452,4968,189,6,20,65,3.5,90,17,2024-06-26 21:45:00
1453,4751,171,18,24,70,3.3,120,23,2024-11-08 11:35:00
1454,4540,66,19,10,66,4.8,45,27,2024-05-08 19:01:00
1455,4858,156,20,13,64,3.8,120,29,2024-01-31 11:43:00
1456,4636,43,3,20,70,2.0,45,24,2024-10-26 16:16:00
1457,4479,37,14,21,67,3.6,90,9,2024-03-19 10:53:00
1458,4411,31,1,24,61,2.1,90,24,2024-07-04 11:52:00
1459,4822,144,8,12,70,3.7,90,22,2024-09-02 17:01:00
1460,4412,54,16,23,67,3.1,120,19,2024-02-17 08:41:00
1461,4936,85,7,13,65,2.4,120,19,2024-09-09 21:23:00
1462,4862,9,6,16,69,2.3,120,11,2025-06-14 11:44:00
1463,4867,183,20,19,62,2.6,90,20,2025-02-12 19:50:00
1464,4815,86,4,20,66,3.1,45,8,2025-09-08 15:23:00
1465,4531,188,10,15,61,3.6,120,13,2025-06-21 09:28:00
1466,4704,72,20,22,70,3.8,45,30,2025-12-08 13:10:00
1467,4416,67,9,21,69,1.9,90,22,2024-12-30 15:14:00
1468,4813,25,20,17,69,1.7,120,14,2025-11-04 06:17:00
1469,4658,31,3,24,66,2.1,45,30,2024-05-11 22:12:00
1470,4473,52,2,24,67,2.8,90,6,2025-11-26 07:00:00
1471,5042,5,14,18,61,2.5,45,16,2024-09-18 15:52:00
1472,4681,101,11,14,61,3.8,60,29,2024-10-07 21:10:00
1473,4661,128,9,22,62,4.8,60,28,2025-11-19 19:34:00
1474,4734,129,7,12,66,2.9,45,23,2025-05-06 17:01:00
1475,4868,105,2,17,61,1.5,90,18,2024-05-12 18:49:00
1476,5103,199,10,24,61,3.9,120,12,2025-07-30 13:06:00
1477,4704,81,1,11,70,3.7,120,30,2025-06-26 11:21:00
1478,5013,144,2,15,70,3.9,120,7,2025-08-17 17:21:00
1479,4497,133,20,24,62,1.0,120,18,2025-07-12 22:03:00
1480,5037,70,1,24,70,1.8,90,23,2025-06-20 11:34:00
1481,4421,66,14,17,66,3.2,90,16,2024-04-12 12:38:00
1482,5103,156,13,10,67,4.9,90,25,2024-06-28 08:41:00
1483,4487,26,3,23,68,2.0,60,26,2025-04-03 09:51:00
1484,4742,192,5,21,66,3.6,90,6,2025-03-18 12:48:00
1485,4846,19,9,14,67,3.9,60,19,2025-06-07 08:44:00
1486,4714,140,11,23,65,2.5,45,25,2024-05-11 17:17:00
1487,4595,99,3,18,66,4.0,45,15,2025-09-22 19:09:00
1488,4427,10,8,15,64,2.0,45,8,2024-04-04 06:11:00
1489,4933,192,15,18,68,3.3,90,22,2024-03-29 15:02:00
1490,5097,51,7,13,63,3.1,60,19,2025-04-17 08:07:00
1491,4877,170,16,20,67,2.2,60,11,2025-06-21 11:15:00
1492,4587,41,13,24,66,1.3,90,17,2024-04-21 07:09:00
1493,5060,172,15,15,61,3.6,45,13,2024-01-31 16:04:00
1494,5012,154,3,23,65,3.9,90,11,2025-05-27 22:48:00
1495,4795,80,6,16,62,2.5,60,10,2025-03-28 11:00:00
1496,4982,49,3,19,66,2.6,60,24,2024-08-28 08:25:00
1497,4431,108,18,10,64,4.6,90,28,2025-08-13 16:27:00
1498,4628,162,16,19,62,1.5,45,16,2024-12-29 06:54:00
1499,4454,164,16,12,67,3.7,60,26,2025-02-08 21:19:00
1500,4668,132,8,18,65,4.4,120,5,2024-05-02 12:36:00
1501,4386,150,18,15,61,3.0,60,11,2025-05-09 17:52:00
1502,5052,52,18,16,69,1.2,60,23,2026-01-06 13:54:00
1503,4524,91,5,23,65,4.9,120,13,2025-10-14 18:47:00
1504,4552,111,2,11,69,2.0,90,25,2024-08-16 11:14:00
1505,4998,68,7,23,61,2.2,90,29,2025-03-18 06:02:00
1506,4844,17,14,20,66,4.3,90,11,2025-04-09 06:03:00
1507,4996,99,19,14,67,2.5,90,13,2025-12-29 09:29:00
1508,4520,54,20,18,63,2.9,45,21,2025-07-20 16:58:00
1509,4987,116,16,17,64,4.1,60,12,2025-07-08 10:50:00
1510,4585,188,1,11,61,3.1,60,14,2025-12-20 21:22:00
1511,4386,141,1,21,63,4.8,60,20,2024-02-18 20:15:00
1512,5095,188,17,23,67,2.6,120,20,2024-05-18 08:37:00
1513,4505,30,9,12,68,3.4,120,16,2024-11-26 21:12:00
1514,4594,142,2,17,67,2.4,45,25,2025-03-06 12:30:00
1515,4806,92,3,21,66,1.2,90,10,2024-09-05 21:03:00
1516,4665,153,16,13,66,3.1,90,5,2025-07-21 11:30:00
1517,4829,109,8,23,67,4.1,60,11,2024-08-22 20:22:00
1518,4730,26,19,13,68,1.3,90,22,2025-07-14 07:46:00
1519,4507,165,18,23,67,3.7,120,14,2025-07-17 12:10:00
1520,4843,3,14,10,66,1.8,60,26,2024-01-19 11:24:00
1521,4653,73,15,22,67,4.3,90,10,2024-04-18 21:13:00
1522,4533,132,6,12,66,1.9,90,24,2024-04-22 12:29:00
1523,5051,181,19,24,69,1.1,120,29,2024-10-28 11:08:00
1524,4401,54,14,15,66,2.0,60,16,2024-12-18 20:30:00
1525,4684,174,7,24,64,3.5,45,17,2025-09-11 22:55:00
1526,4772,27,5,10,67,3.8,120,22,2025-12-09 22:37:00
1527,4687,30,1,14,70,3.7,120,20,2025-10-17 08:03:00
1528,4507,127,11,24,64,3.8,45,24,2024-02-28 13:00:00
1529,4785,197,10,15,70,3.3,45,5,2025-01-09 06:46:00
1530,5100,166,9,17,63,2.3,90,22,2025-10-20 18:52:00
1531,4688,111,7,20,64,4.8,60,18,2024-11-18 15:13:00
1532,4487,86,10,20,65,2.5,45,11,2025-06-04 09:28:00
1533,4560,64,6,21,67,2.2,120,17,2024-09-19 08:01:00
1534,4494,159,15,10,67,3.6,120,30,2024-03-13 06:05:00
1535,4451,51,3,18,63,2.7,120,8,2024-03-23 10:13:00
1536,4648,86,20,21,63,3.2,120,16,2025-06-23 06:07:00
1537,4877,159,14,15,67,3.0,90,20,2025-09-02 08:25:00
1538,4412,106,5,11,67,2.4,120,10,2024-01-18 16:33:00
1539,4445,162,18,15,64,3.2,90,9,2024-09-15 06:54:00
1540,4935,80,16,13,67,2.7,45,15,2025-02-12 14:08:00
1541,4941,8,6,14,69,4.2,120,25,2025-04-15 22:46:00
1542,4680,85,12,13,68,5.0,90,19,2025-08-22 09:24:00
1543,4852,98,13,24,63,4.5,90,20,2025-03-26 13:31:00
1544,4893,55,15,10,62,1.7,120,7,2025-03-19 07:37:00
1545,4954,160,13,12,68,3.9,90,14,2024-09-05 06:15:00
1546,4858,57,19,13,70,1.2,45,19,2025-07-17 19:27:00
1547,5030,175,18,15,64,1.1,90,12,2025-09-02 14:08:00
1548,5086,68,15,16,67,2.4,120,25,2025-02-11 19:39:00
1549,5040,127,14,23,68,4.9,90,27,2025-09-19 14:28:00
1550,4579,195,10,19,68,2.1,45,12,2025-08-29 16:46:00
1551,5110,14,20,22,61,4.8,120,22,2025-06-07 12:35:00
1552,4451,43,16,13,68,3.7,120,19,2025-12-28 08:19:00
1553,4392,155,5,12,61,2.2,90,30,2025-10-28 16:39:00
1554,4470,105,15,22,63,3.6,60,18,2024-07-02 17:52:00
1555,4515,128,10,11,67,3.3,120,22,2025-10-01 15:10:00
1556,4759,93,4,21,62,4.0,120,10,2024-10-23 16:18:00
1557,4881,76,5,14,64,2.0,90,11,2024-04-26 21:52:00
1558,4893,63,9,19,61,3.8,120,26,2024-06-29 18:29:00
1559,4769,125,6,19,68,3.9,90,15,2025-03-11 14:47:00
1560,4696,40,15,10,70,4.4,90,15,2025-08-19 20:56:00
1561,5020,174,10,12,68,3.6,45,22,2024-08-08 12:09:00
1562,5063,142,18,16,65,4.2,90,28,2024-11-26 22:43:00
1563,4463,81,15,14,69,3.1,45,15,2024-07-23 13:41:00
1564,4530,64,10,11,67,4.3,60,26,2024-02-13 20:43:00
1565,5071,166,8,17,63,3.4,90,10,2025-06-04 14:40:00
1566,4429,38,20,12,69,1.4,90,30,2025-10-30 07:34:00
1567,4493,80,14,14,61,3.6,90,8,2025-04-21 12:09:00
1568,4627,111,2,11,66,1.3,120,11,2025-04-25 12:57:00
1569,5008,127,4,12,69,3.3,120,5,2024-08-25 21:16:00
1570,4653,39,16,17,70,1.5,45,7,2025-03-18 18:31:00
1571,4567,149,11,11,69,1.4,120,9,2024-07-17 10:08:00
1572,4713,81,19,18,69,3.8,45,8,2024-08-14 16:38:00
1573,4395,147,16,20,70,2.2,45,19,2025-04-03 19:40:00
1574,4687,40,17,22,68,2.9,120,13,2024-11-13 08:13:00
1575,4847,96,9,14,69,1.3,120,23,2024-10-13 18:21:00
1576,5051,62,2,20,63,2.7,45,29,2025-04-14 13:38:00
1577,4629,115,13,12,64,1.6,60,20,2024-11-08 19:03:00
1578,4708,47,19,10,70,2.9,120,18,2024-06-15 07:43:00
1579,4862,16,3,21,64,4.3,60,6,2024-02-29 08:24:00
1580,4761,92,8,10,67,2.9,120,18,2025-02-17 13:32:00
1581,4612,88,18,14,69,4.8,90,11,2024-02-07 13:04:00
1582,4747,11,16,14,61,3.8,60,14,2025-02-18 22:10:00
1583,4513,64,11,12,64,3.4,45,21,2025-08-11 18:05:00
1584,4820,71,8,24,64,1.7,45,17,2025-06-16 21:09:00
1585,4969,63,13,12,63,3.6,90,29,2025-10-02 12:36:00
1586,4434,181,1,21,65,3.8,120,10,2025-04-30 09:21:00
1587,5084,93,12,16,62,1.6,90,22,2024-10-29 16:16:00
1588,4831,114,5,17,68,3.0,60,25,2024-04-13 08:47:00
1589,4428,127,2,14,65,2.9,90,27,2025-11-10 17:27:00
1590,5014,165,16,20,65,4.0,45,19,2025-03-23 13:49:00
1591,4957,8,3,16,61,2.6,90,20,2025-02-08 18:04:00
1592,4911,48,13,12,63,1.5,90,27,2025-12-03 10:29:00
1593,4420,135,4,22,69,2.3,45,27,2024-04-18 08:26:00
1594,4840,177,6,21,69,2.9,120,29,2025-08-07 06:24:00
1595,4737,152,4,13,70,1.1,90,20,2024-06-18 17:59:00
1596,4736,166,11,12,65,2.6,90,27,2025-06-01 19:26:00
1597,4698,142,6,22,61,2.9,90,26,2024-08-08 09:05:00
1598,5098,188,6,22,64,3.8,120,20,2025-10-04 13:58:00
1599,4633,16,11,10,64,4.9,90,27,2025-04-01 17:23:00
1600,4785,176,2,15,67,4.6,60,14,2025-02-16 18:56:00
1601,4741,2,16,10,68,2.8,45,11,2025-11-27 09:16:00
1602,4952,18,17,13,69,3.1,60,9,2025-07-11 11:25:00
1603,5093,186,8,17,69,2.3,45,9,2024-07-25 20:18:00
1604,4932,118,17,22,70,3.1,45,14,2025-09-04 18:34:00
1605,4996,152,3,18,67,2.7,45,9,2025-12-29 06:57:00
1606,4930,50,15,10,65,2.4,60,26,2025-06-12 09:21:00
1607,4816,18,13,16,69,4.2,45,12,2024-11-18 11:16:00
1608,4867,33,9,22,67,4.8,120,17,2024-01-21 08:54:00
1609,4555,159,5,17,62,2.9,120,7,2026-01-05 12:08:00
1610,4852,67,2,24,64,2.4,45,5,2025-05-27 18:39:00
1611,4540,26,17,12,63,2.1,45,11,2024-01-25 17:08:00
1612,4877,134,14,12,69,2.7,45,19,2024-10-18 20:07:00
1613,4710,79,2,19,62,2.3,90,22,2024-08-06 16:12:00
1614,5100,154,1,16,67,1.1,60,22,2025-07-27 21:45:00
1615,4811,154,17,19,66,4.8,90,22,2025-05-22 13:47:00
1616,4459,158,2,13,65,2.4,120,15,2024-08-11 15:12:00
1617,4922,177,10,14,61,2.4,90,8,2025-10-17 06:27:00
1618,4475,40,1,16,63,1.4,90,20,2024-07-17 22:17:00
1619,4953,188,11,24,61,4.2,45,12,2025-11-01 20:26:00
1620,4539,152,7,18,63,3.7,90,9,2024-11-18 21:36:00
1621,4890,43,13,15,70,4.6,60,30,2024-08-17 12:35:00
1622,4899,154,16,12,61,4.3,120,18,2024-09-19 08:49:00
1623,4967,62,8,17,66,2.2,45,27,2025-03-28 16:35:00
1624,4700,58,10,10,67,1.9,90,30,2024-09-29 06:49:00
1625,5103,173,18,13,64,4.7,60,18,2025-05-29 20:59:00
1626,4492,34,2,15,70,3.3,45,18,2024-03-31 12:33:00
1627,4640,167,9,14,70,2.8,45,8,2024-05-08 08:45:00
1628,4701,190,7,14,61,4.2,90,6,2025-01-13 21:30:00
1629,4757,104,8,17,62,4.3,45,28,2025-09-15 08:51:00
1630,4612,149,12,15,68,1.7,45,26,2025-05-17 12:49:00
1631,4644,44,7,18,70,2.6,45,12,2025-02-25 22:37:00
1632,4692,59,6,24,67,4.6,90,11,2025-10-27 16:52:00
1633,4705,35,12,14,62,1.1,60,11,2024-04-26 20:08:00
1634,4642,167,18,20,62,3.5,120,27,2025-11-17 09:23:00
1635,4434,137,12,17,63,3.4,45,9,2024-09-08 14:58:00
1636,4531,56,15,24,67,1.9,60,12,2025-09-30 19:23:00
1637,4455,60,19,24,62,2.2,120,19,2024-05-13 11:58:00
1638,4537,42,9,22,68,5.0,90,10,2025-10-18 10:54:00
1639,4926,100,9,14,70,2.8,45,19,2025-10-07 22:48:00
1640,4579,26,13,19,67,3.3,60,28,2025-09-16 18:43:00
1641,4962,78,1,18,66,3.1,45,12,2025-03-08 15:29:00
1642,5026,179,19,20,62,3.0,60,14,2024-11-26 09:26:00
1643,5054,5,20,21,67,1.8,120,7,2025-06-15 15:02:00
1644,4791,171,18,17,64,1.8,45,19,2025-12-11 10:32:00
1645,4555,159,3,11,63,3.9,60,21,2025-12-21 07:19:00
1646,4778,27,17,19,62,2.6,90,6,2024-12-07 13:01:00
1647,5061,137,18,24,62,1.6,120,8,2025-02-10 06:33:00
1648,4454,191,9,11,67,1.7,45,7,2025-11-18 07:43:00
1649,4912,22,19,10,66,2.7,120,6,2024-05-24 21:05:00
1650,4712,4,13,13,62,2.6,60,7,2025-05-06 21:09:00
1651,4772,161,3,24,65,4.1,45,11,2026-01-06 07:11:00
1652,4935,17,2,24,70,2.5,120,26,2024-06-14 10:54:00
1653,4406,161,10,17,70,2.4,90,8,2024-07-29 12:44:00
1654,4518,177,1,24,62,1.9,120,17,2025-06-14 18:01:00
1655,4537,84,18,19,70,1.5,60,30,2025-01-16 17:23:00
1656,5038,153,11,19,67,1.1,120,24,2025-05-17 15:34:00
1657,4955,128,1,19,68,1.5,120,9,2025-02-04 08:59:00
1658,4396,123,3,13,69,4.2,90,27,2024-08-24 16:38:00
1659,4876,108,12,14,70,3.7,90,14,2024-02-27 06:27:00
1660,4957,166,11,22,68,4.4,120,7,2024-06-12 14:03:00
1661,4457,179,13,11,65,3.5,90,26,2025-08-18 15:42:00
1662,4802,113,6,18,70,3.0,45,12,2024-05-16 09:15:00
1663,4912,33,7,20,66,1.9,120,27,2024-05-30 21:25:00
1664,4501,141,16,10,65,3.5,90,16,2025-12-23 18:56:00
1665,4453,133,11,14,61,3.7,60,14,2025-01-03 17:03:00
1666,4489,102,6,14,67,4.5,90,28,2024-08-31 06:10:00
1667,4693,134,3,16,67,1.2,45,16,2025-02-01 19:43:00
1668,4508,122,16,18,64,4.2,60,19,2025-08-15 12:08:00
1669,5000,45,20,13,62,2.5,120,17,2024-01-31 19:11:00
1670,4921,198,19,10,66,4.9,60,14,2024-01-28 18:45:00
1671,4621,103,8,23,68,2.8,45,11,2025-08-16 14:37:00
1672,4920,155,1,15,61,2.7,60,7,2026-01-16 18:44:00
1673,4926,163,17,19,67,4.9,90,30,2024-10-03 10:34:00
1674,4493,120,2,14,63,3.1,60,22,2024-02-12 20:49:00
1675,4914,14,16,15,61,2.6,120,13,2024-10-09 08:51:00
1676,4658,47,15,15,68,4.8,120,10,2025-01-04 12:02:00
1677,4601,11,9,17,64,1.6,90,28,2024-06-27 12:34:00
1678,4642,112,7,19,70,2.8,60,14,2025-05-17 22:22:00
1679,5089,187,20,12,65,2.8,45,5,2025-03-28 21:46:00
1680,4409,164,7,14,66,2.9,120,22,2024-08-09 10:53:00
1681,4457,180,3,22,66,4.5,90,19,2025-02-21 08:28:00
1682,4462,136,13,23,64,4.4,45,30,2025-09-14 16:17:00
1683,5031,27,5,22,62,2.1,45,10,2025-10-31 13:51:00
1684,4795,120,12,12,68,3.9,120,17,2024-05-17 16:22:00
1685,4621,10,4,21,65,4.1,60,18,2025-12-01 12:35:00
1686,4698,128,17,18,69,1.2,45,7,2025-07-24 10:17:00
1687,4593,138,10,15,70,4.1,90,5,2024-08-17 08:21:00
1688,5078,162,15,22,63,2.4,120,16,2025-09-11 13:11:00
1689,4559,192,3,17,69,2.2,45,30,2025-11-28 14:28:00
1690,5026,48,10,24,64,3.9,60,18,2024-11-25 09:38:00
1691,4591,138,8,21,69,4.8,45,6,2024-03-30 16:00:00
1692,4498,27,17,15,64,3.0,60,8,2024-09-05 10:06:00
1693,4500,112,12,14,63,3.2,120,9,2025-01-28 18:35:00
1694,4634,105,14,19,69,4.5,90,19,2024-05-06 22:14:00
1695,4654,150,11,13,63,1.8,120,11,2025-12-11 13:39:00
1696,4977,88,7,12,63,3.5,120,5,2024-12-30 15:03:00
1697,4920,80,2,18,68,2.1,45,12,2025-10-30 12:18:00
1698,4898,35,10,16,68,4.0,45,8,2025-05-09 18:57:00
1699,4978,133,14,22,62,3.2,60,6,2025-04-27 17:22:00
1700,4911,54,9,17,61,3.3,120,16,2025-09-11 10:51:00
1701,4744,137,17,20,67,2.0,60,30,2024-09-11 13:45:00
1702,4891,57,17,13,61,2.5,60,16,2025-11-22 14:28:00
1703,4906,95,7,22,63,1.4,45,15,2024-09-01 11:27:00
1704,4382,58,4,22,64,4.9,60,16,2025-02-14 07:27:00
1705,4803,51,6,17,61,1.6,90,21,2025-09-05 21:54:00
1706,5033,37,11,10,67,3.0,45,25,2025-02-15 10:08:00
1707,5100,101,14,24,67,1.1,90,18,2024-04-18 13:15:00
1708,4581,36,10,10,68,4.4,60,15,2025-03-31 19:59:00
1709,4589,92,19,12,66,2.0,60,17,2024-09-18 12:53:00
1710,4453,28,13,17,68,2.4,45,25,2024-09-01 21:15:00
1711,4702,156,14,12,64,3.8,45,28,2025-04-12 17:55:00
1712,4855,115,3,12,61,4.8,60,7,2024-07-03 17:00:00
1713,4980,131,2,20,70,4.1,120,20,2024-08-29 13:57:00
1714,4606,61,6,17,65,1.7,120,12,2025-01-31 09:25:00
1715,4530,10,16,24,64,4.7,45,13,2024-05-26 11:44:00
1716,4461,178,1,18,67,2.5,45,5,2024-05-20 11:23:00
1717,4828,35,9,20,61,2.8,45,16,2024-05-22 16:33:00
1718,5079,61,17,14,67,4.4,90,23,2024-07-12 21:54:00
1719,4824,100,19,10,70,3.8,60,18,2025-11-24 16:07:00
1720,4872,30,10,15,64,2.8,120,19,2025-11-12 14:15:00
1721,4381,84,19,14,68,1.6,120,26,2025-10-20 08:29:00
1722,4450,145,13,12,64,2.2,120,19,2024-03-17 13:06:00
1723,4715,170,14,11,63,4.0,90,10,2025-01-02 18:38:00
1724,5110,172,17,19,64,4.6,60,9,2025-09-06 12:43:00
1725,4484,64,3,20,64,1.9,120,6,2025-09-24 16:56:00
1726,4820,166,19,24,66,1.6,120,28,2025-03-01 10:46:00
1727,4719,115,5,23,68,1.6,60,21,2025-03-10 22:31:00
1728,4841,101,7,11,67,3.9,45,10,2024-05-08 09:30:00
1729,4622,97,2,11,66,1.1,60,21,2024-12-03 12:21:00
1730,4734,29,10,18,66,2.3,60,12,2025-10-10 08:23:00
1731,4703,95,4,19,70,1.9,45,10,2025-11-05 18:37:00
1732,4987,31,7,11,63,3.0,120,15,2024-05-17 22:00:00
1733,5058,98,7,19,62,2.7,120,8,2024-08-06 07:25:00
1734,5059,116,7,24,66,2.9,90,19,2024-06-27 18:11:00
1735,4528,114,12,14,66,4.1,60,15,2025-11-02 13:56:00
1736,4460,185,1,23,68,4.0,120,17,2024-04-14 18:39:00
1737,4661,31,2,10,65,4.4,120,7,2024-08-05 07:33:00
1738,4384,33,1,14,67,3.0,60,20,2025-07-21 12:08:00
1739,4793,94,3,11,68,3.1,90,10,2024-10-22 15:00:00
1740,5043,188,14,19,66,3.6,45,21,2025-05-16 09:32:00
1741,4599,68,16,19,69,5.0,90,13,2025-07-04 18:56:00
1742,4688,80,6,13,66,1.6,45,28,2025-09-30 10:02:00
1743,4846,74,11,20,68,1.1,120,29,2025-02-22 15:51:00
1744,4898,104,6,20,66,4.7,60,18,2025-01-16 17:59:00
1745,4748,33,10,18,69,4.0,120,8,2025-04-15 11:09:00
1746,5055,27,3,16,63,3.6,60,12,2024-07-30 11:10:00
1747,5026,44,3,24,61,4.3,120,7,2025-04-22 18:41:00
1748,4629,26,3,23,69,4.4,120,9,2025-05-26 19:09:00
1749,4714,53,4,13,64,2.2,60,28,2025-07-16 20:56:00
1750,4603,16,19,11,69,1.5,45,26,2025-02-06 16:14:00
1751,4828,81,4,10,65,2.8,45,21,2024-04-22 14:49:00
1752,5055,183,17,11,68,4.2,120,26,2024-11-01 19:37:00
1753,4544,22,19,11,65,2.2,45,20,2024-04-20 13:08:00
1754,4605,114,10,19,70,4.3,60,12,2025-04-12 22:43:00
1755,4771,133,15,21,61,2.1,60,14,2025-01-11 18:37:00
1756,4803,135,2,24,68,2.0,120,26,2024-03-16 07:12:00
1757,4511,46,1,20,69,2.7,45,6,2025-10-08 06:57:00
1758,4571,192,20,16,66,4.0,120,5,2024-08-30 14:10:00
1759,4477,107,17,12,64,3.8,90,17,2025-10-30 16:58:00
1760,4943,6,18,21,62,1.4,45,10,2024-09-24 18:36:00
1761,4748,151,5,17,69,3.7,60,5,2025-09-03 09:47:00
1762,5022,175,5,12,66,2.3,120,5,2024-05-17 15:38:00
1763,5097,51,4,12,61,2.3,45,30,2024-02-09 10:32:00
1764,4615,190,13,14,63,2.1,90,28,2025-01-10 22:03:00
1765,4451,189,19,16,69,4.2,90,22,2025-03-04 11:08:00
1766,4570,111,14,15,63,2.9,120,17,2025-10-10 12:44:00
1767,4956,118,10,10,70,1.2,120,10,2025-03-29 08:10:00
1768,4904,38,2,17,63,4.0,120,17,2024-04-07 06:26:00
1769,4630,63,13,17,66,4.1,90,12,2025-06-10 19:06:00
1770,4809,129,20,10,69,4.3,120,22,2024-03-27 10:18:00
1771,4469,48,15,19,62,4.7,60,6,2025-07-15 06:08:00
1772,4647,119,7,11,70,3.9,120,9,2024-10-12 12:18:00
1773,4575,22,14,17,67,2.2,90,5,2024-01-25 08:28:00
1774,5081,109,11,10,61,1.2,90,17,2024-03-30 18:22:00
1775,5077,197,18,14,64,1.4,120,15,2024-02-19 21:22:00
1776,4757,195,16,20,69,2.6,45,23,2024-12-31 13:45:00
1777,4669,179,10,21,66,1.6,60,28,2024-05-24 12:42:00
1778,4758,161,9,23,61,3.5,45,26,2024-01-27 21:01:00
1779,4905,7,17,14,62,3.5,45,28,2024-04-03 08:11:00
1780,4524,140,18,22,68,3.3,60,12,2025-07-22 18:27:00
1781,4645,4,16,18,70,2.7,45,27,2025-01-05 13:39:00
1782,5097,180,11,10,63,5.0,45,29,2025-07-02 18:00:00
1783,4528,182,2,17,67,3.8,45,30,2024-07-14 22:58:00
1784,4388,191,1,17,68,1.7,120,21,2025-04-06 18:37:00
1785,4915,57,13,19,62,4.7,45,9,2024-11-14 12:15:00
1786,4545,6,12,24,70,2.3,120,28,2025-10-22 17:24:00
1787,4915,93,11,20,67,1.3,90,25,2024-11-13 18:55:00
1788,4882,16,15,10,62,3.2,120,21,2025-04-14 16:16:00
1789,5056,112,2,19,66,2.2,60,6,2024-06-21 21:58:00
1790,4773,48,17,23,68,3.6,60,14,2024-03-24 17:43:00
1791,4515,73,17,16,67,2.4,45,8,2025-09-15 16:31:00
1792,4739,37,8,20,63,4.8,60,20,2024-01-30 10:39:00
1793,4613,126,11,12,63,4.0,120,25,2025-04-22 18:40:00
1794,4394,59,5,23,70,2.0,45,25,2024-11-26 16:43:00
1795,4393,4,9,22,65,2.6,45,27,2024-05-30 20:38:00
1796,4732,170,15,10,67,2.6,60,7,2025-11-30 14:39:00
1797,4796,78,11,13,65,1.4,45,27,2025-03-07 18:26:00
1798,4764,29,6,22,70,1.8,60,10,2024-05-26 11:37:00
1799,4833,11,8,22,70,4.8,120,29,2024-03-20 20:11:00
1800,4779,109,6,10,70,2.5,120,28,2024-10-30 16:17:00
1801,5041,62,5,17,62,4.9,120,5,2025-04-16 14:58:00
1802,4774,145,7,19,65,4.3,90,15,2025-05-02 21:59:00
1803,4405,15,3,19,67,2.6,90,10,2024-09-22 20:39:00
1804,4929,115,7,23,64,3.1,90,6,2025-11-23 21:09:00
1805,4548,158,4,16,68,1.8,120,26,2025-05-14 15:44:00
1806,4789,111,11,18,70,1.0,60,12,2024-06-26 13:51:00
1807,4610,7,19,24,68,1.1,120,11,2024-10-07 12:19:00
1808,4643,37,6,22,65,3.6,120,18,2025-04-14 09:01:00
1809,4928,49,8,13,64,1.6,120,21,2025-07-01 11:56:00
1810,4578,87,17,19,63,3.1,120,20,2025-11-19 21:47:00
1811,4734,121,14,12,68,4.2,60,12,2024-11-01 15:02:00
1812,5073,179,4,24,67,4.4,120,30,2025-09-26 21:36:00
1813,5051,93,17,24,68,2.8,120,11,2025-03-19 17:16:00
1814,4986,91,2,16,64,1.4,45,27,2024-06-05 17:45:00
1815,4803,121,16,22,70,2.4,120,6,2025-05-27 19:22:00
1816,5044,86,17,12,70,3.3,120,6,2025-05-01 07:24:00
1817,4999,62,19,16,67,3.7,45,20,2025-11-17 18:37:00
1818,4686,184,4,17,65,2.3,60,10,2024-02-04 22:50:00
1819,5101,171,6,12,66,3.3,90,17,2024-06-11 06:33:00
1820,4446,138,12,13,69,1.3,120,19,2025-03-27 21:32:00
1821,4808,113,5,22,69,3.4,90,18,2024-02-13 21:14:00
1822,5075,134,11,17,67,4.1,120,25,2024-10-15 12:31:00
1823,4952,158,13,22,68,2.8,60,28,2025-06-15 13:49:00
1824,4535,81,10,24,65,4.1,90,29,2025-06-25 12:55:00
1825,4820,145,5,24,68,3.0,60,12,2024-04-02 21:32:00
1826,4724,133,19,11,68,2.9,90,29,2024-11-28 15:52:00
1827,5037,190,13,10,69,4.2,90,12,2025-08-01 12:53:00
1828,4834,71,11,14,65,1.2,60,11,2025-10-06 22:14:00
1829,4733,197,13,13,68,4.6,90,16,2024-11-09 10:16:00
1830,4860,18,4,21,62,1.3,45,8,2025-06-25 14:15:00
1831,4984,35,6,22,65,3.7,90,7,2024-10-04 22:56:00
1832,4629,10,5,13,69,2.9,45,10,2024-04-24 13:12:00
1833,4950,132,20,23,61,1.9,120,11,2025-05-18 21:48:00
1834,4963,58,18,22,61,4.1,60,24,2024-12-01 17:40:00
1835,4493,178,13,14,63,1.0,45,20,2024-08-07 22:28:00
1836,4805,175,10,14,68,3.1,45,25,2026-01-10 11:28:00
1837,5024,53,16,17,69,1.6,90,16,2025-07-14 20:10:00
1838,4771,88,17,12,66,2.6,120,17,2025-12-24 20:44:00
1839,4434,139,9,14,62,4.5,45,5,2025-01-31 11:58:00
1840,4451,111,7,11,70,3.2,60,22,2024-07-22 15:09:00
1841,4486,106,20,24,67,2.9,45,19,2024-01-24 13:29:00
1842,4633,5,4,19,70,1.6,60,14,2024-04-27 21:29:00
1843,4950,143,6,15,67,2.1,90,24,2024-12-16 09:02:00
1844,5050,164,12,21,63,1.7,120,18,2024-08-19 10:55:00
1845,4685,38,12,13,70,4.7,120,16,2025-09-30 12:42:00
1846,4934,26,7,24,64,3.6,90,10,2025-08-05 12:49:00
1847,4408,133,13,13,69,3.5,120,29,2025-03-03 17:30:00
1848,4714,65,11,10,66,3.3,45,20,2025-11-04 10:10:00
1849,4796,90,17,20,69,2.1,45,15,2024-07-25 10:17:00
1850,4932,22,4,10,62,3.8,60,19,2025-03-11 16:05:00
1851,5093,188,1,17,68,3.1,45,25,2024-12-20 20:07:00
1852,4856,142,5,12,68,1.3,60,18,2024-07-24 16:55:00
1853,4801,148,16,22,64,2.0,45,16,2024-03-17 15:07:00
1854,4786,54,3,21,65,4.1,90,18,2024-10-29 21:20:00
1855,4764,127,6,16,61,3.1,90,20,2024-03-23 07:14:00
1856,5084,119,5,17,70,2.3,45,29,2025-01-26 15:15:00
1857,5058,16,19,18,61,1.3,90,17,2024-03-04 11:46:00
1858,4455,111,7,17,62,3.4,120,6,2024-10-06 22:06:00
1859,5048,103,1,13,65,2.2,60,25,2024-03-09 15:55:00
1860,4785,99,10,22,70,4.3,45,5,2024-11-12 12:19:00
1861,5014,149,11,16,61,4.2,60,6,2024-04-01 22:35:00
1862,4677,129,5,15,62,1.7,120,29,2025-09-08 09:37:00
1863,5021,96,18,19,63,3.3,120,17,2024-05-28 12:06:00
1864,4831,124,14,18,61,4.0,60,20,2025-08-19 08:02:00
1865,4392,28,8,21,67,3.3,120,5,2024-05-05 11:42:00
1866,4846,85,3,20,65,1.8,60,24,2025-10-17 06:37:00
1867,4663,168,15,16,68,3.5,45,16,2024-08-29 19:46:00
1868,5050,121,20,18,70,4.8,90,17,2025-05-20 08:44:00
1869,4440,65,8,14,62,4.8,45,27,2025-10-18 13:07:00
1870,4547,109,10,12,66,1.8,60,26,2025-04-30 20:49:00
1871,4723,96,13,17,68,1.4,60,23,2025-01-01 21:48:00
1872,4523,174,17,12,65,2.6,120,13,2025-08-02 11:52:00
1873,4592,48,11,16,62,2.7,45,8,2025-05-23 16:09:00
1874,4668,67,15,13,66,2.1,45,26,2026-01-09 19:50:00
1875,4888,59,2,22,63,2.4,45,7,2025-12-21 15:00:00
1876,4808,29,3,20,63,3.0,120,8,2025-08-22 06:16:00
1877,4472,46,11,23,69,4.0,90,20,2024-03-12 09:41:00
1878,4966,151,15,13,64,1.8,60,29,2025-06-16 13:35:00
1879,4557,70,19,16,61,3.4,45,6,2024-09-25 08:36:00
1880,5036,195,1,14,69,1.7,90,25,2024-10-07 21:09:00
1881,4506,108,3,15,68,1.2,90,11,2025-08-12 14:44:00
1882,4384,194,20,12,68,2.7,120,7,2025-11-11 22:53:00
1883,4729,96,3,22,65,2.9,45,22,2025-08-20 11:56:00
1884,4990,100,12,15,67,3.2,90,21,2025-12-17 22:31:00
1885,4460,146,19,24,69,3.6,45,11,2024-05-26 07:34:00
1886,4739,42,12,21,64,1.7,90,18,2024-08-12 21:45:00
1887,5097,56,15,13,65,2.8,90,5,2024-04-26 09:23:00
1888,4911,51,19,11,65,4.4,45,27,2025-11-06 14:16:00
1889,4892,176,20,18,69,4.6,120,24,2025-04-24 13:03:00
1890,4425,47,18,17,67,2.9,45,28,2024-08-12 07:05:00
1891,4473,24,13,21,68,5.0,45,14,2024-06-05 07:36:00
1892,4687,91,10,15,67,1.3,120,23,2025-11-22 10:55:00
1893,4788,64,7,11,66,4.3,45,22,2025-07-06 13:20:00
1894,4795,14,1,22,70,5.0,90,17,2025-08-12 08:17:00
1895,4661,137,10,18,68,1.7,45,10,2025-10-14 15:41:00
1896,4557,86,19,11,69,4.6,45,10,2024-12-25 22:09:00
1897,5074,2,19,13,68,1.7,90,14,2024-09-09 12:16:00
1898,5067,128,8,15,67,3.3,60,24,2025-04-08 11:06:00
1899,4645,134,6,13,61,1.8,120,12,2024-05-30 13:59:00
1900,5022,69,6,12,64,1.7,45,18,2024-08-20 12:53:00
1901,4418,144,4,19,66,3.5,90,22,2024-08-18 21:58:00
1902,4924,156,17,13,70,4.5,120,15,2025-02-11 19:51:00
1903,4939,52,4,10,67,1.0,90,25,2024-02-03 10:14:00
1904,4832,60,1,12,67,3.1,60,26,2026-01-02 13:13:00
1905,4868,144,16,19,68,4.0,45,22,2025-09-20 12:35:00
1906,4632,91,4,19,62,1.5,120,26,2024-05-20 12:58:00
1907,4402,190,10,14,65,4.3,60,5,2025-03-18 17:27:00
1908,4618,165,8,17,61,1.3,120,29,2025-05-21 18:15:00
1909,5083,192,9,21,61,3.3,45,23,2025-11-03 06:01:00
1910,4734,38,9,12,66,3.9,60,25,2025-12-17 07:22:00
1911,4750,28,8,15,69,1.2,45,21,2024-07-01 10:19:00
1912,4642,137,3,13,69,3.5,60,8,2025-07-26 07:40:00
1913,5052,166,7,22,63,3.3,60,15,2026-01-09 16:41:00
1914,4738,45,18,17,70,2.6,60,23,2024-07-25 21:20:00
1915,4993,3,10,19,65,1.5,120,24,2024-11-04 21:40:00
1916,4540,63,8,11,67,4.9,120,7,2025-02-24 08:35:00
1917,4712,199,2,20,68,1.4,45,6,2024-09-05 15:07:00
1918,4829,83,4,13,68,4.1,60,19,2024-04-01 16:33:00
1919,4580,76,19,22,68,1.5,120,13,2026-01-07 21:14:00
1920,4569,11,16,13,66,3.8,45,15,2024-12-13 12:41:00
1921,4961,143,12,10,65,3.2,120,28,2024-06-16 11:23:00
1922,4936,73,19,14,66,4.1,90,19,2025-03-15 09:06:00
1923,4692,107,10,14,67,1.9,120,22,2025-03-22 22:46:00
1924,4873,183,18,19,67,4.4,45,27,2025-11-08 20:28:00
1925,4638,187,10,10,68,2.5,90,29,2025-02-22 07:11:00
1926,4466,57,14,10,68,3.6,120,24,2024-08-12 19:47:00
1927,4694,187,20,22,62,2.5,45,8,2024-12-26 14:12:00
1928,4979,173,14,21,67,3.3,120,15,2025-02-03 22:06:00
1929,4841,38,18,21,70,4.6,60,22,2025-05-15 06:26:00
1930,4454,184,15,14,63,3.3,90,6,2024-02-22 15:40:00
1931,4934,162,9,15,70,2.5,90,17,2025-02-28 21:34:00
1932,4604,85,13,21,67,2.4,90,20,2025-12-15 11:49:00
1933,4626,72,11,15,63,4.7,60,13,2024-11-28 21:55:00
1934,4453,117,5,16,64,4.0,45,28,2026-01-06 15:31:00
1935,4787,4,20,21,69,2.4,60,16,2025-07-06 15:55:00
1936,4406,156,1,10,69,3.9,90,21,2025-12-29 15:53:00
1937,4440,99,15,10,67,2.4,90,15,2026-01-17 09:33:00
1938,4686,149,11,18,64,4.5,45,15,2024-02-11 17:23:00
1939,4461,73,16,17,69,1.1,45,30,2025-04-23 20:57:00
1940,4919,47,6,24,65,4.8,45,13,2025-04-29 16:59:00
1941,4749,177,2,11,62,4.8,120,21,2024-12-28 08:42:00
1942,4581,164,8,21,64,2.8,45,29,2025-11-16 17:00:00
1943,4952,95,19,13,65,2.5,60,16,2024-02-22 06:32:00
1944,4736,177,20,23,70,3.2,90,18,2024-09-21 15:06:00
1945,4412,54,1,19,70,3.2,60,26,2025-09-29 06:42:00
1946,4708,120,14,21,62,4.6,120,30,2025-07-13 15:55:00
1947,4823,80,19,20,65,1.7,120,11,2025-12-19 10:22:00
1948,4409,25,4,14,68,1.8,90,25,2025-11-06 21:11:00
1949,4585,94,13,18,64,3.0,90,24,2024-05-22 18:00:00
1950,4931,19,2,15,62,3.6,45,5,2024-09-13 17:41:00
1951,5060,53,7,10,64,4.3,90,11,2025-03-16 13:22:00
1952,4386,100,13,10,66,4.7,60,23,2024-12-02 07:35:00
1953,4413,167,7,19,63,4.4,90,18,2024-03-17 20:52:00
1954,4968,190,17,24,63,3.2,45,27,2025-11-14 06:47:00
1955,4480,24,16,11,63,4.9,90,16,2024-04-29 08:22:00
1956,4810,56,10,12,67,4.0,45,24,2025-11-10 16:46:00
1957,4795,92,20,13,69,4.8,45,30,2024-10-06 14:11:00
1958,4471,182,5,23,67,2.7,90,24,2024-11-26 08:19:00
1959,4509,112,12,10,65,1.7,60,8,2025-02-05 22:37:00
1960,4914,92,18,16,62,4.8,45,27,2024-07-24 09:48:00
1961,4633,117,14,17,70,1.6,60,20,2025-04-08 10:21:00
1962,4735,182,7,24,65,3.7,60,28,2024-02-17 09:30:00
1963,4782,139,10,13,64,4.8,90,25,2025-02-18 11:59:00
1964,4785,150,1,23,65,2.1,45,11,2025-11-27 17:34:00
1965,4808,116,17,22,69,3.4,45,11,2025-08-20 19:44:00
1966,5019,78,17,23,70,3.9,60,5,2025-09-28 18:47:00
1967,4418,5,8,19,70,4.5,120,20,2024-10-25 20:17:00
1968,4835,67,5,13,70,2.1,60,12,2025-10-12 10:27:00
1969,4395,12,16,22,65,3.3,60,18,2025-10-09 14:24:00
1970,4579,163,3,10,67,1.8,60,11,2024-07-18 19:31:00
1971,4916,130,9,15,69,4.6,90,26,2025-11-25 10:08:00
1972,4751,144,5,23,69,4.7,90,29,2025-11-25 11:41:00
1973,4643,103,13,10,62,1.8,120,26,2025-06-08 19:14:00
1974,5026,16,3,24,62,2.8,45,5,2025-09-10 16:21:00
1975,5072,185,17,16,61,3.8,45,14,2024-09-15 11:20:00
1976,4862,25,9,19,68,3.4,120,9,2025-02-17 15:40:00
1977,4698,10,19,17,62,3.1,45,6,2024-04-27 10:35:00
1978,4758,101,3,13,67,1.5,90,29,2024-09-01 18:21:00
1979,4970,72,12,14,69,4.1,90,8,2025-03-26 08:49:00
1980,4944,146,4,19,62,4.0,120,13,2024-08-30 16:38:00
1981,4540,41,11,13,67,4.0,120,5,2024-09-22 15:02:00
1982,4953,69,2,23,67,1.1,45,10,2024-09-03 13:20:00
1983,4759,76,5,10,61,2.9,120,13,2025-12-09 19:34:00
1984,4442,89,18,14,66,1.9,60,29,2024-12-16 15:50:00
1985,4627,58,12,21,67,4.0,90,17,2025-02-21 13:35:00
1986,4842,117,2,15,61,2.6,120,16,2024-08-13 18:08:00
1987,4669,108,2,16,65,3.6,90,17,2025-10-23 09:53:00
1988,4696,30,6,15,67,1.0,45,16,2024-12-11 17:10:00
1989,4922,126,7,23,69,3.8,120,21,2025-08-20 15:07:00
1990,4774,117,2,12,68,1.7,60,17,2025-07-11 06:30:00
1991,4542,43,15,20,68,2.9,45,14,2024-08-24 13:26:00
1992,4848,120,2,21,63,1.4,120,16,2025-04-02 11:30:00
1993,4738,143,1,10,67,4.3,45,20,2024-06-04 06:45:00
1994,4393,194,13,10,65,4.4,120,21,2025-11-17 12:08:00
1995,4558,91,6,17,67,3.5,45,27,2025-12-13 14:14:00
1996,4913,3,8,18,61,3.8,60,26,2024-03-26 15:02:00
1997,4386,48,14,15,69,3.8,45,7,2025-01-31 06:29:00
1998,4663,69,4,23,65,3.1,120,16,2025-05-26 13:24:00
1999,4916,65,2,10,69,2.6,120,16,2025-08-23 12:13:00
2000,4986,175,5,10,70,1.5,45,18,2025-02-22 16:50:00
2001,4708,153,4,17,66,2.1,45,9,2026-01-02 21:24:00
2002,4430,60,4,13,65,2.4,90,30,2025-11-04 21:39:00
2003,4994,84,14,15,62,2.9,90,12,2025-07-31 07:31:00
2004,4452,168,15,12,68,4.2,45,27,2025-07-05 16:46:00
2005,4473,53,11,18,70,1.6,45,22,2025-12-31 15:43:00
2006,4624,23,14,10,69,2.7,120,23,2025-10-25 17:46:00
2007,4603,82,11,22,65,1.1,60,13,2025-06-21 14:55:00
2008,4514,108,2,14,63,1.7,120,27,2024-01-22 09:50:00
2009,4985,54,1,23,68,1.9,45,29,2025-03-15 17:37:00
2010,4447,24,2,10,62,1.9,60,21,2024-06-22 21:28:00
2011,5102,153,4,15,67,1.8,90,19,2024-12-27 16:22:00
2012,4661,200,6,18,61,2.2,45,14,2024-11-23 17:14:00
2013,4729,174,2,10,66,4.6,45,10,2025-07-31 14:44:00
2014,4446,192,2,22,63,3.5,60,30,2024-10-13 22:23:00
2015,4487,14,11,21,70,2.4,90,8,2024-07-26 14:28:00
2016,4675,122,2,17,66,4.3,60,16,2024-01-30 07:46:00
2017,5090,164,16,16,62,3.9,45,28,2024-12-09 08:14:00
2018,4551,72,14,19,67,4.1,90,27,2025-01-17 06:57:00
2019,4584,28,19,23,65,1.3,90,13,2024-08-18 06:10:00
2020,5034,120,18,18,67,4.7,120,26,2026-01-04 22:55:00
2021,5039,16,15,14,68,1.8,60,13,2024-08-09 22:34:00
2022,4537,118,17,15,67,3.5,45,12,2024-07-03 12:20:00
2023,4587,45,14,14,64,3.4,90,7,2024-04-29 07:39:00
2024,4809,110,8,23,68,2.5,90,14,2025-03-16 18:28:00
2025,4946,76,16,21,65,1.2,90,10,2025-02-10 09:00:00
2026,4430,118,13,22,64,2.5,60,6,2025-10-17 08:40:00
2027,4576,12,1,20,68,2.0,60,10,2025-09-27 16:42:00
2028,4566,38,19,23,63,3.8,90,14,2025-08-11 17:53:00
2029,4833,191,10,15,70,2.6,60,21,2024-09-06 21:08:00
2030,4650,34,3,13,70,1.7,90,12,2024-03-21 07:05:00
2031,4408,44,8,21,70,1.7,120,30,2025-08-04 07:30:00
2032,4471,28,10,12,66,3.9,60,22,2025-11-24 17:27:00
2033,4995,73,4,14,70,2.3,90,26,2025-12-30 11:28:00
2034,4927,68,6,21,67,4.7,60,28,2024-02-27 21:52:00
2035,4545,120,4,22,64,2.4,120,28,2024-11-27 13:53:00
2036,4919,75,18,15,65,3.9,60,10,2025-05-18 21:37:00
2037,4619,15,10,20,63,4.6,90,27,2025-10-25 06:38:00
2038,4886,1,15,19,62,3.7,90,27,2025-05-18 18:52:00
2039,4465,174,18,12,63,2.4,120,17,2024-03-11 19:40:00
2040,4680,110,16,12,69,3.1,120,6,2024-05-09 12:43:00
2041,4532,6,16,17,61,4.7,120,9,2024-12-04 15:49:00
2042,4545,6,6,16,69,1.7,90,26,2024-09-23 15:53:00
2043,4677,117,20,19,63,2.0,120,23,2025-02-17 07:14:00
2044,5101,150,12,21,61,3.1,90,23,2025-09-13 16:11:00
2045,5055,59,1,17,67,2.4,90,24,2025-03-24 22:52:00
2046,5013,34,11,19,63,4.7,60,17,2025-10-27 17:56:00
2047,4535,114,12,16,64,2.1,60,9,2025-11-28 06:53:00
2048,4518,23,8,10,63,2.2,45,12,2025-10-16 10:51:00
2049,4534,171,4,12,65,4.8,60,23,2025-10-20 11:21:00
2050,4419,138,13,18,67,4.1,60,14,2024-02-16 13:43:00
2051,4547,154,7,21,65,4.9,45,7,2024-05-15 13:27:00
2052,4602,159,15,10,65,2.5,60,8,2024-11-14 17:36:00
2053,4979,41,10,18,61,1.0,60,10,2024-08-15 17:11:00
2054,4998,28,17,18,64,4.9,90,8,2024-03-26 15:53:00
2055,5030,92,2,13,65,1.4,90,18,2025-07-11 08:27:00
2056,4685,47,3,13,61,2.4,60,11,2024-03-30 22:41:00
2057,4511,197,3,14,66,4.0,120,20,2025-01-12 09:15:00
2058,4563,94,14,13,62,2.5,45,21,2024-03-22 22:06:00
2059,4620,182,20,22,62,2.5,120,10,2025-01-23 15:03:00
2060,4447,14,9,17,67,2.7,90,22,2025-09-16 20:07:00
2061,4660,116,10,22,61,3.8,45,21,2024-05-13 17:00:00
2062,5045,38,3,17,69,4.2,90,9,2026-01-07 22:03:00
2063,4428,50,19,22,67,1.6,45,15,2024-03-08 12:52:00
2064,5033,36,14,12,64,3.0,45,29,2025-03-03 13:09:00
2065,4528,18,14,16,64,4.2,120,10,2025-02-03 15:29:00
2066,4566,8,4,19,67,4.7,60,13,2024-10-25 16:43:00
2067,5074,27,3,11,63,4.2,120,28,2025-02-11 09:55:00
2068,4390,79,5,13,70,2.5,90,30,2024-06-03 20:37:00
2069,4890,24,5,17,69,3.7,120,9,2025-10-30 13:49:00
2070,4499,163,16,12,69,2.0,45,14,2024-11-01 18:35:00
2071,4427,39,17,23,67,3.2,60,29,2024-04-03 15:19:00
2072,4608,65,19,10,67,4.5,120,24,2025-12-19 12:21:00
2073,4767,108,16,10,69,3.3,90,19,2025-11-07 21:29:00
2074,4917,110,19,14,68,4.6,90,27,2025-07-16 13:52:00
2075,4548,74,8,18,64,1.5,120,8,2024-02-06 09:00:00
2076,4694,140,13,18,61,3.1,60,22,2025-05-10 09:21:00
2077,4710,183,19,11,62,3.3,45,25,2024-06-22 18:05:00
2078,4934,9,4,16,69,1.8,90,14,2025-04-27 15:39:00
2079,4889,154,20,14,67,2.2,60,19,2024-02-03 06:57:00
2080,4889,70,10,17,69,4.9,60,20,2024-02-11 07:09:00
2081,4678,160,13,11,64,3.5,45,24,2024-12-02 18:26:00
2082,4484,198,13,12,69,1.9,60,15,2025-05-26 13:56:00
2083,4679,130,5,20,66,4.6,120,28,2025-01-05 16:21:00
2084,4840,154,5,22,66,3.8,60,7,2025-05-24 19:37:00
2085,4464,30,18,11,63,2.7,45,13,2025-08-19 15:39:00
2086,4971,197,20,20,70,1.6,45,10,2024-08-27 20:12:00
2087,5028,53,12,10,66,1.5,45,10,2025-09-26 14:46:00
2088,4452,102,13,20,62,2.1,60,9,2025-01-05 18:14:00
2089,4660,5,1,15,61,3.6,90,27,2025-08-15 17:57:00
2090,4752,176,17,17,70,2.6,60,6,2024-04-20 13:34:00
2091,4796,177,8,19,68,3.2,60,26,2025-10-04 15:28:00
2092,4785,113,11,17,70,2.8,60,17,2024-02-11 08:49:00
2093,4527,181,1,23,62,1.9,60,13,2025-02-16 16:02:00
2094,4733,59,19,14,64,3.0,60,6,2025-06-20 15:39:00
2095,4564,31,3,16,69,3.0,60,6,2025-10-21 18:14:00
2096,4493,199,20,19,65,2.4,45,12,2026-01-16 07:50:00
2097,5040,13,16,22,65,4.4,90,25,2025-05-01 09:31:00
2098,4383,91,11,23,62,2.7,45,23,2024-06-20 15:10:00
2099,4566,185,12,16,63,4.1,45,23,2024-03-23 17:04:00
2100,5094,92,9,15,69,3.4,45,8,2024-07-04 14:05:00
2101,4992,170,9,22,63,2.5,120,8,2024-10-29 19:19:00
2102,4805,74,6,14,68,3.0,90,27,2024-07-14 06:07:00
2103,4530,73,3,10,65,1.5,60,13,2025-02-08 19:21:00
2104,4672,162,5,18,61,1.2,120,29,2024-10-09 15:52:00
2105,4526,69,14,11,68,4.2,45,19,2024-06-27 21:46:00
2106,4522,134,1,13,62,4.5,90,29,2025-06-15 08:10:00
2107,4576,169,7,22,67,3.4,45,22,2024-04-12 12:33:00
2108,5088,181,12,24,70,4.1,60,8,2025-09-11 22:06:00
2109,4561,17,1,21,62,4.3,45,26,2024-05-25 13:15:00
2110,4543,188,7,13,66,3.0,120,19,2025-02-06 15:24:00
2111,4822,98,1,11,62,3.4,45,8,2025-01-02 11:12:00
2112,4622,36,7,24,65,2.8,90,28,2025-05-15 14:50:00
2113,4680,172,3,19,63,4.6,60,27,2025-09-10 21:21:00
2114,5081,177,9,12,68,4.4,120,19,2024-07-05 14:36:00
2115,4518,5,2,14,69,4.8,60,12,2024-08-19 13:44:00
2116,4857,115,9,13,69,4.1,60,18,2024-05-14 17:23:00
2117,5085,27,8,24,65,1.6,60,17,2025-08-18 18:07:00
2118,4878,38,15,16,61,1.6,60,16,2024-08-03 19:22:00
2119,4728,140,7,23,70,3.3,120,14,2025-05-16 14:35:00
2120,4494,43,1,11,69,2.1,90,21,2024-12-30 21:54:00
2121,4524,2,5,13,61,4.9,90,22,2025-05-07 17:44:00
2122,4545,151,5,12,68,3.3,60,22,2024-12-04 18:51:00
2123,4427,144,7,13,67,1.6,120,14,2024-02-24 18:57:00
2124,4826,69,5,16,64,4.4,120,23,2024-06-27 15:45:00
2125,4740,96,19,21,68,3.6,60,30,2025-01-21 06:19:00
2126,4790,67,20,11,70,4.7,45,22,2025-08-29 12:16:00
2127,5036,101,15,13,65,4.6,60,12,2026-01-15 20:27:00
2128,4616,164,14,21,69,2.2,120,5,2025-05-01 15:02:00
2129,4389,200,14,10,68,2.4,90,8,2024-11-25 09:30:00
2130,4501,3,18,13,69,2.4,60,21,2024-11-02 19:32:00
2131,4644,191,3,20,69,3.7,45,13,2024-01-31 09:48:00
2132,4470,65,7,14,67,1.8,60,22,2024-07-10 15:40:00
2133,4896,144,9,23,64,1.7,120,29,2024-06-16 08:52:00
2134,4921,20,19,16,63,1.0,45,24,2025-10-07 20:55:00
2135,4865,175,7,19,67,2.0,60,12,2025-10-30 11:51:00
2136,4719,120,18,14,61,4.6,120,8,2025-03-19 12:37:00
2137,4516,83,6,14,67,1.7,45,12,2024-05-24 12:06:00
2138,4505,102,15,19,67,2.2,90,6,2024-10-17 07:24:00
2139,5044,7,6,16,68,2.8,45,11,2024-01-24 22:23:00
2140,4390,5,5,14,64,1.2,60,22,2025-07-06 10:12:00
2141,4953,161,5,22,63,4.3,45,29,2026-01-04 11:01:00
2142,4504,51,16,23,67,1.2,60,19,2025-01-01 11:07:00
2143,4846,29,20,16,62,1.8,90,18,2024-09-20 20:09:00
2144,4620,151,1,23,70,3.9,45,6,2025-04-01 19:10:00
2145,4597,125,10,10,63,4.0,60,7,2025-08-19 14:08:00
2146,4502,100,5,20,68,2.9,60,26,2024-11-01 16:31:00
2147,4516,180,17,24,63,1.5,60,19,2025-07-31 14:47:00
2148,4468,152,14,13,68,2.0,45,30,2025-11-01 21:59:00
2149,4652,5,19,20,61,1.6,45,27,2024-11-17 13:56:00
2150,4429,49,2,21,61,4.8,90,12,2024-06-23 22:40:00
2151,5037,21,13,21,68,1.1,120,13,2025-03-18 14:02:00
2152,4706,56,13,19,63,3.0,90,15,2025-04-22 15:58:00
2153,4958,38,20,24,65,4.9,45,7,2024-03-02 11:14:00
2154,4667,178,6,15,63,5.0,90,17,2025-10-22 22:41:00
2155,4683,188,18,21,66,3.8,45,8,2025-05-24 11:02:00
2156,4386,84,6,15,61,3.4,120,19,2025-02-05 22:26:00
2157,4947,190,12,19,65,4.8,90,10,2024-03-11 14:54:00
2158,4605,164,4,24,66,3.0,60,15,2025-12-15 21:38:00
2159,4542,35,6,21,63,3.2,90,19,2024-11-19 13:47:00
2160,4537,144,4,13,68,1.3,60,23,2024-03-07 15:34:00
2161,4519,17,17,11,63,1.2,90,13,2025-11-03 20:58:00
2162,4735,166,2,11,66,3.1,45,15,2025-07-04 19:35:00
2163,4978,130,7,10,62,1.1,45,9,2024-04-20 12:46:00
2164,4423,144,15,14,68,2.7,90,9,2024-04-22 11:46:00
2165,4471,57,8,12,63,3.3,60,9,2024-08-08 14:32:00
2166,4831,6,18,19,69,3.4,45,20,2025-11-10 06:51:00
2167,4950,49,15,11,66,2.4,120,25,2025-12-27 17:45:00
2168,4837,140,3,13,68,4.2,45,18,2024-05-09 07:15:00
2169,4578,56,3,10,66,1.6,45,26,2024-09-22 15:46:00
2170,4968,114,8,16,69,1.8,45,23,2025-09-08 21:45:00
2171,4789,198,14,10,62,3.1,45,24,2025-08-24 07:07:00
2172,5085,95,11,17,68,3.9,60,29,2024-02-22 21:03:00
2173,4585,31,7,18,69,4.0,120,29,2025-03-11 19:33:00
2174,4948,6,15,24,70,1.3,90,23,2024-10-02 13:32:00
2175,4491,86,8,19,65,1.7,120,11,2025-02-16 14:27:00
2176,5018,140,19,15,66,2.1,90,9,2024-02-21 14:09:00
2177,4391,184,4,16,66,4.2,120,12,2025-06-06 18:43:00
2178,4622,91,5,23,61,4.0,90,19,2025-05-28 22:54:00
2179,4744,59,8,23,68,1.3,45,30,2025-02-22 06:20:00
2180,4973,89,18,19,63,2.1,60,13,2025-10-11 10:16:00
2181,5099,102,13,24,70,1.3,120,24,2024-08-08 15:19:00
2182,4430,35,17,24,69,4.6,60,20,2025-01-09 11:23:00
2183,5093,65,14,15,69,1.2,45,22,2024-06-24 21:05:00
2184,4430,151,20,14,67,3.4,60,15,2024-03-26 15:35:00
2185,4858,57,18,23,62,2.7,120,5,2025-04-08 14:46:00
2186,4442,81,19,20,64,4.8,90,16,2025-04-03 15:39:00
2187,4736,186,5,21,62,4.7,60,8,2024-08-05 14:43:00
2188,4730,162,11,24,63,4.9,45,27,2024-03-09 13:30:00
2189,4570,17,12,16,69,4.6,60,21,2025-11-04 15:50:00
2190,4592,139,9,11,63,2.0,90,12,2024-08-15 08:16:00
2191,4669,119,8,22,69,4.6,90,19,2024-11-14 08:39:00
2192,4999,154,19,20,63,3.6,45,14,2024-02-01 06:15:00
2193,5107,44,13,21,70,1.0,90,7,2024-07-29 06:33:00
2194,4526,79,9,19,66,2.8,120,18,2024-11-14 16:20:00
2195,4761,13,14,19,65,3.5,45,20,2025-06-18 17:44:00
2196,4854,129,5,10,66,2.3,45,24,2024-03-11 16:57:00
2197,4843,175,11,18,66,3.9,120,29,2024-10-28 10:16:00
2198,4650,34,8,11,65,3.2,90,16,2024-08-11 06:36:00
2199,5019,14,2,14,64,2.9,120,24,2025-05-06 10:10:00
2200,4399,15,18,17,70,1.4,90,15,2025-01-01 09:56:00
2201,4500,96,13,17,70,3.8,45,19,2024-04-07 09:46:00
2202,4885,56,14,22,65,3.9,120,18,2024-04-28 21:36:00
2203,4397,8,5,18,61,1.8,90,30,2024-05-13 10:55:00
2204,5038,126,11,19,65,2.5,90,20,2024-11-30 15:33:00
2205,4452,193,4,15,67,3.6,45,26,2024-03-03 13:40:00
2206,5012,173,20,21,68,2.8,120,21,2025-06-13 09:30:00
2207,4645,41,15,10,69,1.5,45,24,2025-12-09 14:57:00
2208,5060,89,3,12,65,4.5,60,9,2025-12-08 16:43:00
2209,4892,166,18,21,62,2.6,60,21,2024-05-14 22:24:00
2210,4601,177,1,13,68,3.1,90,18,2025-11-16 18:26:00
2211,4985,3,3,10,66,2.0,120,23,2025-09-25 15:02:00
2212,5031,27,5,16,64,2.9,90,14,2024-11-29 21:09:00
2213,4507,192,5,17,66,2.4,45,13,2025-03-10 20:52:00
2214,4473,64,19,17,62,1.9,120,10,2024-09-22 14:41:00
2215,4873,71,4,11,70,1.3,120,11,2025-03-28 08:13:00
2216,4841,49,19,15,67,2.5,90,14,2025-06-05 13:14:00
2217,5078,199,18,10,61,1.5,60,19,2024-11-13 15:16:00
2218,4941,51,10,23,64,3.7,60,18,2024-02-23 18:56:00
2219,5110,84,6,24,63,4.0,90,27,2025-06-08 08:50:00
2220,4778,41,5,21,67,1.6,90,23,2024-07-23 10:03:00
2221,4937,60,15,24,69,2.4,90,6,2025-05-18 06:46:00
2222,4506,115,9,24,69,2.0,120,21,2024-02-07 16:48:00
2223,4735,78,2,12,62,5.0,120,8,2024-10-12 17:56:00
2224,4914,113,11,23,67,4.2,45,6,2026-01-09 20:03:00
2225,4918,8,13,13,62,1.1,120,22,2025-12-23 07:12:00
2226,4853,71,3,12,65,2.3,45,10,2025-04-04 16:10:00
2227,4599,106,19,14,65,4.9,120,13,2025-05-08 17:55:00
2228,4912,27,13,21,61,1.5,120,25,2024-06-22 11:00:00
2229,4544,67,14,15,65,4.8,120,12,2024-08-16 08:13:00
2230,4431,179,14,15,64,2.5,120,13,2025-08-01 12:49:00
2231,4890,190,19,15,64,3.4,90,6,2025-02-17 06:56:00
2232,4510,191,18,10,68,1.2,60,22,2025-08-10 07:37:00
2233,4976,178,18,23,67,1.8,60,26,2025-01-14 22:55:00
2234,4921,113,11,20,68,3.8,120,11,2024-11-18 06:06:00
2235,4953,89,4,22,63,2.3,60,13,2025-08-29 22:31:00
2236,4435,199,1,13,70,1.0,120,9,2024-10-18 17:44:00
2237,4747,157,11,22,67,3.4,45,11,2025-07-11 13:57:00
2238,4746,149,13,12,69,3.7,60,15,2025-07-11 19:39:00
2239,4527,169,18,14,62,4.2,90,10,2025-07-20 21:19:00
2240,4804,168,6,21,68,2.0,45,23,2024-07-15 08:11:00
2241,4588,61,2,10,62,4.7,60,17,2025-10-20 20:35:00
2242,4860,19,6,17,70,2.9,90,7,2025-12-08 08:55:00
2243,5073,117,19,12,65,1.4,120,21,2024-03-22 07:10:00
2244,4920,22,13,23,69,3.1,60,18,2024-03-15 13:15:00
2245,5033,184,12,12,62,1.0,120,27,2025-08-28 21:56:00
2246,5040,75,3,16,63,2.3,90,17,2025-05-27 18:00:00
2247,4611,60,9,18,69,1.1,45,20,2024-05-17 06:21:00
2248,4954,67,19,22,62,4.9,45,17,2025-10-19 19:04:00
2249,4973,136,13,15,67,1.8,45,27,2024-12-07 10:29:00
2250,4395,105,12,14,67,2.0,45,24,2024-03-17 06:15:00
2251,4937,60,10,22,63,4.0,90,17,2025-03-04 22:27:00
2252,4969,100,4,24,61,2.4,90,30,2024-06-04 11:36:00
2253,4525,161,16,22,62,3.1,90,26,2024-06-29 10:43:00
2254,4414,122,16,15,65,2.0,45,6,2025-12-08 13:13:00
2255,4896,48,7,14,66,5.0,120,24,2025-04-11 11:44:00
2256,4930,5,9,23,61,2.8,120,13,2025-08-26 07:15:00
2257,4752,159,11,13,68,2.1,45,17,2025-02-22 21:37:00
2258,5002,113,11,14,61,2.3,90,16,2024-04-24 14:09:00
2259,4839,51,2,24,62,1.5,60,10,2025-07-29 10:18:00
2260,4708,9,9,21,62,3.7,60,19,2024-12-18 21:18:00
2261,4410,35,14,15,69,1.1,60,5,2024-12-17 08:04:00
2262,4715,29,3,17,62,1.8,90,18,2025-09-03 12:48:00
2263,4474,114,10,18,66,4.0,45,9,2025-05-08 17:43:00
2264,4421,94,12,19,70,2.7,60,9,2025-08-02 22:14:00
2265,5037,69,5,17,65,1.4,120,16,2024-04-03 08:40:00
2266,4999,194,8,16,62,4.9,120,9,2024-06-23 08:18:00
2267,4567,88,17,16,67,3.4,120,26,2024-06-05 07:05:00
2268,4901,138,6,16,70,3.0,45,7,2024-11-15 21:44:00
2269,4951,31,15,19,62,1.7,90,5,2024-03-26 09:52:00
2270,4778,108,8,12,68,4.7,120,29,2025-02-23 08:02:00
2271,4517,84,17,10,68,4.2,120,18,2026-01-10 08:16:00
2272,4684,63,8,17,64,1.3,60,21,2024-09-06 19:44:00
2273,4541,54,20,14,65,4.8,45,26,2025-09-05 12:25:00
2274,4410,145,8,16,65,3.1,90,12,2025-03-01 21:20:00
2275,4677,137,12,13,66,3.4,90,7,2024-12-22 17:12:00
2276,5096,3,8,14,70,2.5,90,30,2025-09-03 06:03:00
2277,4417,59,3,12,63,2.0,45,27,2025-07-05 10:47:00
2278,4790,53,18,12,64,3.3,120,12,2024-03-17 09:05:00
2279,4768,107,16,21,61,3.3,45,14,2024-08-13 17:56:00
2280,4856,1,16,21,70,1.4,90,15,2026-01-08 18:53:00
2281,4844,80,17,22,62,4.9,120,9,2024-10-16 10:13:00
2282,4791,49,1,16,64,4.9,60,12,2024-07-01 11:40:00
2283,4810,119,20,10,64,2.6,120,25,2025-05-26 13:49:00
2284,4656,26,10,17,70,1.6,60,22,2025-05-12 07:24:00
2285,5009,112,10,18,66,2.8,60,22,2024-01-31 08:14:00
2286,4462,187,17,16,66,2.6,45,9,2024-11-29 09:52:00
2287,4874,145,12,19,62,3.3,60,27,2024-09-26 15:22:00
2288,4676,94,20,19,61,2.3,45,14,2026-01-10 13:15:00
2289,4501,106,11,15,62,3.4,45,6,2024-08-28 13:37:00
2290,4529,157,11,13,66,4.8,90,13,2024-07-08 11:18:00
2291,4424,59,14,22,63,2.1,90,21,2025-08-05 19:23:00
2292,5058,52,11,13,68,3.6,120,9,2024-03-16 14:06:00
2293,4985,129,15,13,66,2.5,60,8,2024-02-23 18:30:00
2294,4383,61,15,21,66,2.8,120,20,2025-04-02 16:19:00
2295,4889,195,16,10,61,4.9,120,30,2024-03-16 18:33:00
2296,4730,119,16,17,62,4.4,45,24,2025-06-03 20:26:00
2297,4942,58,9,19,62,1.8,90,11,2024-06-17 10:41:00
2298,4423,187,13,24,64,2.7,90,28,2024-03-10 22:36:00
2299,4532,9,11,13,69,3.8,45,20,2024-11-18 13:42:00
2300,4695,132,4,10,64,2.1,45,20,2024-09-04 10:38:00
2301,4605,109,17,24,70,3.9,90,19,2024-10-23 21:31:00
2302,4480,138,1,16,61,4.9,60,8,2024-06-23 06:04:00
2303,4614,121,4,12,69,1.7,60,6,2024-05-22 08:12:00
2304,4514,151,5,10,63,4.8,120,14,2024-11-02 08:23:00
2305,4515,156,14,24,62,3.8,45,12,2024-02-25 17:34:00
2306,5076,92,18,12,67,3.1,60,25,2024-03-04 19:53:00
2307,4829,58,16,16,68,3.4,90,18,2024-05-14 18:29:00
2308,4405,139,7,12,64,1.1,45,9,2025-12-12 06:10:00
2309,4930,25,6,21,70,3.6,120,5,2025-06-10 22:53:00
2310,4973,179,9,15,62,1.1,120,11,2024-08-27 14:19:00
2311,4698,106,20,14,62,2.9,45,21,2024-03-06 17:36:00
2312,5087,186,3,21,63,2.5,60,5,2024-02-18 11:24:00
2313,4646,134,4,21,64,3.2,60,15,2024-12-30 11:51:00
2314,4667,162,9,17,68,4.3,90,30,2024-05-03 08:50:00
2315,4560,87,13,17,70,1.5,120,11,2025-12-19 12:03:00
2316,4564,32,12,20,66,1.9,90,9,2024-03-10 15:13:00
2317,4842,137,1,13,63,1.5,120,27,2024-04-23 06:58:00
2318,4913,86,7,22,66,2.6,60,12,2025-10-02 07:57:00
2319,4993,19,14,16,63,3.3,120,12,2025-06-21 06:19:00
2320,4891,34,16,19,67,1.4,120,13,2025-06-18 22:36:00
2321,4962,106,11,14,65,2.2,45,30,2025-02-12 13:35:00
2322,4667,10,6,17,61,2.8,120,26,2024-12-31 18:21:00
2323,4474,68,16,22,68,3.9,45,19,2024-09-21 09:12:00
2324,4874,20,5,16,65,2.0,90,22,2025-04-03 14:16:00
2325,4854,19,1,21,70,1.2,45,24,2024-10-31 06:49:00
2326,4808,121,3,10,68,3.5,45,14,2025-06-18 17:29:00
2327,4763,22,11,11,62,1.3,45,23,2025-01-15 06:54:00
2328,4784,200,9,21,69,1.3,90,21,2024-08-28 18:32:00
2329,4808,100,6,14,64,3.3,120,30,2025-02-13 14:49:00
2330,4967,85,19,17,64,1.1,90,21,2024-08-05 09:54:00
2331,4513,53,20,14,66,2.2,45,29,2024-04-09 19:38:00
2332,4535,168,3,14,64,1.7,120,12,2024-06-06 21:03:00
2333,4833,142,10,24,68,3.3,90,25,2024-06-03 16:31:00
2334,4545,28,15,23,65,2.5,60,28,2025-12-29 16:43:00
2335,4484,46,5,11,69,3.1,60,18,2024-08-03 22:58:00
2336,5067,108,1,22,64,3.3,45,23,2024-11-30 14:07:00
2337,4959,127,3,18,67,4.3,120,22,2025-10-07 14:21:00
2338,4803,5,20,14,69,3.7,90,5,2024-04-24 13:09:00
2339,4802,149,9,21,64,3.1,120,22,2024-02-07 13:34:00
2340,4691,48,13,12,70,3.1,120,8,2025-02-05 13:16:00
2341,4456,96,5,16,63,2.3,90,21,2025-12-13 08:01:00
2342,4826,63,1,18,68,3.5,120,18,2025-09-15 16:04:00
2343,4932,55,15,13,68,4.1,120,11,2024-03-11 16:12:00
2344,4600,77,16,14,69,3.0,45,18,2025-12-04 11:22:00
2345,5004,190,8,17,61,4.2,120,21,2025-07-18 21:04:00
2346,4707,43,15,11,66,4.5,120,5,2024-06-09 15:42:00
2347,4889,170,12,23,69,1.0,120,22,2024-02-29 17:27:00
2348,5089,72,11,14,65,2.3,45,26,2024-08-06 06:38:00
2349,4435,102,7,22,65,3.4,120,20,2024-06-07 15:50:00
2350,4727,23,12,15,61,4.3,60,5,2025-01-31 17:14:00
2351,4649,71,13,15,63,4.3,90,6,2025-08-23 15:00:00
2352,4742,173,14,17,70,1.7,90,13,2024-06-10 12:54:00
2353,5025,179,9,11,62,3.2,90,6,2025-05-13 07:50:00
2354,4586,139,16,14,65,4.1,45,28,2025-06-23 09:42:00
2355,4580,45,17,23,61,4.2,60,7,2026-01-17 21:24:00
2356,4644,144,8,14,67,3.0,45,10,2025-08-31 20:02:00
2357,4987,148,11,13,64,4.6,45,30,2025-06-27 16:40:00
2358,4552,84,17,10,63,3.0,90,30,2024-01-24 15:04:00
2359,4807,40,19,21,61,4.1,60,14,2025-07-11 17:21:00
2360,4826,181,10,14,67,2.8,120,25,2024-07-31 09:35:00
2361,4471,112,9,17,69,4.4,90,24,2024-09-22 17:25:00
2362,4712,142,15,21,68,4.7,45,16,2024-11-21 08:10:00
2363,4383,77,7,17,61,4.1,45,25,2025-07-31 12:09:00
2364,5056,189,9,23,68,3.4,60,27,2024-06-29 10:38:00
2365,4735,145,5,16,64,4.9,60,10,2024-12-03 16:44:00
2366,4864,104,16,19,70,4.6,60,9,2025-12-26 21:29:00
2367,4791,98,7,16,66,4.4,120,14,2025-05-17 10:36:00
2368,4444,114,13,18,63,3.3,120,6,2025-07-28 18:03:00
2369,4784,41,3,21,66,4.6,60,12,2025-02-07 17:29:00
2370,4806,97,1,24,68,1.1,60,18,2024-06-04 11:02:00
2371,5052,1,11,14,69,4.9,45,15,2025-09-07 21:10:00
2372,4888,140,4,16,68,3.4,60,9,2025-11-08 14:40:00
2373,4940,168,3,16,63,2.9,60,23,2025-02-19 22:55:00
2374,4773,141,17,17,63,3.8,120,8,2024-10-26 10:46:00
2375,4438,70,10,19,63,4.7,45,20,2024-02-29 14:24:00
2376,4566,25,10,15,62,4.1,60,21,2024-10-13 13:15:00
2377,4868,162,12,13,66,4.3,90,19,2024-12-15 12:00:00
2378,5090,183,4,18,65,2.7,90,5,2024-03-10 20:55:00
2379,4406,55,15,12,63,3.8,60,23,2025-02-01 07:09:00
2380,4857,85,16,14,66,1.3,120,12,2025-05-02 19:02:00
2381,4725,94,10,23,66,2.7,90,17,2024-03-10 07:26:00
2382,4999,177,12,17,61,2.1,120,28,2025-02-20 15:33:00
2383,4606,168,9,10,65,3.3,120,16,2025-10-31 22:13:00
2384,4989,67,7,22,68,1.6,45,19,2024-10-25 07:08:00
2385,4522,4,12,20,70,2.0,120,11,2024-02-13 18:33:00
2386,4405,176,11,18,61,2.4,120,21,2024-07-24 14:52:00
2387,4804,33,8,11,65,1.6,60,28,2024-01-30 18:10:00
2388,4708,125,10,12,67,2.2,45,17,2024-03-10 12:34:00
2389,4979,112,2,14,63,4.1,90,30,2024-04-25 13:25:00
2390,4805,45,8,22,61,2.6,45,23,2025-11-13 21:01:00
2391,4951,18,18,10,67,4.6,60,7,2026-01-16 22:00:00
2392,4891,88,8,12,61,2.0,45,13,2024-11-25 15:38:00
2393,5023,94,6,20,66,1.4,60,5,2025-09-21 13:53:00
2394,4478,199,5,18,63,3.8,60,28,2024-04-17 18:48:00
2395,4505,122,7,17,66,4.6,90,16,2025-09-06 18:53:00
2396,4784,189,10,10,63,1.8,120,20,2024-12-29 22:20:00
2397,4764,132,12,22,66,3.3,45,13,2024-09-09 17:03:00
2398,4863,10,9,14,65,4.8,60,17,2024-03-19 14:44:00
2399,4904,42,13,18,70,3.5,60,6,2025-10-24 13:05:00
2400,4692,24,15,18,64,1.5,60,7,2025-01-28 22:02:00
2401,4507,68,16,24,64,1.3,120,24,2025-04-04 17:34:00
2402,4727,74,20,11,62,3.2,90,19,2025-02-02 12:29:00
2403,5077,110,4,21,66,1.9,45,5,2024-04-02 10:10:00
2404,4415,29,12,12,65,2.4,60,16,2025-02-25 16:58:00
2405,4851,101,13,14,67,4.4,120,11,2025-11-16 20:14:00
2406,4655,81,6,22,68,3.9,60,10,2025-10-17 19:01:00
2407,4939,32,14,16,64,2.6,60,6,2024-04-20 18:58:00
2408,5034,196,13,14,62,4.4,45,28,2025-01-04 14:21:00
2409,5076,95,13,20,62,2.8,90,25,2025-10-02 19:04:00
2410,5069,111,15,21,61,4.9,60,19,2024-12-20 10:02:00
2411,4400,134,12,19,67,4.9,120,22,2025-10-28 15:34:00
2412,4573,80,5,19,64,4.3,120,24,2024-07-30 13:54:00
2413,5022,27,11,11,63,3.2,60,18,2025-07-08 10:07:00
2414,4526,92,10,18,66,1.6,90,5,2025-02-11 06:05:00
2415,4889,4,11,20,66,4.0,60,20,2025-12-28 10:13:00
2416,4463,87,2,22,63,2.3,45,11,2024-08-30 19:50:00
2417,5042,62,16,10,65,4.5,60,9,2025-12-18 15:04:00
2418,4618,138,20,12,67,2.8,120,7,2025-07-15 20:51:00
2419,4648,161,17,24,69,4.4,60,8,2025-04-09 19:11:00
2420,4802,86,6,21,67,1.2,90,20,2024-07-26 13:42:00
2421,5092,177,7,23,70,2.5,90,14,2025-03-28 15:31:00
2422,4729,13,15,19,66,3.6,90,23,2024-07-22 09:09:00
2423,4822,122,15,16,63,1.8,120,16,2024-07-29 14:23:00
2424,4609,167,4,22,68,2.1,45,27,2025-10-06 14:13:00
2425,4538,39,8,12,64,3.3,120,25,2024-10-25 09:21:00
2426,4682,52,10,18,63,3.0,60,29,2026-01-12 08:41:00
2427,4967,140,11,16,68,1.9,60,17,2024-12-22 20:25:00
2428,4894,151,17,17,63,4.9,60,19,2024-02-06 22:41:00
2429,4905,21,3,22,68,4.7,90,26,2025-06-08 21:39:00
2430,4589,22,4,13,65,4.5,45,18,2025-01-01 20:37:00
2431,5093,148,18,12,62,3.4,120,15,2024-02-10 11:29:00
2432,4407,44,5,19,69,4.2,90,16,2024-02-08 11:28:00
2433,4772,162,17,23,63,4.6,45,12,2024-10-11 08:38:00
2434,4650,189,12,11,63,2.1,90,22,2025-06-04 20:54:00
2435,5040,85,15,12,67,4.8,90,17,2024-02-17 20:37:00
2436,4984,16,6,16,70,2.4,60,16,2024-01-25 21:10:00
2437,4870,40,2,21,68,1.7,90,17,2025-04-03 09:43:00
2438,4900,161,17,17,69,1.5,60,20,2024-04-23 14:00:00
2439,5079,96,11,21,67,1.2,60,28,2026-01-07 06:08:00
2440,4720,190,7,11,65,2.0,120,24,2024-02-25 13:03:00
2441,4694,124,15,23,65,1.9,90,12,2025-12-07 14:12:00
2442,4871,120,5,23,61,5.0,60,27,2024-07-16 13:54:00
2443,4827,111,5,14,67,2.9,45,28,2024-12-29 06:15:00
2444,4832,87,3,16,66,2.6,90,11,2025-12-09 19:28:00
2445,5091,9,12,18,62,2.8,45,6,2024-09-18 16:49:00
2446,4942,75,7,10,64,2.8,90,30,2025-10-05 10:42:00
2447,4958,184,14,16,62,3.5,120,17,2024-05-01 15:32:00
2448,4502,3,19,23,69,2.5,60,24,2024-04-14 18:16:00
2449,4536,139,3,11,67,3.7,60,26,2025-05-30 21:26:00
2450,5086,53,4,10,63,3.9,90,27,2025-10-18 16:02:00
2451,4924,8,10,18,67,4.7,120,13,2024-10-19 15:47:00
2452,4601,43,14,23,70,2.6,45,6,2025-09-30 21:30:00
2453,5046,106,13,12,66,2.0,120,15,2025-02-24 07:46:00
2454,4443,102,11,12,62,3.7,60,30,2024-11-12 22:14:00
2455,4413,174,9,19,66,1.4,120,22,2025-09-20 15:41:00
2456,4410,156,12,20,61,2.0,60,19,2025-10-01 15:58:00
2457,4871,150,9,12,70,1.6,45,22,2025-02-26 17:51:00
2458,4967,1,10,21,70,3.7,120,19,2024-06-11 17:32:00
2459,4556,40,20,24,66,2.8,90,22,2024-11-20 12:51:00
2460,4534,95,5,22,69,5.0,45,24,2024-04-10 21:18:00
2461,4949,154,17,23,69,2.3,120,24,2024-12-13 15:40:00
2462,4570,125,16,22,61,3.3,60,29,2024-05-18 06:03:00
2463,4722,178,17,15,70,2.2,60,16,2025-03-24 20:23:00
2464,4382,174,20,14,65,4.4,90,18,2025-12-14 11:34:00
2465,4566,169,14,16,70,4.9,45,14,2024-01-24 20:32:00
2466,4931,101,16,19,68,1.2,90,25,2025-06-02 07:59:00
2467,5025,85,3,11,61,3.2,120,26,2024-09-25 14:33:00
2468,4943,194,8,21,63,3.4,60,7,2025-08-21 20:16:00
2469,4482,71,5,24,63,4.4,60,9,2025-09-23 19:28:00
2470,5044,165,13,24,61,4.7,90,7,2025-08-29 12:13:00
2471,4801,5,13,13,68,1.9,90,6,2024-08-13 16:34:00
2472,4540,102,4,12,64,3.3,60,9,2025-06-13 11:41:00
2473,4967,137,15,10,63,2.2,45,17,2025-05-09 20:43:00
2474,4956,101,15,17,61,1.9,45,7,2025-12-01 18:28:00
2475,4765,66,13,21,65,3.8,60,26,2025-11-13 09:57:00
2476,4591,180,6,14,69,3.2,90,25,2024-04-08 15:18:00
2477,5050,56,3,13,69,1.5,90,19,2024-04-27 06:34:00
2478,4932,69,7,10,67,1.6,45,20,2024-07-09 11:51:00
2479,4910,71,5,12,64,4.4,45,20,2025-03-05 16:56:00
2480,5006,69,7,13,69,1.3,120,30,2025-02-19 06:35:00
2481,4940,153,6,17,61,2.5,60,22,2025-10-25 19:13:00
2482,4753,61,11,24,61,1.6,60,11,2025-04-12 18:35:00
2483,5001,158,2,16,64,4.9,120,5,2024-12-12 16:30:00
2484,4725,176,14,15,65,2.3,45,7,2025-10-09 06:26:00
2485,4794,147,11,20,64,4.5,90,14,2024-01-30 20:05:00
2486,4672,80,11,20,67,1.3,45,25,2025-04-12 07:42:00
2487,4439,161,2,24,65,4.8,120,16,2025-10-28 07:04:00
2488,4769,46,5,24,64,3.1,120,18,2024-10-24 16:39:00
2489,4826,25,7,15,65,1.5,45,8,2024-08-27 20:31:00
2490,5023,75,4,21,62,1.7,90,7,2024-06-16 11:08:00
2491,4786,137,12,16,67,1.9,45,28,2025-04-26 15:34:00
2492,4720,116,7,14,64,1.9,60,14,2025-04-07 09:20:00
2493,5093,119,5,12,68,3.1,60,14,2024-12-11 22:53:00
2494,4637,67,13,11,68,3.3,45,29,2024-07-19 13:05:00
2495,4506,109,7,23,68,2.6,120,6,2025-11-03 09:48:00
2496,4533,51,4,11,63,1.7,120,23,2024-05-05 15:12:00
2497,4542,148,1,24,63,2.3,120,29,2025-01-03 12:13:00
2498,4587,79,18,23,63,3.3,90,27,2025-09-08 14:49:00
2499,4709,140,10,16,67,3.6,120,13,2024-06-01 09:26:00
2500,4917,163,20,20,68,1.5,60,24,2024-03-28 13:59:00
2501,4458,135,1,15,69,2.3,90,28,2025-04-18 20:21:00
2502,5075,28,9,15,68,3.8,45,29,2024-08-04 18:21:00
2503,4597,63,16,13,65,3.5,60,13,2025-05-02 06:49:00
2504,4629,2,6,21,66,3.4,60,18,2024-07-10 22:16:00
2505,4626,167,9,10,66,1.6,120,27,2025-03-05 11:54:00
2506,4942,198,8,21,69,1.3,120,28,2024-09-25 09:53:00
2507,4469,112,12,11,65,5.0,90,29,2025-07-02 21:29:00
2508,4471,116,12,18,66,3.6,90,17,2024-07-05 13:45:00
2509,5058,178,6,16,67,4.9,45,13,2024-10-14 17:42:00
2510,4999,173,9,24,69,2.5,60,10,2025-06-01 21:25:00
2511,4478,141,18,11,64,1.9,90,26,2025-11-21 20:07:00
2512,4923,131,14,16,61,3.6,90,12,2024-09-20 22:54:00
2513,4837,190,2,24,66,3.7,90,8,2025-05-12 11:56:00
2514,4828,22,3,21,64,4.8,45,10,2024-12-04 07:22:00
2515,4969,141,10,22,63,1.7,45,24,2024-01-24 17:20:00
2516,4742,184,11,19,64,1.2,60,26,2024-08-19 19:51:00
2517,5100,167,7,15,64,3.2,60,23,2025-08-18 21:34:00
2518,4390,164,4,11,67,1.5,90,28,2025-02-12 13:48:00
2519,4884,133,10,15,67,3.7,120,20,2025-12-28 10:24:00
2520,4565,79,10,14,63,1.2,45,25,2025-01-20 21:49:00
2521,4609,43,4,10,62,4.0,45,13,2025-10-03 07:28:00
2522,4817,157,1,13,65,4.5,90,19,2024-07-02 18:49:00
2523,4646,170,9,11,65,2.1,90,24,2024-07-18 10:00:00
2524,4678,1,14,24,63,2.4,60,20,2025-08-07 06:04:00
2525,5042,168,11,17,70,2.4,90,13,2024-07-06 19:34:00
2526,5069,40,7,11,67,2.3,90,14,2024-08-30 21:13:00
2527,4944,71,15,11,66,4.3,120,25,2025-04-19 19:28:00
2528,5074,141,5,15,68,4.3,120,23,2025-05-02 09:55:00
2529,4633,79,20,21,61,3.4,120,8,2024-03-13 20:34:00
2530,4563,26,6,20,63,1.6,120,26,2024-06-12 16:34:00
2531,4876,32,3,13,65,3.1,60,6,2025-07-21 16:04:00
2532,4851,119,16,10,64,3.3,120,29,2025-05-16 21:30:00
2533,4625,152,8,23,69,1.2,120,9,2024-05-19 12:51:00
2534,4918,179,11,19,64,5.0,60,30,2025-05-30 10:40:00
2535,4943,11,15,17,70,1.9,60,7,2025-03-09 11:24:00
2536,4872,62,7,20,63,2.5,60,25,2024-11-22 10:31:00
2537,4891,78,1,20,63,3.8,120,29,2024-12-29 10:30:00
2538,4401,122,4,16,70,1.4,90,23,2024-05-24 12:49:00
2539,4598,64,17,19,69,3.9,120,10,2024-05-12 09:32:00
2540,4731,165,18,17,68,4.1,120,6,2025-06-19 15:38:00
2541,4410,134,14,13,67,2.6,90,28,2024-06-10 08:10:00
2542,4449,74,4,19,68,1.1,45,28,2025-11-29 09:11:00
2543,4572,196,12,11,62,4.5,45,29,2024-08-15 11:33:00
2544,4762,40,3,19,70,3.9,90,16,2026-01-03 11:48:00
2545,4549,12,15,19,62,1.8,120,26,2025-01-03 07:17:00
2546,4930,198,9,21,68,4.7,120,22,2024-05-07 13:12:00
2547,4751,149,6,15,69,4.8,120,6,2025-05-14 14:44:00
2548,4509,132,8,22,70,4.6,120,11,2025-01-30 20:57:00
2549,4429,163,6,10,65,4.1,120,17,2024-11-03 17:05:00
2550,4817,21,13,14,61,1.9,60,23,2024-12-18 09:49:00
2551,4646,114,9,22,63,2.3,60,6,2024-12-03 16:52:00
2552,4764,59,1,22,64,3.6,90,24,2025-05-27 16:02:00
2553,4689,84,10,21,67,1.4,120,15,2025-04-23 20:11:00
2554,4988,22,1,19,61,3.8,45,13,2025-06-11 09:36:00
2555,4852,186,10,15,70,3.9,120,15,2025-08-27 17:57:00
2556,4613,5,13,24,66,3.5,120,21,2025-11-15 10:22:00
2557,4634,114,19,23,66,4.2,120,8,2024-04-15 17:57:00
2558,4874,187,6,23,67,1.6,120,26,2024-04-04 18:29:00
2559,4548,43,1,12,69,1.3,90,27,2025-10-17 11:26:00
2560,4543,86,14,16,61,3.1,60,7,2025-08-21 07:12:00
2561,4781,42,5,16,70,2.3,90,7,2025-07-27 14:25:00
2562,4588,179,17,21,68,4.7,60,25,2025-12-04 16:40:00
2563,4910,74,2,13,69,2.0,45,15,2024-08-05 17:38:00
2564,5052,186,2,14,69,1.8,45,19,2024-09-12 20:30:00
2565,4444,44,4,17,68,2.9,45,26,2025-04-10 07:49:00
2566,4982,151,5,20,62,2.6,90,20,2025-09-29 08:54:00
2567,4707,98,17,15,65,1.5,120,23,2024-12-20 20:33:00
2568,5019,72,5,21,67,2.3,60,9,2024-09-01 21:35:00
2569,4519,106,15,13,65,1.2,120,7,2025-01-22 20:15:00
2570,4480,53,5,21,64,2.0,120,9,2025-01-13 17:36:00
2571,4432,20,3,21,67,2.3,120,13,2024-01-28 13:15:00
2572,4831,172,10,16,69,4.0,45,24,2025-12-01 07:53:00
2573,5088,92,6,19,69,4.3,90,7,2025-02-08 11:31:00
2574,4721,183,18,10,65,2.0,90,7,2024-12-08 07:13:00
2575,4491,182,9,11,62,3.7,60,11,2025-06-05 21:50:00
2576,4685,55,8,10,65,1.6,90,5,2025-03-31 13:57:00
2577,4884,91,15,19,69,3.7,60,8,2024-02-16 07:48:00
2578,5064,107,18,18,62,1.5,90,17,2025-12-29 16:14:00
2579,4565,97,15,20,70,4.9,90,23,2025-08-17 12:01:00
2580,4627,171,17,24,67,1.2,60,22,2025-02-18 19:46:00
2581,5017,96,12,20,67,1.2,90,7,2025-05-18 19:16:00
2582,5067,180,19,23,65,3.3,120,6,2024-05-11 16:03:00
2583,4414,97,3,18,62,4.4,90,8,2024-12-09 18:47:00
2584,5023,131,9,23,62,1.9,120,24,2025-09-29 17:50:00
2585,4643,80,17,15,68,2.2,120,21,2025-05-04 07:11:00
2586,4785,100,17,13,66,3.6,120,6,2025-08-19 22:53:00
2587,4426,28,5,17,62,2.9,45,24,2024-02-11 21:03:00
2588,4597,36,20,16,69,3.5,90,21,2024-12-29 17:17:00
2589,4993,173,11,18,61,4.8,45,24,2025-01-31 20:37:00
2590,4550,90,1,13,68,2.7,60,6,2025-10-23 12:56:00
2591,4485,108,10,12,63,4.2,45,18,2025-10-01 21:16:00
2592,4572,60,2,15,65,4.0,60,12,2024-05-14 16:53:00
2593,4688,68,17,23,62,4.3,120,26,2024-08-11 12:01:00
2594,4657,26,13,15,70,2.2,45,6,2025-05-22 17:08:00
2595,4577,171,4,18,64,1.3,45,13,2025-06-11 22:40:00
2596,4403,115,2,12,62,4.5,60,20,2024-12-08 06:39:00
2597,4587,9,17,10,68,3.0,60,23,2024-05-22 22:50:00
2598,4630,78,13,24,63,4.0,120,11,2024-04-30 14:53:00
2599,4483,157,19,22,66,3.3,45,20,2024-09-19 13:06:00
2600,5099,191,10,24,63,2.6,60,26,2025-04-25 11:04:00
2601,4645,54,4,23,64,2.0,90,30,2024-02-19 22:33:00
2602,4782,80,16,24,68,4.8,45,24,2025-05-07 12:24:00
2603,4807,92,11,22,62,1.7,60,26,2025-02-08 08:42:00
2604,4637,90,16,24,63,4.9,90,5,2024-04-14 20:06:00
2605,4729,194,5,20,63,1.2,45,24,2024-05-15 12:05:00
2606,4918,189,3,24,62,3.9,60,28,2026-01-04 22:56:00
2607,4580,146,12,13,69,3.7,120,24,2024-05-04 19:57:00
2608,4797,42,14,20,68,2.5,120,14,2025-10-09 11:51:00
2609,4852,82,1,15,64,3.7,60,14,2024-09-14 20:06:00
2610,4826,95,12,21,64,3.9,120,29,2025-03-12 16:08:00
2611,4942,55,11,23,67,3.4,90,29,2024-10-06 15:03:00
2612,5075,157,9,13,63,4.7,120,22,2025-07-03 21:52:00
2613,4403,58,7,19,64,3.3,60,17,2024-02-16 19:13:00
2614,4582,31,9,15,70,3.2,90,23,2024-09-11 08:21:00
2615,5074,106,17,13,61,4.7,120,15,2024-04-03 11:59:00
2616,4685,65,20,21,64,3.7,60,21,2025-02-19 15:13:00
2617,4477,155,17,13,64,2.6,120,5,2024-01-20 21:12:00
2618,5022,54,12,22,68,3.6,120,12,2024-09-02 10:07:00
2619,5089,143,1,16,61,2.5,60,6,2024-03-15 20:25:00
2620,4820,112,3,11,61,3.5,60,16,2025-06-14 18:26:00
2621,4999,145,8,12,64,2.2,45,8,2024-10-06 19:12:00
2622,5001,25,7,14,68,3.1,60,24,2025-06-15 07:36:00
2623,4962,195,14,18,69,4.2,90,10,2024-05-22 16:34:00
2624,4495,126,14,17,62,4.4,60,15,2025-03-31 06:09:00
2625,4869,37,9,14,67,3.2,45,24,2024-09-20 11:26:00
2626,4899,39,17,14,63,2.5,120,23,2025-07-20 11:30:00
2627,4740,179,15,14,68,2.1,120,12,2024-07-04 19:18:00
2628,5027,1,10,19,67,3.7,120,30,2025-03-21 11:11:00
2629,4563,28,19,23,61,3.9,60,12,2024-11-20 06:01:00
2630,4396,198,19,22,63,2.5,120,30,2024-02-20 11:01:00
2631,4538,182,9,12,61,2.9,120,25,2024-10-13 07:42:00
2632,4783,176,1,14,69,4.5,60,9,2025-01-19 17:07:00
2633,4784,127,7,15,66,3.0,120,11,2024-04-23 08:29:00
2634,4857,172,2,21,65,1.1,90,6,2024-07-30 10:59:00
2635,5019,126,3,11,62,2.9,60,10,2024-02-22 17:44:00
2636,4669,185,11,11,65,2.4,120,25,2024-08-22 21:43:00
2637,4751,86,7,17,65,4.3,120,10,2024-04-05 14:43:00
2638,4907,111,2,22,63,3.0,90,23,2025-03-13 18:14:00
2639,4712,6,17,18,67,4.3,45,26,2025-10-05 08:09:00
2640,4590,190,16,23,69,1.6,45,22,2025-06-25 11:46:00
2641,4979,107,4,10,70,3.5,60,26,2024-11-09 07:52:00
2642,4405,37,12,13,65,3.7,45,9,2026-01-03 15:49:00
2643,4545,66,2,10,61,3.6,90,7,2025-04-17 09:38:00
2644,4512,182,1,12,66,2.2,90,14,2024-12-14 18:06:00
2645,4798,4,2,18,62,2.7,60,13,2024-04-08 17:03:00
2646,4931,45,13,17,62,1.3,45,28,2025-06-10 22:49:00
2647,4745,143,11,20,66,2.2,120,5,2025-12-02 13:29:00
2648,4538,197,10,22,70,4.3,60,10,2024-12-08 20:28:00
2649,4829,200,8,16,62,1.3,45,19,2024-02-09 11:29:00
2650,4830,3,11,21,65,4.6,90,5,2025-10-18 14:58:00
2651,5097,141,3,24,64,3.7,60,20,2024-01-18 08:20:00
2652,4415,69,11,18,67,1.2,45,19,2024-04-08 10:27:00
2653,5000,22,11,13,68,2.2,60,5,2025-06-18 10:02:00
2654,4668,109,9,11,62,4.5,45,6,2025-08-22 07:02:00
2655,4532,114,7,22,69,2.2,45,12,2025-10-04 13:58:00
2656,4813,130,18,18,70,1.8,120,29,2025-07-26 21:04:00
2657,4922,118,12,13,65,3.2,60,23,2024-02-17 20:09:00
2658,4726,85,6,10,67,1.3,120,25,2024-08-09 12:43:00
2659,4393,130,14,10,69,4.6,90,18,2024-02-03 19:33:00
2660,4744,183,11,23,68,3.2,45,23,2024-07-11 06:04:00
2661,4523,120,2,11,61,2.8,60,15,2025-06-23 16:42:00
2662,4904,49,7,13,62,2.6,90,9,2025-06-22 16:47:00
2663,4553,107,7,10,61,1.2,90,15,2025-05-26 18:36:00
2664,5067,50,12,12,69,2.0,45,16,2025-12-22 20:05:00
2665,4859,133,1,20,68,1.5,120,21,2025-03-29 14:34:00
2666,4948,4,20,24,64,2.4,60,17,2025-01-25 15:00:00
2667,4524,80,3,14,70,4.6,90,26,2025-06-10 15:54:00
2668,5101,47,2,12,64,2.7,45,18,2024-05-26 21:00:00
2669,4405,73,16,11,64,3.6,90,23,2024-10-05 10:50:00
2670,4472,119,18,17,63,2.8,90,11,2024-08-07 08:48:00
2671,5102,2,7,21,61,1.4,120,6,2024-04-28 22:31:00
2672,5087,78,14,17,61,3.7,120,9,2025-05-26 22:41:00
2673,4940,60,13,16,61,1.7,120,21,2025-09-05 14:57:00
2674,4769,114,18,14,68,4.7,120,19,2024-08-13 13:48:00
2675,4718,174,2,14,65,3.1,90,16,2025-12-23 22:24:00
2676,4626,174,13,21,66,3.6,120,13,2024-06-29 08:45:00
2677,4842,164,1,16,64,2.8,60,22,2025-10-19 17:22:00
2678,4843,95,12,22,62,4.7,90,23,2024-06-07 14:24:00
2679,4800,193,9,21,65,4.1,45,22,2025-06-10 22:00:00
2680,4965,41,13,13,67,3.3,120,29,2025-11-21 06:22:00
2681,4751,185,13,10,65,3.7,90,16,2025-04-08 13:53:00
2682,5110,29,11,10,66,4.1,45,19,2024-10-16 12:06:00
2683,4609,16,6,15,61,4.2,60,23,2025-07-08 21:32:00
2684,4835,3,13,14,69,1.6,45,11,2025-06-24 17:18:00
2685,4959,182,20,11,68,3.8,45,11,2025-04-09 16:27:00
2686,4579,185,16,10,63,2.2,120,8,2024-05-28 16:33:00
2687,4635,187,8,13,66,1.3,120,28,2025-04-07 21:28:00
2688,4530,144,18,15,70,1.2,120,8,2024-02-21 14:19:00
2689,4960,12,19,22,66,3.5,120,18,2025-02-08 08:06:00
2690,4671,130,16,13,66,4.9,90,12,2025-12-29 08:04:00
2691,4383,91,15,20,64,3.2,120,16,2024-09-06 21:17:00
2692,4803,30,13,20,61,3.4,45,16,2025-08-06 18:31:00
2693,4702,107,5,24,63,1.7,90,9,2025-09-15 19:23:00
2694,4827,118,11,22,62,1.9,120,7,2024-06-26 10:58:00
2695,4514,101,1,13,68,1.1,60,6,2024-02-14 07:34:00
2696,5068,82,15,14,64,1.8,120,29,2024-09-22 08:59:00
2697,4774,85,20,12,64,3.0,45,16,2024-08-21 21:42:00
2698,4746,111,15,21,61,3.9,60,19,2025-01-26 14:18:00
2699,4661,85,8,21,65,2.4,45,16,2025-04-24 06:17:00
2700,4502,98,14,19,68,2.7,90,26,2025-12-04 10:22:00
2701,4944,79,5,13,69,4.4,60,19,2025-08-19 12:10:00
2702,5025,119,11,18,62,4.6,90,27,2024-05-07 09:32:00
2703,4877,25,5,22,64,2.3,45,7,2025-09-10 12:22:00
2704,4901,187,4,24,63,1.5,60,21,2025-03-13 17:32:00
2705,4615,14,10,17,63,1.8,90,16,2025-08-09 22:17:00
2706,4498,133,12,15,61,1.5,45,17,2025-04-30 20:00:00
2707,4630,153,12,12,64,4.5,120,25,2024-09-01 12:42:00
2708,4846,122,2,10,65,1.8,90,18,2025-06-03 06:14:00
2709,4736,23,3,20,67,1.1,45,15,2024-04-03 10:29:00
2710,4455,31,19,14,67,2.2,45,13,2024-03-16 09:44:00
2711,4527,189,3,11,65,4.0,60,24,2024-02-15 08:05:00
2712,4898,97,19,20,65,3.0,90,20,2024-09-24 14:27:00
2713,4599,92,10,15,66,4.7,60,24,2024-04-17 17:43:00
2714,4690,127,1,12,63,2.1,120,25,2025-07-29 20:15:00
2715,4497,154,20,21,61,3.9,45,25,2025-01-15 15:31:00
2716,4475,177,6,23,66,4.7,120,16,2025-01-20 08:36:00
2717,5002,87,3,22,67,4.3,90,22,2025-06-03 19:58:00
2718,5012,139,7,15,67,2.7,60,16,2025-04-11 09:33:00
2719,4538,152,2,16,61,3.3,120,24,2024-10-15 10:32:00
2720,4849,184,2,20,65,3.5,45,14,2025-05-14 20:34:00
2721,4941,35,13,14,70,1.0,45,14,2025-02-16 06:46:00
2722,4774,83,19,21,70,2.4,90,5,2025-09-22 14:12:00
2723,4625,15,9,14,62,3.9,60,6,2024-05-09 12:05:00
2724,4816,175,10,10,63,3.0,120,21,2025-04-24 20:49:00
2725,4626,135,4,19,66,3.5,90,20,2025-04-13 09:52:00
2726,4911,8,6,14,65,4.2,120,8,2025-02-09 08:53:00
2727,4632,167,10,23,65,4.0,120,26,2024-04-28 16:50:00
2728,4650,110,20,10,67,3.0,45,6,2024-10-07 09:13:00
2729,4949,5,12,11,67,3.1,90,7,2025-08-02 10:06:00
2730,4580,148,20,22,61,4.0,120,22,2024-03-23 22:02:00
2731,5062,74,17,15,68,2.5,120,20,2025-07-22 18:11:00
2732,4568,69,4,21,66,4.1,120,16,2025-12-26 17:33:00
2733,4731,57,7,22,66,3.0,60,19,2025-03-09 20:49:00
2734,4708,66,17,21,68,4.4,60,20,2024-02-03 08:24:00
2735,4434,77,15,23,66,1.1,45,17,2025-08-12 13:48:00
2736,4671,64,18,12,66,3.3,90,11,2025-09-26 22:36:00
2737,4427,78,14,13,66,2.5,90,8,2024-03-22 12:38:00
2738,5045,82,4,14,69,4.6,45,14,2024-05-23 20:34:00
2739,4486,55,15,18,70,3.0,60,18,2024-09-02 18:44:00
2740,4798,70,4,16,64,2.5,90,8,2024-08-28 15:51:00
2741,4946,54,15,16,62,1.2,90,25,2025-07-28 07:43:00
2742,4756,6,13,19,65,1.6,45,30,2025-03-03 16:48:00
2743,4432,109,11,19,65,3.2,120,23,2024-08-26 06:42:00
2744,4432,130,17,15,64,3.5,90,11,2025-11-25 16:29:00
2745,4716,64,8,23,69,2.5,45,16,2025-04-06 22:28:00
2746,5067,185,13,10,69,4.6,90,12,2024-04-06 09:30:00
2747,4419,40,8,24,61,2.1,120,8,2025-11-03 20:24:00
2748,4597,159,4,17,70,3.7,60,23,2025-09-12 15:11:00
2749,4942,182,6,17,63,2.5,90,28,2025-03-30 17:56:00
2750,4618,116,12,17,68,3.0,90,8,2024-12-07 15:27:00
2751,4441,125,4,12,68,3.9,90,24,2025-04-07 13:56:00
2752,4878,49,6,13,69,3.1,90,7,2025-02-20 06:59:00
2753,4814,145,11,22,70,3.8,90,11,2024-10-22 09:03:00
2754,4613,46,19,15,69,1.3,90,12,2024-07-28 09:45:00
2755,4800,134,17,14,65,3.1,60,20,2025-12-17 17:05:00
2756,4913,73,19,19,68,4.3,120,11,2025-03-14 11:49:00
2757,4474,100,4,17,70,1.9,90,21,2025-07-30 13:32:00
2758,5083,10,17,19,66,1.8,120,12,2024-03-27 18:34:00
2759,4756,145,13,15,69,2.8,90,28,2025-09-25 08:19:00
2760,4669,43,1,15,63,4.4,45,14,2025-06-16 12:27:00
2761,4702,115,2,14,64,3.7,60,30,2024-10-24 18:42:00
2762,4874,101,6,11,64,4.0,45,14,2024-05-28 19:42:00
2763,4554,113,8,15,70,1.4,120,30,2025-03-21 09:25:00
2764,4860,148,1,21,62,4.2,90,22,2024-09-02 22:33:00
2765,4497,136,18,23,64,2.0,60,30,2024-05-02 19:02:00
2766,4788,145,7,14,68,1.1,120,9,2024-11-30 22:53:00
2767,5006,77,6,15,66,4.7,120,28,2025-10-15 07:51:00
2768,4815,6,5,18,68,3.3,120,28,2025-03-21 17:01:00
2769,4744,160,16,10,61,1.6,120,18,2025-07-06 21:57:00
2770,4919,198,18,11,64,5.0,60,22,2024-06-04 19:12:00
2771,4452,63,11,17,65,1.2,90,15,2024-10-25 18:27:00
2772,4567,130,18,24,67,4.9,60,6,2024-05-15 08:36:00
2773,4641,67,13,21,66,1.3,60,7,2024-10-30 11:06:00
2774,4601,157,11,17,70,1.7,45,18,2024-04-03 21:19:00
2775,4797,93,15,19,66,2.4,60,24,2024-01-23 08:19:00
2776,4444,166,6,18,66,2.2,60,7,2024-12-12 14:21:00
2777,4470,195,10,10,70,2.5,45,24,2025-06-09 11:07:00
2778,4720,53,15,10,67,2.2,90,27,2025-09-13 17:50:00
2779,4590,199,19,14,61,1.5,60,26,2025-04-24 09:27:00
2780,4728,55,4,24,70,1.5,60,13,2024-08-28 06:14:00
2781,4981,196,5,13,61,1.2,45,12,2024-09-21 22:12:00
2782,4605,43,5,19,67,1.4,120,11,2025-12-07 16:55:00
2783,4460,29,18,21,63,4.1,60,10,2024-11-19 17:40:00
2784,4684,83,4,20,67,3.9,120,15,2025-06-13 08:10:00
2785,4953,125,7,24,63,2.7,60,12,2025-02-06 22:21:00
2786,5059,95,15,15,65,4.7,60,16,2024-02-25 06:27:00
2787,5082,78,3,17,61,2.6,90,29,2024-05-16 14:16:00
2788,4861,190,6,18,70,3.0,45,5,2024-10-24 20:42:00
2789,4853,93,18,15,61,1.8,120,12,2024-05-07 11:22:00
2790,5015,13,16,14,66,4.1,90,17,2024-09-02 11:28:00
2791,4826,8,19,23,62,2.5,120,16,2024-04-10 18:48:00
2792,4618,49,6,10,63,4.2,90,10,2025-10-22 21:03:00
2793,4828,192,17,18,63,1.4,120,25,2025-07-06 13:18:00
2794,5099,26,9,14,70,1.4,60,11,2024-09-28 21:11:00
2795,4504,47,19,10,66,4.3,90,25,2025-08-13 11:07:00
2796,4565,193,16,15,65,4.6,90,16,2025-07-01 12:39:00
2797,4894,150,14,23,66,4.5,90,19,2024-08-06 21:47:00
2798,4922,79,2,21,70,1.6,120,17,2024-02-15 06:07:00
2799,5106,11,11,17,67,2.2,45,23,2024-06-24 13:01:00
2800,4788,23,6,15,69,1.9,45,23,2024-10-03 12:17:00
2801,4554,190,5,18,68,2.0,90,21,2025-05-27 13:49:00
2802,4653,151,18,21,62,4.1,45,26,2025-06-08 12:51:00
2803,4808,75,2,23,65,2.6,90,14,2024-06-02 09:18:00
2804,5043,106,2,20,63,1.3,120,18,2024-08-28 16:40:00
2805,4594,54,20,12,62,3.8,60,27,2025-09-29 21:35:00
2806,4667,22,7,21,68,3.5,60,25,2024-09-04 20:54:00
2807,4427,10,10,17,64,1.5,60,6,2024-03-14 07:04:00
2808,5064,196,5,11,61,4.4,90,13,2025-10-08 14:56:00
2809,4548,34,20,23,63,1.7,90,19,2025-09-22 10:56:00
2810,4796,38,9,18,62,4.8,45,22,2024-10-24 10:14:00
2811,4520,58,10,24,61,4.9,45,12,2025-06-20 12:31:00
2812,4858,197,15,12,65,3.4,45,22,2025-08-12 20:42:00
2813,4772,181,16,17,67,2.8,60,12,2024-04-14 07:47:00
2814,4617,167,5,22,61,4.6,45,29,2024-06-14 12:11:00
2815,4452,29,11,24,70,4.5,120,5,2025-04-26 15:44:00
2816,5091,87,1,21,68,4.8,60,25,2025-08-18 12:36:00
2817,4410,26,15,12,64,2.0,45,24,2025-06-29 12:57:00
2818,4566,40,7,19,61,4.8,60,29,2024-05-07 07:27:00
2819,4410,142,20,19,65,3.2,120,7,2024-03-15 06:49:00
2820,4762,38,18,18,62,2.5,90,13,2024-09-01 10:25:00
2821,5054,101,10,12,61,2.2,120,28,2025-05-26 11:09:00
2822,4543,45,12,16,67,1.1,45,6,2025-04-13 07:35:00
2823,5036,198,1,21,68,1.1,120,21,2025-04-26 10:56:00
2824,4497,127,19,13,61,2.7,60,26,2025-04-14 14:21:00
2825,4384,93,8,22,65,3.2,60,16,2024-07-31 07:18:00
2826,4586,177,7,16,68,2.1,45,18,2025-11-22 12:46:00
2827,4528,42,10,20,61,1.7,90,19,2025-04-06 21:09:00
2828,4730,162,9,11,69,3.4,90,12,2024-08-27 12:19:00
2829,4817,48,13,12,69,1.6,120,5,2025-02-27 20:45:00
2830,4459,99,11,12,62,3.6,60,12,2025-05-30 18:26:00
2831,4827,111,10,23,68,3.6,90,17,2024-08-14 18:05:00
2832,4683,41,3,17,64,4.4,120,19,2025-10-04 12:33:00
2833,4954,173,15,16,67,3.9,60,23,2024-02-03 19:41:00
2834,4917,65,7,22,65,3.6,90,23,2024-02-27 11:25:00
2835,4739,37,17,15,66,1.1,90,16,2025-05-08 09:58:00
2836,4728,150,5,18,62,2.7,45,14,2024-06-18 17:32:00
2837,4591,157,17,23,64,3.1,60,15,2025-12-28 11:20:00
2838,4530,84,17,22,64,4.6,60,8,2024-04-26 10:25:00
2839,5053,30,10,12,65,2.0,60,27,2025-08-19 11:12:00
2840,4690,80,16,22,61,2.2,45,17,2025-05-03 15:19:00
2841,4617,28,11,19,69,4.0,120,5,2024-05-12 15:03:00
2842,4930,46,20,20,67,3.5,60,19,2024-08-24 20:04:00
2843,5093,18,15,10,61,1.9,90,22,2024-06-09 22:00:00
2844,4948,61,3,14,63,2.3,120,9,2025-09-27 12:34:00
2845,4769,87,9,21,64,4.0,45,21,2024-05-11 21:28:00
2846,4723,162,15,15,69,2.4,60,21,2025-06-05 12:38:00
2847,4919,175,14,22,68,3.7,60,9,2024-10-29 06:24:00
2848,5013,42,3,23,66,4.2,120,25,2025-05-21 18:46:00
2849,4801,152,6,14,63,3.4,120,5,2026-01-11 06:57:00
2850,4408,70,1,11,63,3.9,45,10,2025-03-04 07:25:00
2851,4738,11,4,19,70,1.3,45,11,2024-06-12 09:06:00
2852,5024,37,14,10,67,1.9,90,25,2025-02-04 06:57:00
2853,4958,92,20,19,63,4.4,45,21,2025-03-13 07:08:00
2854,4436,108,9,18,63,2.9,60,6,2025-12-08 11:14:00
2855,4409,195,11,13,70,3.5,60,25,2025-01-08 17:30:00
2856,4893,127,15,16,66,4.3,45,30,2025-02-20 17:06:00
2857,4670,32,6,10,68,3.8,120,27,2026-01-07 21:03:00
2858,4556,74,6,14,67,4.2,45,5,2024-11-06 15:33:00
2859,4436,113,14,12,64,4.0,60,14,2024-06-03 21:26:00
2860,5012,25,11,15,69,1.6,60,13,2025-12-19 11:12:00
2861,5109,175,18,12,70,3.8,90,20,2025-09-13 09:12:00
2862,4700,147,12,11,63,2.8,45,18,2025-11-09 08:36:00
2863,4676,181,6,13,61,1.4,45,19,2024-08-26 13:14:00
2864,4658,2,9,13,63,3.5,60,13,2025-05-26 20:44:00
2865,5088,9,18,18,62,2.1,90,10,2025-06-27 20:59:00
2866,4969,97,9,20,63,3.5,45,20,2024-05-25 12:53:00
2867,4822,115,1,13,68,4.6,120,20,2024-10-30 16:40:00
2868,4827,86,12,14,67,4.8,60,15,2025-06-23 13:28:00
2869,4762,137,9,15,68,4.6,60,18,2024-12-11 19:14:00
2870,4924,176,15,18,62,2.6,60,24,2024-11-20 06:47:00
2871,4650,169,17,13,67,2.5,90,27,2025-08-29 10:05:00
2872,4849,192,9,12,69,1.5,60,25,2025-05-21 08:49:00
2873,4428,95,20,10,64,1.8,45,10,2024-03-11 16:35:00
2874,4586,163,4,22,70,3.5,45,19,2025-11-03 19:49:00
2875,4431,33,14,21,63,4.8,60,22,2025-07-09 19:58:00
2876,4826,61,5,10,68,1.1,90,22,2025-07-21 06:39:00
2877,4404,182,6,17,64,1.1,45,22,2024-08-29 19:49:00
2878,4576,191,19,18,70,4.5,90,16,2024-12-28 19:42:00
2879,4606,5,16,15,70,3.6,90,17,2025-12-19 06:15:00
2880,4489,5,18,11,68,2.7,45,11,2024-05-12 22:06:00
2881,4760,51,13,12,62,4.8,60,14,2024-04-21 14:36:00
2882,4390,58,15,11,67,4.2,90,17,2025-01-27 15:31:00
2883,4426,36,13,14,66,4.3,90,9,2024-05-20 20:37:00
2884,4654,15,13,13,67,1.7,120,30,2025-05-12 20:08:00
2885,4858,29,3,16,61,1.7,120,19,2024-09-25 16:16:00
2886,4942,95,7,13,65,2.6,45,20,2024-02-24 08:43:00
2887,4588,101,7,13,66,2.5,120,30,2025-07-31 14:15:00
2888,4725,14,7,24,61,1.2,60,22,2024-02-11 15:56:00
2889,4801,61,1,10,68,2.0,60,24,2025-10-08 09:43:00
2890,4767,31,8,24,64,1.6,90,28,2024-04-28 21:31:00
2891,4536,101,7,22,67,3.5,90,20,2024-01-20 18:41:00
2892,4927,130,14,20,61,2.0,90,23,2025-07-17 21:41:00
2893,4827,126,5,12,70,1.2,60,23,2024-02-06 14:10:00
2894,4647,196,12,20,65,3.7,45,23,2025-01-12 15:36:00
2895,4465,12,16,13,68,4.3,120,22,2025-02-19 11:15:00
2896,4794,200,15,20,67,3.2,90,13,2024-02-16 10:53:00
2897,4725,110,20,21,62,3.6,45,25,2024-06-29 14:32:00
2898,4592,135,4,13,64,2.6,90,7,2024-09-04 11:28:00
2899,4610,47,4,21,69,1.8,120,16,2024-12-06 11:28:00
2900,4681,178,3,10,67,2.4,120,25,2024-09-03 20:00:00
2901,4795,119,5,19,64,3.4,90,23,2025-07-15 07:02:00
2902,5084,70,15,23,64,4.1,45,23,2024-07-13 22:50:00
2903,4934,147,3,11,63,3.1,120,7,2025-07-16 19:04:00
2904,4616,178,16,10,68,3.6,60,15,2025-01-19 07:57:00
2905,4571,74,4,20,70,1.5,60,7,2025-06-22 07:04:00
2906,4587,165,15,19,63,3.8,45,30,2025-04-19 18:06:00
2907,4479,1,7,14,69,1.9,60,21,2024-06-19 18:47:00
2908,4707,146,15,14,70,4.6,120,7,2025-02-07 15:59:00
2909,4997,159,10,11,61,3.5,90,12,2024-02-09 17:10:00
2910,4432,26,14,16,62,2.8,120,8,2024-10-12 22:21:00
2911,4977,2,16,18,68,1.2,60,25,2025-06-18 22:36:00
2912,4737,158,11,16,63,2.6,45,26,2025-06-03 13:47:00
2913,4640,23,7,17,65,3.2,45,27,2024-01-31 19:32:00
2914,4630,191,5,19,61,3.9,120,5,2025-02-05 10:02:00
2915,4596,34,18,21,67,1.2,60,8,2024-11-10 06:10:00
2916,4834,32,11,18,64,1.5,90,23,2024-04-04 06:07:00
2917,5024,117,12,23,66,2.0,90,9,2024-06-06 16:37:00
2918,4827,137,19,13,64,2.1,120,6,2025-12-22 08:49:00
2919,4968,6,16,16,68,1.9,45,15,2024-05-17 07:00:00
2920,4834,132,6,16,63,4.5,60,24,2025-07-20 13:15:00
2921,4516,108,11,12,66,1.1,45,10,2025-08-27 19:52:00
2922,4802,107,20,19,69,1.1,90,21,2025-05-12 11:08:00
2923,4661,180,12,21,67,3.9,45,10,2024-03-05 09:16:00
2924,4599,111,19,15,64,3.3,45,26,2024-10-04 20:12:00
2925,4495,109,7,11,70,1.6,60,8,2025-03-16 11:05:00
2926,4867,150,20,23,65,1.2,90,11,2025-04-19 09:22:00
2927,5077,136,11,24,61,3.8,90,11,2024-10-11 15:50:00
2928,4524,87,1,10,68,2.6,90,24,2025-08-28 11:19:00
2929,4986,20,3,10,65,4.5,120,6,2024-04-06 11:38:00
2930,5057,51,8,22,65,1.8,120,14,2025-03-15 19:55:00
2931,4640,73,14,10,67,2.0,60,17,2025-10-18 22:01:00
2932,5088,109,10,17,64,4.0,90,14,2024-10-20 07:57:00
2933,4772,64,8,14,67,4.1,120,19,2025-01-28 20:35:00
2934,4826,178,2,13,66,1.9,90,26,2025-04-11 11:00:00
2935,4451,125,6,11,61,4.2,60,20,2024-01-27 16:32:00
2936,4873,154,12,14,63,3.9,90,23,2024-09-29 11:29:00
2937,4873,184,17,21,61,4.2,120,29,2025-01-21 14:25:00
2938,4437,68,6,24,68,3.5,45,8,2024-02-28 21:37:00
2939,4475,94,8,11,64,1.5,120,12,2025-11-01 08:55:00
2940,4394,122,14,23,62,2.5,120,10,2025-07-17 09:46:00
2941,4944,85,9,22,66,2.4,120,26,2024-12-09 21:59:00
2942,4464,183,17,22,70,3.5,60,17,2025-04-07 06:05:00
2943,4877,64,15,11,70,3.4,45,6,2024-09-24 19:19:00
2944,4514,173,14,13,63,4.6,120,5,2024-11-15 14:48:00
2945,4902,40,11,15,65,2.5,60,17,2025-07-18 21:34:00
2946,4652,89,19,24,69,2.4,60,17,2024-08-18 20:43:00
2947,4424,71,10,16,61,3.3,60,18,2025-03-24 14:37:00
2948,4920,46,17,21,67,3.7,60,9,2024-01-27 10:05:00
2949,4651,59,18,16,64,1.5,120,6,2025-07-31 06:50:00
2950,4734,117,13,23,63,4.5,60,11,2025-03-02 17:01:00
2951,4660,185,8,12,70,2.8,45,9,2025-08-19 16:22:00
2952,4856,133,2,18,65,4.0,45,18,2025-01-30 09:16:00
2953,4518,105,10,17,66,3.8,60,14,2025-08-21 22:55:00
2954,5060,172,1,21,65,1.1,120,13,2025-09-14 21:38:00
2955,4426,99,3,20,65,3.6,60,30,2024-05-02 08:04:00
2956,5054,60,3,10,66,4.3,120,26,2025-05-04 16:09:00
2957,4867,137,16,19,64,3.6,45,6,2024-07-31 21:43:00
2958,5000,44,13,23,66,4.3,120,30,2025-10-05 11:57:00
2959,4954,116,11,11,67,1.1,120,30,2024-09-19 13:06:00
2960,4485,149,9,13,68,4.3,60,14,2025-11-11 15:08:00
2961,4515,1,14,14,63,4.2,90,6,2024-10-19 15:54:00
2962,4573,80,13,15,69,5.0,45,6,2024-02-09 08:29:00
2963,4681,163,14,22,64,1.7,60,7,2025-08-21 11:42:00
2964,4724,115,10,17,64,3.0,90,13,2024-09-02 14:57:00
2965,4912,122,2,19,68,1.9,90,30,2025-02-09 06:04:00
2966,4651,156,20,20,65,4.0,120,27,2025-10-06 19:56:00
2967,4546,21,13,14,66,2.7,45,22,2024-10-25 21:37:00
2968,4704,153,2,14,61,2.5,60,8,2025-10-28 06:49:00
2969,4435,9,9,17,68,4.7,45,16,2024-12-18 08:44:00
2970,4619,186,5,13,66,4.9,45,10,2025-01-02 08:19:00
2971,4813,127,15,15,64,3.3,120,24,2025-11-22 14:25:00
2972,4914,171,9,24,62,3.2,45,15,2024-06-20 06:46:00
2973,4664,75,10,20,69,3.7,45,23,2025-07-22 11:56:00
2974,4534,98,4,17,61,1.9,60,12,2024-02-28 13:01:00
2975,4397,74,13,22,68,3.7,45,12,2025-11-24 17:57:00
2976,4604,10,3,10,69,4.5,60,20,2024-02-23 07:59:00
2977,4950,187,2,17,68,1.3,60,15,2024-10-21 07:33:00
2978,4489,115,3,22,66,4.0,60,7,2025-01-09 18:06:00
2979,4829,46,14,22,61,4.4,60,20,2025-01-18 06:31:00
2980,4403,95,3,21,70,2.7,90,18,2026-01-01 08:00:00
2981,4957,86,16,16,61,4.3,120,13,2024-07-08 14:50:00
2982,5003,16,13,13,63,1.7,60,14,2024-08-16 11:23:00
2983,5101,172,5,24,65,2.4,45,15,2025-01-24 07:35:00
2984,4962,138,12,15,61,4.4,45,5,2025-12-13 22:35:00
2985,5092,163,19,23,63,4.3,45,16,2025-06-18 22:24:00
2986,4743,51,3,19,69,1.5,45,24,2025-07-25 15:10:00
2987,4810,175,19,20,68,2.8,60,28,2024-06-05 08:13:00
2988,4625,93,5,13,64,2.2,90,24,2024-03-15 06:59:00
2989,4866,148,9,19,66,3.9,45,18,2025-05-01 19:09:00
2990,4619,9,7,24,70,3.8,120,15,2024-06-13 11:39:00
2991,4969,115,5,14,68,2.3,60,28,2025-11-10 06:18:00
2992,4865,134,3,10,67,5.0,90,7,2024-09-04 06:05:00
2993,4593,2,4,15,68,3.5,45,26,2024-06-07 08:02:00
2994,4458,16,9,20,67,4.5,90,7,2024-08-15 10:39:00
2995,4650,90,6,21,63,4.6,60,10,2024-10-25 16:57:00
2996,5041,118,12,14,65,3.8,120,18,2025-12-01 15:56:00
2997,4995,178,2,23,61,2.6,120,8,2024-11-02 13:09:00
2998,5058,50,6,24,61,1.4,45,6,2024-03-20 13:45:00
2999,5070,104,11,21,64,3.8,90,14,2024-04-02 17:04:00
3000,4915,62,15,12,62,5.0,90,6,2025-08-17 21:14:00
