id,klient_id,data_id,sala_id,czas_pobytu_min,data_wejscia
1,10,4710,61,50,2024-08-16 17:30:00
2,89,4907,64,45,2024-03-13 07:45:00
3,46,4550,62,106,2024-07-08 11:36:00
4,124,4827,66,51,2024-07-21 06:54:00
5,199,4854,61,126,2024-11-23 15:34:00
6,86,4788,63,157,2025-05-02 08:37:00
7,116,4484,70,171,2025-02-22 20:42:00
8,117,4860,63,109,2024-12-28 16:39:00
9,71,4654,62,101,2024-06-10 17:02:00
10,78,4480,63,75,2025-11-15 15:49:00
11,11,4575,61,33,2025-01-25 15:58:00
12,45,4833,69,168,2025-12-14 06:43:00
13,140,4708,69,84,2025-07-09 07:48:00
14,47,4515,64,126,2024-07-21 06:29:00
15,162,4572,70,147,2025-07-12 09:59:00
16,68,4807,68,46,2025-03-24 19:21:00
17,66,4807,61,93,2025-01-23 21:09:00
18,8,4507,63,131,2024-01-24 14:12:00
19,106,4775,69,75,2024-02-14 12:21:00
20,195,4610,70,165,2025-05-22 11:07:00
21,129,4805,70,34,2024-12-31 09:48:00
22,198,4929,68,140,2024-10-09 09:26:00
23,135,5049,62,86,2024-11-16 14:57:00
24,197,4479,63,121,2024-04-06 17:33:00
25,9,5002,70,163,2025-06-14 06:26:00
26,111,4769,63,32,2025-07-30 08:41:00
27,67,4978,67,174,2025-09-04 10:05:00
28,60,4404,67,92,2024-10-30 11:09:00
29,72,5017,61,53,2024-11-15 07:34:00
30,144,4555,70,92,2025-03-03 22:15:00
31,86,4643,62,169,2024-03-14 15:48:00
32,52,4769,65,123,2025-04-24 18:19:00
33,2,4610,70,40,2024-10-26 18:27:00
34,191,4752,68,112,2024-08-04 18:54:00
35,132,4495,67,72,2025-09-13 13:48:00
36,74,4972,68,82,2026-01-14 16:19:00
37,19,5072,63,168,2025-11-12 10:55:00
38,107,4966,69,134,2025-03-24 18:05:00
39,192,4643,64,175,2024-02-04 12:11:00
40,119,4443,65,31,2025-11-14 22:36:00
41,131,4692,69,176,2024-05-01 17:07:00
42,51,5007,64,115,2025-12-14 19:38:00
43,112,4385,68,176,2025-09-29 13:07:00
44,184,4933,68,43,2024-02-01 10:39:00
45,149,4601,68,42,2024-05-26 10:21:00
46,65,5094,61,41,2024-09-21 18:26:00
47,64,4850,66,90,2024-12-18 15:58:00
48,37,4626,66,114,2025-11-24 21:59:00
49,73,4840,68,45,2024-03-16 11:24:00
50,110,4788,68,75,2024-03-31 11:14:00
51,98,4467,67,132,2025-06-10 22:26:00
52,178,4886,65,104,2025-07-26 13:15:00
53,150,4961,67,60,2025-11-22 12:26:00
54,195,5047,70,142,2025-09-24 08:38:00
55,99,4737,69,150,2024-07-07 13:06:00
56,102,4475,69,150,2024-02-29 06:02:00
57,64,4408,67,148,2025-02-21 12:34:00
58,33,4557,66,99,2025-06-21 06:59:00
59,95,4732,70,166,2025-01-13 07:11:00
60,88,5090,62,172,2024-05-18 19:05:00
61,100,4474,64,158,2024-06-26 08:00:00
62,109,4528,64,113,2025-07-02 10:16:00
63,163,4833,66,70,2024-06-19 09:56:00
64,126,4629,61,56,2025-08-25 08:31:00
65,165,4828,66,106,2024-02-13 16:17:00
66,18,4937,61,45,2026-01-04 08:37:00
67,83,4603,65,79,2026-01-10 16:54:00
68,159,4535,67,141,2025-10-14 13:00:00
69,77,4398,61,89,2025-02-11 18:30:00
70,84,4564,63,34,2025-12-27 13:28:00
71,64,4743,65,69,2025-09-09 16:41:00
72,6,4950,69,120,2024-06-25 18:57:00
73,48,4399,69,102,2024-10-09 14:29:00
74,110,4631,70,78,2025-09-15 16:55:00
75,182,4930,62,152,2024-05-21 10:58:00
76,123,4742,62,119,2025-07-13 06:43:00
77,139,4924,70,120,2025-01-01 17:43:00
78,47,4935,68,86,2024-06-16 22:08:00
79,138,4556,67,146,2025-11-03 15:31:00
80,69,4424,63,68,2024-02-12 12:37:00
81,114,5048,70,115,2025-10-03 21:12:00
82,153,4947,70,78,2024-08-06 19:12:00
83,48,5040,68,154,2024-04-10 22:15:00
84,137,4616,61,103,2024-09-26 19:05:00
85,194,5028,70,152,2024-04-20 21:01:00
86,109,4414,69,128,2024-11-04 10:16:00
87,16,4712,63,84,2025-02-12 10:55:00
88,127,4734,70,133,2025-01-19 18:32:00
89,100,4565,62,153,2025-07-20 08:23:00
90,177,4654,66,167,2026-01-14 18:50:00
91,43,4580,69,126,2024-07-22 17:42:00
92,33,4795,66,113,2024-09-25 20:56:00
93,107,4939,68,108,2025-12-11 21:53:00
94,161,4480,62,52,2024-12-28 18:35:00
95,7,4467,65,92,2025-12-26 12:52:00
96,77,5030,63,42,2025-08-01 21:01:00
97,45,4851,63,171,2024-07-14 22:57:00
98,181,4984,61,73,2024-04-29 11:46:00
99,83,4982,69,92,2024-03-14 07:01:00
100,117,4922,62,161,2024-04-07 07:13:00
101,157,5101,67,157,2025-06-18 07:24:00
102,135,4745,61,31,2024-11-05 07:03:00
103,142,5073,64,44,2025-07-07 07:46:00
104,194,4756,66,168,2024-10-07 12:13:00
105,199,5046,70,138,2025-10-24 19:40:00
106,165,4557,62,86,2024-01-26 19:25:00
107,116,4816,68,108,2024-09-30 19:14:00
108,140,4745,65,71,2024-10-10 13:20:00
109,21,5081,68,98,2025-05-16 16:55:00
110,95,4492,65,106,2024-05-08 14:18:00
111,44,4623,68,63,2024-11-22 16:09:00
112,51,4937,68,137,2025-08-02 10:49:00
113,147,4861,69,103,2024-09-24 10:01:00
114,13,4591,65,75,2024-07-23 16:55:00
115,73,4815,68,95,2024-07-22 07:19:00
116,135,4494,67,53,2024-02-12 18:29:00
117,60,5056,64,99,2025-01-25 16:28:00
118,41,4683,64,166,2025-04-05 19:09:00
119,167,4549,68,65,2024-08-13 16:58:00
120,173,4845,64,127,2024-04-11 11:14:00
121,173,4619,64,169,2025-06-24 18:01:00
122,37,4525,69,162,2025-01-24 10:38:00
123,192,4562,70,42,2024-10-10 19:20:00
124,187,4825,63,99,2024-09-02 15:51:00
125,37,5038,65,43,2024-06-11 11:20:00
126,154,4881,69,170,2025-06-19 12:04:00
127,106,4935,67,170,2025-08-24 13:44:00
128,12,4961,65,109,2025-07-02 06:04:00
129,63,4713,70,61,2024-05-13 18:26:00
130,89,4913,61,156,2025-01-19 13:53:00
131,193,4817,65,120,2025-04-17 16:00:00
132,167,4898,67,58,2025-04-16 12:33:00
133,145,4931,67,110,2025-02-06 06:25:00
134,73,4689,62,43,2025-01-10 21:58:00
135,176,4874,66,35,2025-03-20 19:00:00
136,167,4394,61,38,2024-03-27 10:06:00
137,146,4724,68,83,2025-12-21 10:00:00
138,83,4451,66,172,2025-07-14 06:08:00
139,163,4598,61,168,2024-07-05 20:43:00
140,63,4672,66,96,2024-05-29 21:11:00
141,178,4984,64,165,2025-02-25 11:46:00
142,182,4500,62,46,2024-03-13 15:34:00
143,70,4917,65,125,2025-11-07 16:54:00
144,198,5059,66,103,2025-11-07 08:11:00
145,185,4914,64,138,2025-08-09 21:15:00
146,133,4492,63,76,2024-04-18 06:47:00
147,66,4551,67,65,2025-11-23 08:41:00
148,95,4584,68,121,2024-05-19 18:41:00
149,30,5075,67,102,2025-01-16 13:40:00
150,16,4392,69,55,2024-04-12 18:17:00
151,150,4819,61,51,2024-06-18 15:53:00
152,117,4994,68,54,2024-06-13 22:58:00
153,33,4980,64,55,2025-09-12 07:56:00
154,12,4481,67,168,2024-05-06 14:10:00
155,129,4721,69,177,2025-11-02 19:35:00
156,165,5067,69,96,2024-08-25 17:50:00
157,52,5025,65,61,2025-11-03 21:02:00
158,195,4749,63,76,2024-02-15 12:02:00
159,148,4712,64,99,2025-03-08 16:02:00
160,145,4895,68,51,2024-05-10 17:33:00
161,32,4610,62,75,2025-07-24 10:01:00
162,156,4505,70,87,2025-06-25 10:54:00
163,25,4579,62,106,2025-11-27 14:58:00
164,193,5096,70,72,2024-09-21 19:59:00
165,160,4922,67,89,2025-08-26 08:50:00
166,23,4696,68,57,2024-10-18 08:38:00
167,156,4731,67,70,2024-05-16 21:02:00
168,166,4611,67,157,2024-03-27 06:57:00
169,135,4752,67,61,2025-07-29 07:33:00
170,46,4675,68,125,2025-03-27 17:43:00
171,91,4482,68,116,2026-01-17 19:15:00
172,38,4799,69,35,2024-07-02 07:26:00
173,189,4930,62,36,2025-10-08 07:24:00
174,35,4647,61,150,2025-07-08 10:40:00
175,94,4775,61,159,2024-06-08 14:34:00
176,133,4839,63,180,2025-07-06 16:00:00
177,16,4711,62,84,2025-01-15 11:41:00
178,80,4729,62,41,2025-04-09 16:57:00
179,129,4820,68,72,2025-12-04 19:16:00
180,67,4860,70,83,2024-03-19 06:31:00
181,11,4818,62,112,2025-06-15 10:52:00
182,180,4511,62,30,2025-05-19 10:01:00
183,9,4908,65,138,2025-12-12 13:31:00
184,182,4731,64,146,2024-09-21 21:04:00
185,178,4609,68,124,2025-07-24 20:19:00
186,28,4702,65,165,2024-04-10 18:52:00
187,149,5051,67,156,2024-02-24 20:15:00
188,197,4552,63,159,2024-12-13 11:35:00
189,130,4647,66,41,2024-01-22 07:02:00
190,26,4423,65,179,2024-03-15 09:21:00
191,91,4501,63,44,2025-05-09 13:39:00
192,64,4635,65,61,2024-05-09 06:24:00
193,129,4945,64,145,2025-07-22 13:56:00
194,52,4790,61,104,2025-09-10 18:01:00
195,35,5108,64,102,2024-08-27 21:48:00
196,55,4385,62,94,2025-04-29 09:19:00
197,106,4917,65,145,2025-09-11 15:32:00
198,140,4593,66,154,2025-03-01 08:01:00
199,159,4666,65,78,2025-01-28 18:27:00
200,115,4530,69,30,2025-03-16 11:57:00
201,180,4860,69,129,2025-12-06 07:56:00
202,12,4550,69,101,2025-11-24 06:21:00
203,109,4876,68,98,2024-07-17 18:26:00
204,93,4676,69,89,2024-11-08 16:26:00
205,148,4560,63,35,2025-01-13 07:11:00
206,2,5101,67,159,2024-07-20 19:02:00
207,73,4870,70,32,2024-07-21 17:40:00
208,4,4619,62,117,2024-04-05 17:35:00
209,59,4958,69,34,2024-10-10 06:22:00
210,55,4512,63,30,2025-06-05 22:58:00
211,172,5063,67,31,2025-01-06 06:16:00
212,180,4957,65,168,2024-12-02 10:43:00
213,77,4653,62,78,2026-01-17 07:28:00
214,51,5088,65,140,2024-04-27 09:53:00
215,130,4939,69,135,2024-08-01 16:03:00
216,44,4941,61,37,2024-07-08 20:19:00
217,57,5016,64,58,2025-07-13 11:01:00
218,35,4510,61,164,2025-01-26 14:01:00
219,110,4611,70,102,2024-12-26 07:33:00
220,57,4837,69,166,2026-01-10 10:12:00
221,169,4472,68,98,2024-03-18 22:08:00
222,11,4781,70,76,2024-03-01 07:24:00
223,182,5090,66,147,2025-11-14 21:43:00
224,149,4521,65,170,2025-04-04 21:32:00
225,191,4646,63,93,2024-12-30 07:03:00
226,127,4458,63,92,2025-11-15 08:31:00
227,11,4883,70,130,2024-08-19 15:14:00
228,142,4597,67,48,2025-06-20 17:08:00
229,10,4903,64,44,2024-05-27 14:42:00
230,138,4995,62,161,2024-06-08 21:30:00
231,111,4963,68,141,2024-09-14 22:41:00
232,188,4949,63,48,2024-11-01 18:39:00
233,144,4437,64,32,2025-12-04 18:36:00
234,186,4394,67,76,2025-01-12 21:57:00
235,2,4775,66,111,2024-05-15 21:57:00
236,77,4773,61,154,2024-10-18 08:34:00
237,43,4856,66,84,2024-10-02 12:48:00
238,194,4938,69,71,2025-03-19 06:26:00
239,98,4882,68,41,2025-01-14 08:01:00
240,173,4510,62,91,2024-05-21 08:10:00
241,70,4977,64,125,2024-09-02 13:41:00
242,23,4580,65,110,2025-03-09 10:16:00
243,74,5056,65,157,2025-11-09 16:53:00
244,86,5058,67,52,2025-05-18 17:46:00
245,140,4507,61,57,2025-04-24 20:49:00
246,22,4904,65,82,2025-04-20 15:49:00
247,85,4533,66,136,2025-07-12 17:30:00
248,29,4733,70,85,2025-07-02 15:33:00
249,97,4810,63,42,2024-12-27 18:00:00
250,86,4581,63,118,2024-04-26 14:48:00
251,97,4699,66,131,2024-07-21 11:35:00
252,93,4937,70,90,2025-10-25 06:30:00
253,77,4858,64,109,2024-04-07 15:37:00
254,184,4438,67,160,2024-07-14 16:13:00
255,151,4773,65,164,2024-06-04 17:37:00
256,164,4649,62,84,2025-08-10 19:22:00
257,54,4521,68,90,2025-12-26 07:59:00
258,119,4754,66,179,2024-04-08 21:46:00
259,195,4887,69,117,2025-07-27 09:05:00
260,169,4573,62,95,2024-06-30 15:39:00
261,153,4528,62,128,2025-04-16 20:35:00
262,107,4717,66,93,2024-10-16 21:29:00
263,143,4954,61,80,2024-02-01 11:58:00
264,136,4757,67,83,2024-09-29 12:54:00
265,199,4781,66,51,2025-06-11 10:25:00
266,152,4658,61,115,2025-03-15 21:11:00
267,121,4528,63,101,2025-10-13 22:29:00
268,21,4433,64,114,2024-11-02 10:04:00
269,147,4801,64,108,2025-02-12 19:41:00
270,10,5059,64,160,2024-06-21 06:28:00
271,153,4534,70,93,2024-12-14 11:14:00
272,6,4838,69,35,2025-08-19 06:52:00
273,159,5046,69,105,2025-09-27 16:24:00
274,43,4716,64,115,2025-10-08 16:55:00
275,152,5036,67,177,2025-05-19 20:34:00
276,59,4557,63,67,2025-06-12 17:26:00
277,142,4731,62,118,2024-11-13 20:05:00
278,170,4704,64,96,2024-08-07 07:33:00
279,133,4907,68,89,2025-12-04 21:50:00
280,54,4980,66,124,2024-02-15 14:53:00
281,56,4581,63,176,2025-07-01 12:53:00
282,93,4865,69,66,2025-09-15 19:20:00
283,156,5003,70,151,2024-11-25 09:19:00
284,179,4579,61,45,2024-12-29 14:25:00
285,168,4791,66,75,2024-09-23 11:04:00
286,23,4633,64,129,2024-07-04 16:50:00
287,28,4715,61,91,2024-03-07 08:29:00
288,131,4708,63,166,2025-02-08 18:19:00
289,7,4710,65,31,2025-09-26 14:08:00
290,175,4643,64,126,2025-09-07 08:04:00
291,114,4521,61,103,2025-09-04 20:41:00
292,29,4970,66,64,2024-06-15 10:23:00
293,48,5017,70,143,2024-10-25 06:01:00
294,145,4779,70,136,2024-05-02 18:19:00
295,72,4410,65,135,2025-11-08 09:06:00
296,33,5099,69,112,2024-05-21 16:59:00
297,18,4904,62,87,2025-11-24 20:52:00
298,10,4695,64,94,2024-07-07 21:23:00
299,26,4547,63,143,2025-09-06 10:17:00
300,75,4529,64,173,2025-01-30 16:01:00
301,66,4935,61,56,2024-08-15 12:14:00
302,65,4794,66,152,2025-07-16 17:31:00
303,140,4956,62,92,2025-12-04 15:13:00
304,197,5046,66,96,2024-07-27 18:29:00
305,123,5020,68,116,2024-04-21 16:51:00
306,186,4585,62,111,2025-03-12 06:07:00
307,8,4845,61,75,2024-01-28 21:11:00
308,160,4703,66,44,2024-05-04 13:21:00
309,152,4906,63,145,2024-03-03 19:36:00
310,148,4784,66,143,2025-09-08 15:34:00
311,4,4831,62,102,2025-01-06 15:55:00
312,9,4687,69,94,2025-05-21 15:55:00
313,35,4744,66,162,2024-05-11 20:43:00
314,96,4437,64,81,2024-08-07 09:35:00
315,114,4945,67,177,2024-05-27 16:08:00
316,155,4728,68,161,2025-06-26 17:33:00
317,21,5064,68,77,2025-01-02 17:06:00
318,199,4762,70,88,2024-09-16 16:05:00
319,9,5015,61,63,2025-05-26 16:38:00
320,59,4636,68,132,2025-10-15 22:44:00
321,162,4891,70,86,2024-09-19 10:04:00
322,64,4660,62,118,2024-08-30 11:49:00
323,41,4576,64,170,2025-09-16 18:34:00
324,139,4737,67,151,2024-10-10 21:10:00
325,128,4939,66,88,2025-12-28 17:33:00
326,85,4844,63,93,2024-04-12 15:29:00
327,97,5013,66,162,2024-12-19 06:46:00
328,69,4381,68,161,2025-09-08 11:31:00
329,34,4550,65,100,2025-01-25 10:29:00
330,187,4853,65,59,2024-08-07 06:56:00
331,132,4644,62,72,2024-09-30 07:45:00
332,49,4748,67,117,2025-09-12 13:10:00
333,32,4715,64,127,2026-01-04 14:21:00
334,6,4828,66,172,2025-11-26 10:52:00
335,63,4799,68,146,2025-08-03 15:20:00
336,191,4844,68,44,2024-08-11 15:36:00
337,18,4711,63,130,2024-02-06 12:08:00
338,83,4650,65,66,2025-02-09 11:31:00
339,82,4926,66,50,2024-12-03 06:25:00
340,132,4725,68,125,2025-11-27 17:49:00
341,4,5082,64,44,2025-10-12 07:46:00
342,177,4490,63,34,2024-12-23 17:26:00
343,109,5029,62,159,2025-03-31 11:08:00
344,176,4570,67,111,2025-06-29 11:30:00
345,56,5002,67,176,2025-06-18 06:39:00
346,10,4877,68,77,2024-10-17 19:12:00
347,3,4820,61,92,2025-11-30 19:37:00
348,63,4673,61,174,2025-08-31 19:55:00
349,172,5013,67,42,2024-09-09 16:51:00
350,162,4740,61,86,2025-06-26 16:16:00
351,128,5096,69,108,2025-07-31 08:10:00
352,164,4821,65,176,2025-02-05 10:41:00
353,77,4605,61,168,2025-06-01 11:59:00
354,3,4500,67,80,2024-07-28 11:12:00
355,142,4810,66,131,2025-01-22 06:29:00
356,66,5066,61,37,2024-08-11 11:49:00
357,2,4702,68,85,2024-09-16 09:58:00
358,7,4434,61,119,2024-02-15 20:15:00
359,47,4951,62,60,2025-01-03 14:08:00
360,166,4788,67,47,2024-08-10 15:27:00
361,142,4582,70,170,2025-12-02 22:13:00
362,108,4885,63,54,2025-05-04 10:04:00
363,12,5023,62,132,2025-10-25 09:43:00
364,148,4908,67,143,2025-04-11 07:08:00
365,136,4534,67,38,2024-10-27 21:40:00
366,78,4407,69,91,2024-03-08 10:48:00
367,27,4570,65,47,2025-08-26 18:08:00
368,102,4987,70,34,2024-08-26 20:35:00
369,16,5005,69,177,2024-09-05 19:11:00
370,36,4964,67,180,2025-07-04 07:30:00
371,93,4720,70,140,2025-12-23 16:43:00
372,132,5022,67,169,2024-04-05 19:56:00
373,148,4431,68,98,2025-05-22 08:57:00
374,183,4687,67,57,2024-09-23 07:01:00
375,79,5081,69,121,2024-12-29 10:05:00
376,6,4778,70,92,2024-09-02 21:21:00
377,19,4641,66,159,2024-05-14 21:02:00
378,121,5085,66,177,2024-04-10 16:16:00
379,19,4689,67,96,2024-02-09 18:24:00
380,39,5041,66,113,2024-06-02 06:21:00
381,25,4551,63,66,2025-02-02 18:36:00
382,161,5029,65,34,2025-11-08 12:13:00
383,181,4433,68,73,2025-07-20 06:08:00
384,114,4432,67,51,2024-02-14 19:59:00
385,162,4603,64,122,2025-11-27 16:58:00
386,47,4664,68,69,2024-11-10 14:18:00
387,167,4853,68,100,2025-04-13 09:12:00
388,115,4855,69,83,2025-09-10 06:52:00
389,32,4745,70,144,2024-08-20 12:22:00
390,71,4649,64,103,2025-11-20 17:01:00
391,183,4991,66,161,2025-03-08 12:29:00
392,73,4677,65,56,2024-08-20 16:11:00
393,128,4940,66,93,2025-12-14 08:55:00
394,24,4562,63,144,2024-01-27 08:33:00
395,23,4891,62,83,2025-04-01 21:55:00
396,97,4382,69,121,2025-04-02 15:55:00
397,163,4879,64,151,2025-06-06 16:10:00
398,16,4610,70,43,2025-07-23 18:28:00
399,138,4661,69,96,2024-09-22 16:05:00
400,143,4886,70,149,2024-02-29 11:17:00
401,77,4991,62,146,2024-03-10 06:39:00
402,43,4752,65,114,2025-02-21 18:29:00
403,165,4960,65,152,2025-12-09 22:23:00
404,95,4382,63,43,2025-12-25 17:37:00
405,120,4802,65,158,2024-08-16 21:11:00
406,61,4599,61,160,2024-03-09 21:39:00
407,36,4757,70,168,2024-03-31 09:32:00
408,23,4453,67,93,2024-04-22 10:08:00
409,174,4533,70,56,2024-08-19 06:11:00
410,65,4386,69,106,2025-05-01 18:07:00
411,129,4923,62,74,2025-06-01 06:59:00
412,142,5065,61,45,2025-10-04 21:09:00
413,91,5022,69,161,2024-04-25 14:12:00
414,114,4611,66,175,2025-02-01 11:49:00
415,33,4545,69,114,2024-01-22 12:08:00
416,25,4938,62,68,2024-02-05 21:17:00
417,74,4559,70,85,2024-11-13 11:16:00
418,193,4783,62,162,2025-09-28 06:35:00
419,200,4385,70,33,2024-10-29 18:36:00
420,36,4944,64,151,2025-03-07 10:48:00
421,76,4866,62,43,2024-03-20 11:36:00
422,128,4403,69,134,2024-04-11 11:43:00
423,18,4516,69,131,2025-09-28 18:25:00
424,9,4612,70,47,2025-12-18 16:32:00
425,124,4705,68,69,2025-09-17 10:30:00
426,131,4458,61,82,2024-03-27 21:03:00
427,12,4658,64,149,2024-01-23 11:07:00
428,33,5059,62,66,2025-02-26 18:46:00
429,89,4878,61,77,2025-10-15 21:51:00
430,173,4545,67,146,2025-08-21 08:16:00
431,30,4867,67,59,2024-09-23 15:19:00
432,102,5032,63,32,2024-02-24 20:43:00
433,50,4807,67,72,2025-08-07 11:02:00
434,153,4512,70,95,2025-06-13 08:10:00
435,101,4872,64,171,2025-06-30 18:44:00
436,20,4404,63,58,2025-06-16 22:40:00
437,158,4879,64,92,2025-10-22 08:39:00
438,30,5003,65,63,2025-12-24 16:36:00
439,116,4751,67,98,2024-01-28 16:18:00
440,176,4479,70,118,2024-12-12 08:59:00
441,18,4857,63,120,2025-10-01 21:17:00
442,78,4806,64,114,2024-09-20 22:38:00
443,150,4812,62,78,2025-06-15 20:49:00
444,189,4630,62,103,2024-10-11 15:32:00
445,196,5085,67,79,2025-08-20 07:49:00
446,14,4979,65,145,2024-12-09 15:17:00
447,34,4838,61,157,2024-12-13 11:56:00
448,53,4932,64,40,2025-12-01 19:11:00
449,171,4495,62,63,2025-12-27 13:33:00
450,78,4489,61,32,2025-04-30 19:43:00
451,119,4559,70,31,2025-06-11 08:15:00
452,53,4568,70,180,2024-03-11 13:45:00
453,194,4831,61,124,2025-12-31 10:52:00
454,153,5027,68,98,2025-05-31 10:16:00
455,156,4572,64,98,2024-11-15 08:36:00
456,149,5049,67,70,2024-08-28 19:36:00
457,95,4482,65,33,2025-01-31 15:07:00
458,81,4769,64,71,2025-08-05 09:58:00
459,149,5047,67,81,2025-02-05 11:06:00
460,183,4482,64,82,2025-04-03 16:40:00
461,78,4641,68,102,2025-12-21 13:34:00
462,68,4747,67,179,2025-01-31 07:08:00
463,33,4669,63,172,2024-07-06 14:54:00
464,119,4499,68,84,2025-02-09 20:09:00
465,25,4600,64,46,2024-08-28 22:59:00
466,7,4561,70,169,2024-04-10 17:46:00
467,149,4945,68,171,2025-11-13 15:18:00
468,189,4559,68,172,2025-12-04 13:27:00
469,135,4713,66,113,2025-03-31 10:32:00
470,95,4996,69,154,2024-12-22 15:23:00
471,11,4771,64,120,2025-05-13 06:35:00
472,159,5009,70,126,2024-11-04 08:15:00
473,148,4606,67,86,2025-02-19 15:41:00
474,44,4596,62,37,2024-08-02 13:47:00
475,195,4773,66,151,2025-05-09 15:21:00
476,48,4901,67,153,2025-06-13 16:48:00
477,136,4974,70,55,2024-08-24 11:58:00
478,10,4442,63,108,2024-06-14 15:59:00
479,132,4675,65,62,2024-11-06 22:55:00
480,126,4931,68,94,2025-12-30 10:43:00
481,102,4593,69,153,2024-06-24 09:59:00
482,109,4829,65,64,2024-04-27 13:41:00
483,141,4784,67,98,2025-03-03 13:47:00
484,191,4847,64,36,2024-12-25 19:11:00
485,2,4753,70,90,2024-10-23 16:12:00
486,95,5083,66,37,2025-06-26 07:01:00
487,115,4774,63,31,2025-05-20 21:02:00
488,34,4691,69,93,2025-03-23 16:54:00
489,139,4788,64,123,2024-09-08 09:33:00
490,8,4644,70,147,2025-05-31 19:26:00
491,190,4936,61,116,2025-02-23 15:56:00
492,83,4598,64,143,2025-01-25 22:35:00
493,61,4400,67,83,2024-03-01 22:54:00
494,101,4886,67,76,2025-01-17 21:05:00
495,137,4509,61,88,2025-04-09 21:44:00
496,161,4889,63,118,2024-04-24 19:18:00
497,47,4912,65,31,2024-12-05 22:15:00
498,40,4785,62,118,2024-03-22 21:05:00
499,111,4651,62,64,2025-03-30 18:07:00
500,70,4514,70,56,2025-02-06 22:23:00
501,159,4706,66,91,2025-01-11 06:52:00
502,181,4495,65,178,2025-07-30 12:00:00
503,96,4891,67,70,2025-01-27 13:26:00
504,139,4760,67,129,2025-06-05 09:31:00
505,26,4508,68,145,2024-08-26 06:09:00
506,112,4644,62,63,2025-07-01 06:22:00
507,60,4978,67,73,2025-12-11 07:19:00
508,112,4796,70,95,2024-09-17 06:45:00
509,9,4878,65,123,2024-03-17 20:57:00
510,9,5073,70,55,2025-10-23 09:58:00
511,186,4700,70,88,2024-03-08 22:29:00
512,77,5064,62,121,2024-03-12 10:26:00
513,134,5074,66,103,2025-08-15 22:24:00
514,135,4706,68,55,2024-11-06 13:17:00
515,81,4541,63,139,2025-09-11 17:24:00
516,110,5109,69,165,2024-04-17 19:35:00
517,40,4421,65,78,2025-04-25 06:17:00
518,114,4422,61,72,2025-10-15 19:01:00
519,63,4667,64,138,2025-03-18 16:57:00
520,76,4621,63,67,2024-10-22 07:10:00
521,104,4382,70,70,2025-02-04 15:39:00
522,51,4548,68,92,2025-06-28 12:13:00
523,86,4659,67,169,2024-08-08 18:09:00
524,53,5067,61,98,2024-05-23 16:26:00
525,112,5028,69,100,2025-02-08 17:27:00
526,58,5016,70,139,2025-08-19 12:07:00
527,126,5069,62,44,2025-03-03 13:17:00
528,179,5097,67,63,2025-05-10 19:53:00
529,188,4596,64,110,2024-02-08 18:27:00
530,178,4655,70,78,2025-03-04 15:51:00
531,17,4908,68,98,2025-07-28 10:49:00
532,35,4497,65,145,2025-05-01 16:55:00
533,73,4979,69,138,2024-10-23 15:37:00
534,80,4904,65,65,2026-01-17 08:26:00
535,125,4757,65,36,2024-08-02 11:47:00
536,86,4410,67,83,2024-11-28 20:13:00
537,35,4476,63,68,2026-01-16 20:20:00
538,59,4690,67,102,2024-02-09 14:46:00
539,22,4993,61,86,2025-03-30 12:28:00
540,164,4664,62,78,2025-02-23 17:15:00
541,200,4581,64,99,2025-09-02 11:43:00
542,166,4672,66,143,2025-07-14 12:56:00
543,122,5097,63,173,2024-12-25 10:48:00
544,18,4828,68,161,2024-01-25 19:34:00
545,94,5093,67,63,2026-01-11 22:46:00
546,173,4541,70,172,2025-03-05 21:15:00
547,42,4689,69,123,2024-01-25 22:20:00
548,86,4961,62,161,2024-05-06 13:45:00
549,183,4682,67,40,2025-01-25 11:15:00
550,193,4795,68,66,2024-03-06 07:27:00
551,114,4695,63,53,2025-09-19 17:56:00
552,128,4869,70,85,2025-04-16 07:51:00
553,145,4952,68,169,2024-07-16 11:59:00
554,8,4674,61,111,2024-07-12 11:02:00
555,98,4820,68,146,2025-12-15 09:33:00
556,139,4764,65,161,2025-01-12 10:56:00
557,48,4601,68,40,2024-03-31 17:43:00
558,74,4383,70,55,2025-07-21 13:17:00
559,114,5018,65,64,2025-03-01 22:46:00
560,43,5019,70,71,2024-08-27 21:39:00
561,128,4997,65,109,2024-12-28 08:26:00
562,76,5075,66,169,2025-08-26 06:34:00
563,194,4910,65,50,2025-11-30 21:27:00
564,15,4531,62,161,2025-02-08 19:29:00
565,36,4734,70,110,2025-04-14 12:51:00
566,159,5104,62,47,2024-08-09 06:11:00
567,41,5083,67,100,2024-12-28 09:24:00
568,93,4632,64,31,2025-12-31 21:45:00
569,60,4895,66,156,2025-12-30 08:28:00
570,155,4634,66,45,2025-09-11 16:55:00
571,81,4835,64,174,2025-05-01 12:46:00
572,17,4522,67,47,2025-06-02 06:49:00
573,72,5071,67,173,2024-04-11 06:21:00
574,34,5087,66,60,2026-01-15 10:42:00
575,188,4548,61,101,2024-01-29 20:34:00
576,24,4488,61,110,2024-04-10 19:35:00
577,50,4383,69,43,2024-04-18 13:18:00
578,168,4661,68,172,2025-09-08 22:11:00
579,113,5028,69,79,2024-01-30 20:18:00
580,156,4809,69,132,2025-03-06 15:07:00
581,197,4541,69,79,2024-07-07 16:43:00
582,145,4673,64,68,2025-07-07 07:51:00
583,70,4778,66,84,2025-04-30 06:17:00
584,75,5055,65,149,2024-02-06 14:57:00
585,159,4636,69,108,2024-02-27 10:33:00
586,103,4433,67,76,2024-10-21 10:12:00
587,45,5003,67,156,2025-10-23 18:11:00
588,104,5008,61,128,2024-08-30 12:38:00
589,97,4677,64,69,2025-11-15 19:15:00
590,34,5080,65,111,2025-09-25 21:23:00
591,134,4634,66,166,2024-02-01 14:49:00
592,13,4940,65,168,2024-08-10 14:58:00
593,113,4813,62,155,2024-10-04 14:36:00
594,51,4383,62,164,2025-08-14 14:30:00
595,121,4576,70,131,2024-02-13 17:21:00
596,130,4615,63,131,2025-03-28 12:45:00
597,74,4656,69,127,2025-02-14 18:25:00
598,93,4605,61,122,2025-04-14 10:38:00
599,84,4958,63,84,2025-04-15 08:47:00
600,166,4414,68,61,2024-06-11 13:18:00
601,67,4743,69,30,2024-07-11 21:40:00
602,147,4907,70,135,2025-05-05 20:22:00
603,142,4944,61,50,2025-11-23 07:16:00
604,55,4887,67,107,2024-10-24 14:01:00
605,147,5086,64,78,2025-05-12 08:23:00
606,56,4460,68,132,2025-05-04 13:28:00
607,89,4946,61,50,2024-04-12 06:19:00
608,160,4916,70,74,2025-04-28 09:45:00
609,98,4761,62,105,2024-05-25 11:33:00
610,108,4588,61,111,2025-09-04 20:16:00
611,10,4966,65,41,2025-04-25 19:37:00
612,76,4684,70,137,2025-12-03 10:36:00
613,39,4465,64,97,2024-05-26 18:46:00
614,67,4812,63,108,2024-02-11 16:29:00
615,157,5040,69,154,2025-03-03 21:32:00
616,22,5110,64,52,2025-07-30 07:01:00
617,116,5063,67,177,2024-07-30 12:02:00
618,199,4929,65,132,2025-08-06 20:48:00
619,87,4825,70,125,2024-08-30 06:08:00
620,143,4593,63,72,2025-06-20 12:33:00
621,9,4894,66,130,2024-02-23 20:30:00
622,81,4878,66,140,2024-09-10 06:27:00
623,110,4557,64,178,2024-02-17 11:03:00
624,41,4391,62,121,2025-04-11 10:47:00
625,28,4725,63,72,2025-01-13 10:14:00
626,195,5043,66,112,2024-03-30 07:13:00
627,183,4594,70,128,2024-03-24 22:25:00
628,152,4691,65,89,2024-09-27 22:27:00
629,68,4853,70,37,2025-07-07 22:00:00
630,46,4692,68,124,2024-04-20 14:45:00
631,91,4805,64,172,2024-03-31 15:32:00
632,88,4403,62,106,2024-10-10 08:25:00
633,11,4840,62,30,2025-01-17 11:01:00
634,133,4987,70,145,2025-09-20 12:25:00
635,62,4752,63,162,2025-12-25 14:23:00
636,79,4722,68,79,2025-05-17 20:42:00
637,115,4941,65,163,2025-04-11 14:20:00
638,41,4894,62,46,2024-12-01 06:37:00
639,86,4639,64,94,2024-04-19 16:38:00
640,18,5090,68,124,2025-07-23 20:54:00
641,161,5094,68,150,2024-05-16 20:04:00
642,35,4615,63,57,2025-03-07 14:33:00
643,155,4624,70,68,2024-06-28 08:27:00
644,89,4719,69,101,2025-07-06 20:59:00
645,62,4781,63,158,2024-04-11 19:20:00
646,154,4994,65,100,2025-01-08 16:57:00
647,184,4442,63,177,2025-03-04 06:45:00
648,40,4976,64,180,2024-06-26 19:13:00
649,5,4939,66,74,2025-04-03 11:42:00
650,136,4427,62,41,2024-04-09 12:41:00
651,185,4875,68,31,2025-11-23 16:39:00
652,66,4849,62,81,2025-11-01 21:57:00
653,191,4657,67,66,2025-02-23 18:11:00
654,62,4736,70,155,2024-02-03 18:51:00
655,166,4513,63,157,2024-12-08 11:28:00
656,176,4999,64,41,2024-06-29 13:06:00
657,142,4393,66,76,2025-11-18 15:54:00
658,93,4936,69,67,2025-12-08 06:55:00
659,111,4921,65,142,2024-04-09 17:28:00
660,165,4505,70,92,2024-12-16 06:13:00
661,153,5039,69,63,2025-10-19 15:17:00
662,191,5043,62,133,2025-01-19 21:05:00
663,41,4589,66,151,2025-08-12 17:11:00
664,166,5009,69,37,2025-02-18 09:47:00
665,178,4503,61,165,2024-11-29 06:27:00
666,74,4412,63,34,2024-09-26 06:43:00
667,55,4626,65,140,2024-03-28 19:38:00
668,42,4941,69,98,2025-10-13 15:02:00
669,190,5012,64,68,2025-12-04 19:11:00
670,69,4632,67,58,2024-02-09 15:23:00
671,162,4677,63,58,2024-12-30 07:21:00
672,133,4584,69,159,2024-12-29 14:09:00
673,142,4533,65,55,2025-02-28 07:25:00
674,193,4585,65,36,2024-04-06 13:08:00
675,13,4774,61,171,2025-03-16 21:35:00
676,167,4596,62,51,2025-07-25 13:41:00
677,135,4388,65,127,2025-07-30 13:17:00
678,136,4716,69,56,2025-05-22 08:51:00
679,10,4558,67,151,2025-03-14 17:52:00
680,103,5101,68,111,2024-05-31 10:42:00
681,165,4738,67,150,2025-01-12 19:01:00
682,45,4676,69,39,2024-02-03 20:32:00
683,50,4955,68,150,2024-10-15 18:30:00
684,160,4510,70,47,2024-08-08 19:44:00
685,2,4547,69,132,2024-05-26 12:28:00
686,62,4469,64,140,2024-05-01 10:04:00
687,145,4990,65,38,2025-07-01 19:40:00
688,194,4604,63,173,2024-03-27 18:39:00
689,139,4716,65,164,2025-12-06 19:11:00
690,23,5077,62,169,2024-04-01 22:31:00
691,77,4480,61,85,2025-04-29 09:34:00
692,179,4892,63,56,2025-04-03 21:18:00
693,127,4604,68,77,2025-09-12 08:42:00
694,110,4424,63,99,2024-05-07 15:12:00
695,75,4719,62,72,2025-06-07 15:42:00
696,137,4978,66,147,2024-06-14 19:03:00
697,30,4765,64,179,2025-04-08 11:12:00
698,184,4752,64,53,2025-11-24 18:12:00
699,200,5077,69,64,2025-02-27 14:11:00
700,187,4681,68,40,2025-06-16 17:55:00
701,86,5034,70,147,2024-02-26 16:25:00
702,35,4744,67,147,2024-04-21 12:04:00
703,103,4541,62,101,2024-07-13 10:44:00
704,162,4602,70,161,2025-02-11 12:58:00
705,28,4966,61,105,2025-04-30 13:56:00
706,110,4691,69,55,2024-02-16 13:53:00
707,187,4985,67,166,2025-03-23 07:30:00
708,155,4744,67,82,2025-04-13 09:25:00
709,70,4644,67,82,2024-10-01 20:24:00
710,119,4791,67,95,2024-06-29 16:18:00
711,64,4579,65,129,2025-03-30 06:36:00
712,108,4671,66,110,2025-12-01 16:56:00
713,183,5042,61,30,2024-03-02 16:51:00
714,2,5093,64,141,2024-09-08 17:28:00
715,90,4988,66,66,2025-08-13 15:47:00
716,121,4739,63,122,2025-06-25 10:06:00
717,34,4961,63,134,2024-11-27 19:05:00
718,91,4399,64,167,2025-09-25 21:17:00
719,3,4880,64,51,2025-04-21 19:46:00
720,62,4586,70,60,2024-08-21 18:35:00
721,110,4734,63,128,2025-02-15 17:15:00
722,197,4385,68,157,2025-04-05 18:05:00
723,15,4848,61,96,2025-11-04 15:56:00
724,73,4474,62,139,2025-10-27 08:36:00
725,135,5044,61,69,2024-12-29 22:31:00
726,6,5000,68,144,2024-06-23 07:53:00
727,53,4492,63,150,2024-04-19 07:58:00
728,67,5048,66,105,2024-11-08 16:37:00
729,54,4674,61,169,2024-02-09 19:51:00
730,23,4621,67,116,2024-05-12 21:58:00
731,180,4759,68,170,2024-07-23 18:32:00
732,184,4641,68,58,2024-10-04 21:09:00
733,43,5100,69,47,2025-12-20 16:55:00
734,107,4547,70,146,2024-12-25 12:51:00
735,16,4809,64,136,2024-02-22 11:39:00
736,98,4860,63,43,2024-06-10 17:37:00
737,200,4657,61,42,2025-08-12 14:37:00
738,117,5077,70,46,2024-11-12 19:22:00
739,31,4522,64,168,2025-04-27 16:24:00
740,196,4974,67,120,2025-08-17 17:50:00
741,108,4625,67,70,2024-12-29 09:14:00
742,130,5109,63,158,2024-07-22 20:00:00
743,88,4646,68,131,2025-01-09 16:12:00
744,134,4997,70,49,2025-06-04 18:20:00
745,185,4629,65,35,2024-08-28 16:17:00
746,2,4860,68,36,2025-08-26 15:04:00
747,97,4705,63,134,2025-05-23 16:18:00
748,174,4742,61,39,2025-09-11 22:46:00
749,61,5036,66,111,2025-05-13 15:59:00
750,64,4760,66,177,2025-07-29 06:38:00
751,5,4452,67,107,2024-10-25 13:22:00
752,24,5047,66,151,2024-01-19 18:35:00
753,184,4544,64,43,2024-11-21 16:36:00
754,109,4494,61,54,2024-03-20 20:05:00
755,4,4825,69,178,2024-02-09 16:24:00
756,94,4408,64,81,2024-02-13 07:18:00
757,50,4928,66,156,2025-04-03 12:29:00
758,156,4670,66,57,2026-01-12 13:39:00
759,174,4909,64,175,2025-01-02 07:52:00
760,31,5014,68,126,2025-09-13 22:05:00
761,170,4979,67,147,2024-12-13 20:32:00
762,125,4787,61,134,2025-07-05 11:39:00
763,121,4508,67,145,2024-03-06 17:16:00
764,32,4959,62,176,2024-05-05 22:53:00
765,137,4732,68,40,2024-03-12 18:23:00
766,129,4856,61,40,2024-11-08 19:24:00
767,5,4573,64,86,2024-10-09 09:30:00
768,173,4895,62,144,2024-03-06 10:50:00
769,96,5028,65,55,2024-08-16 15:24:00
770,161,4424,67,163,2025-08-25 14:04:00
771,175,4467,70,117,2025-06-08 22:40:00
772,178,4461,62,144,2025-11-05 16:26:00
773,33,4735,70,36,2024-08-04 11:35:00
774,97,5098,65,40,2025-10-02 11:46:00
775,94,4570,63,108,2025-07-06 19:01:00
776,40,5067,65,108,2025-12-12 06:47:00
777,74,4409,67,153,2024-10-27 16:17:00
778,172,4466,67,103,2024-10-22 21:37:00
779,3,4778,66,120,2025-05-01 07:09:00
780,106,4705,62,81,2025-03-12 20:55:00
781,167,4709,70,168,2024-07-24 19:25:00
782,9,4908,64,89,2025-07-14 18:55:00
783,104,4476,63,168,2025-07-06 09:15:00
784,116,4723,65,85,2024-07-19 14:19:00
785,34,4979,68,146,2025-09-07 15:08:00
786,132,4916,65,134,2024-05-12 06:08:00
787,96,4451,65,155,2024-06-26 11:50:00
788,105,4901,62,141,2024-04-22 21:43:00
789,184,4557,65,81,2024-05-25 10:28:00
790,166,4395,63,115,2024-06-30 17:24:00
791,66,4648,68,74,2025-10-03 18:59:00
792,73,4434,69,96,2025-07-09 19:14:00
793,7,4671,66,114,2024-12-01 10:16:00
794,60,4788,64,113,2025-10-31 14:32:00
795,20,4389,67,93,2024-10-07 11:29:00
796,44,4603,69,144,2025-01-16 16:11:00
797,193,4599,61,59,2024-02-08 18:28:00
798,95,4674,70,136,2025-05-09 14:36:00
799,148,4451,63,101,2024-08-29 08:30:00
800,48,4803,63,64,2025-11-23 09:59:00
801,125,4559,69,89,2024-12-11 18:10:00
802,63,4546,66,164,2024-03-14 15:44:00
803,147,4478,64,143,2024-11-04 12:17:00
804,50,4460,70,141,2025-11-17 18:06:00
805,5,4694,69,82,2024-02-11 13:29:00
806,24,5082,67,73,2024-04-22 08:00:00
807,51,4736,68,39,2024-10-21 09:38:00
808,118,4995,67,121,2024-09-17 06:16:00
809,56,4792,62,75,2024-07-22 12:46:00
810,3,4710,64,168,2025-01-12 10:45:00
811,193,4595,66,96,2025-09-26 07:15:00
812,14,4660,63,55,2024-04-03 13:26:00
813,86,4581,67,137,2024-08-31 08:08:00
814,52,5048,68,47,2025-11-30 14:03:00
815,6,4920,67,167,2025-11-28 11:57:00
816,89,4846,63,48,2025-10-29 08:25:00
817,170,4819,64,160,2024-09-20 20:23:00
818,83,4745,67,161,2024-05-27 20:02:00
819,71,4460,61,34,2024-08-11 12:50:00
820,48,4543,67,168,2025-01-19 19:13:00
821,105,4439,64,124,2024-02-10 17:06:00
822,138,4913,64,168,2025-05-31 17:17:00
823,170,4496,64,176,2024-04-07 12:49:00
824,143,4920,61,93,2025-06-05 08:41:00
825,178,4509,63,151,2025-07-21 10:50:00
826,79,4952,62,40,2024-10-24 13:09:00
827,183,4985,67,58,2024-09-07 12:27:00
828,51,4560,65,61,2025-05-22 11:31:00
829,148,4988,66,54,2025-06-20 21:21:00
830,72,4925,62,122,2025-10-27 11:13:00
831,60,4491,69,38,2024-06-17 14:39:00
832,28,4849,64,169,2025-08-14 13:23:00
833,119,4667,67,79,2025-03-07 13:14:00
834,170,4727,64,49,2024-06-27 21:08:00
835,70,4548,65,112,2024-10-28 20:00:00
836,192,4474,70,137,2025-04-15 10:08:00
837,54,5027,61,89,2024-10-14 09:23:00
838,110,4553,69,94,2025-10-22 15:16:00
839,142,4587,70,100,2025-02-25 10:26:00
840,174,4657,62,168,2025-05-28 06:54:00
841,138,4516,65,101,2024-03-30 16:41:00
842,82,4381,61,131,2025-09-04 14:59:00
843,163,4473,64,135,2024-10-04 12:49:00
844,111,4972,64,69,2024-07-11 22:56:00
845,91,4714,64,113,2025-05-13 16:53:00
846,164,4595,63,88,2024-02-21 08:47:00
847,135,4975,62,122,2025-07-01 14:09:00
848,144,5110,64,156,2025-02-22 19:50:00
849,144,4924,68,123,2025-07-23 19:03:00
850,49,4439,65,89,2025-09-06 22:39:00
851,116,4423,70,180,2024-04-16 13:54:00
852,122,4969,62,174,2024-03-16 06:26:00
853,141,4391,70,74,2025-07-27 08:36:00
854,197,4700,63,126,2025-12-14 22:52:00
855,152,4481,67,77,2024-03-06 21:50:00
856,186,4897,68,51,2024-02-05 22:02:00
857,105,4523,63,90,2024-08-23 07:22:00
858,112,4891,69,40,2024-05-26 08:40:00
859,183,4620,70,103,2024-03-06 06:25:00
860,189,4413,68,165,2025-06-25 21:44:00
861,3,4938,63,144,2024-09-03 16:36:00
862,140,4542,65,82,2024-09-01 14:05:00
863,153,4598,67,130,2024-06-11 19:27:00
864,25,4665,67,53,2025-10-23 10:29:00
865,66,5061,66,55,2024-07-14 08:44:00
866,95,4637,64,159,2024-06-06 10:25:00
867,134,4981,62,155,2024-03-05 15:33:00
868,124,4397,63,118,2024-04-28 22:48:00
869,170,4834,66,74,2025-01-04 11:27:00
870,131,4643,64,112,2025-11-02 18:30:00
871,121,4548,63,126,2025-07-06 07:19:00
872,88,4584,68,73,2025-04-22 06:51:00
873,44,4724,64,117,2025-12-07 17:37:00
874,26,4996,67,110,2025-04-24 09:03:00
875,49,4445,62,180,2024-08-29 17:22:00
876,171,4432,63,114,2024-01-30 17:07:00
877,143,4988,67,130,2025-11-06 07:06:00
878,49,4882,67,115,2024-03-17 06:06:00
879,38,4466,66,92,2024-09-06 21:35:00
880,105,4758,64,172,2025-06-11 22:46:00
881,120,4381,68,171,2024-02-29 16:46:00
882,111,4634,62,108,2024-04-22 20:58:00
883,13,4498,69,133,2025-09-02 18:28:00
884,86,4751,65,32,2024-08-28 13:14:00
885,19,4451,65,36,2025-07-19 16:32:00
886,26,5098,70,69,2024-11-04 08:31:00
887,7,4719,63,89,2024-12-29 08:07:00
888,33,4597,69,98,2025-03-07 07:49:00
889,53,4581,63,90,2025-08-23 20:18:00
890,86,4885,69,36,2025-04-01 09:34:00
891,100,4958,63,84,2026-01-09 06:41:00
892,119,4556,62,87,2024-11-10 16:50:00
893,196,4494,62,90,2024-06-11 10:35:00
894,196,4544,65,122,2025-07-25 08:01:00
895,113,4886,68,54,2024-11-13 10:54:00
896,31,4387,62,162,2024-09-27 18:46:00
897,119,4646,62,117,2024-03-19 19:15:00
898,199,5046,64,164,2025-10-05 22:41:00
899,155,4976,67,37,2025-08-18 08:24:00
900,47,4773,61,113,2025-04-01 15:38:00
901,173,4691,63,124,2025-11-12 15:58:00
902,142,4549,63,94,2025-04-24 18:42:00
903,90,4433,70,105,2024-09-27 17:58:00
904,169,5030,68,86,2024-07-14 22:46:00
905,120,4648,65,66,2025-04-14 19:13:00
906,88,4973,64,137,2025-10-15 12:47:00
907,76,4725,68,180,2025-08-01 11:39:00
908,144,4855,68,114,2025-03-18 16:21:00
909,190,5038,64,163,2025-10-02 22:35:00
910,51,4932,62,113,2025-06-07 14:16:00
911,189,4773,70,169,2024-06-29 15:17:00
912,60,4846,66,163,2025-03-26 06:05:00
913,146,4685,64,133,2025-12-29 07:00:00
914,134,4938,63,111,2024-05-25 12:30:00
915,77,4811,64,156,2025-12-02 14:47:00
916,11,4751,69,124,2024-03-13 22:16:00
917,105,4796,70,82,2024-12-21 14:23:00
918,169,4710,62,55,2025-10-17 06:21:00
919,110,4703,70,154,2025-07-21 22:18:00
920,64,4465,62,175,2024-09-07 19:13:00
921,53,4865,61,104,2025-10-21 14:00:00
922,142,4437,65,49,2025-05-07 18:32:00
923,31,5049,67,134,2024-11-03 16:49:00
924,109,4484,64,174,2024-09-21 08:23:00
925,123,4848,65,178,2025-08-31 22:37:00
926,61,4808,63,100,2024-10-01 15:00:00
927,167,4520,62,109,2024-08-31 12:48:00
928,162,5051,64,159,2025-05-11 22:19:00
929,98,4870,69,115,2024-10-08 21:34:00
930,185,4621,62,91,2025-01-20 10:10:00
931,151,5030,67,45,2025-07-28 13:12:00
932,190,4462,69,124,2025-09-12 12:39:00
933,50,4833,68,61,2025-12-13 19:40:00
934,75,4695,68,107,2024-10-04 12:09:00
935,186,4870,69,139,2024-09-27 21:16:00
936,165,4848,67,47,2024-05-15 08:04:00
937,83,4610,63,98,2025-04-25 19:08:00
938,52,4437,69,115,2025-04-22 11:39:00
939,7,4582,70,98,2025-01-14 16:13:00
940,143,4864,63,98,2025-07-13 14:51:00
941,94,4980,65,69,2025-03-27 07:06:00
942,139,4868,70,36,2024-12-10 16:51:00
943,36,4994,63,42,2025-12-22 11:19:00
944,159,4874,69,175,2025-04-15 20:51:00
945,76,4513,63,163,2024-03-31 09:25:00
946,168,4557,68,116,2025-02-01 21:55:00
947,164,5025,66,144,2024-02-27 22:53:00
948,199,4827,70,117,2024-09-07 14:58:00
949,156,4524,63,164,2025-02-01 18:55:00
950,9,5047,68,104,2025-02-16 08:37:00
951,1,4860,62,119,2024-10-30 21:51:00
952,150,4858,70,80,2025-12-26 22:46:00
953,14,4389,61,119,2024-10-05 16:22:00
954,127,4887,65,105,2025-08-25 20:51:00
955,152,4988,64,35,2025-02-18 19:36:00
956,199,4819,65,64,2025-02-09 13:57:00
957,200,4468,66,80,2024-11-04 14:05:00
958,137,4702,66,152,2024-11-02 22:05:00
959,89,5010,66,178,2025-09-26 09:01:00
960,95,4599,62,63,2024-04-05 12:56:00
961,23,4671,65,174,2025-09-21 16:19:00
962,122,4528,70,58,2025-12-03 07:19:00
963,138,5025,68,87,2025-11-07 11:55:00
964,18,4420,61,162,2025-01-17 09:49:00
965,148,4603,70,40,2025-09-07 17:58:00
966,122,4756,61,63,2025-11-16 14:55:00
967,194,4487,69,52,2025-12-28 18:16:00
968,199,4503,69,36,2024-09-03 13:19:00
969,52,5070,61,165,2025-04-02 11:51:00
970,178,5069,68,124,2025-04-10 07:35:00
971,155,4877,70,77,2025-07-06 12:46:00
972,26,4809,66,150,2024-03-16 16:06:00
973,94,4558,61,37,2024-11-19 06:15:00
974,153,4956,68,116,2025-10-22 19:38:00
975,104,4465,61,162,2025-05-21 16:38:00
976,193,5013,64,131,2024-02-01 14:29:00
977,162,5020,68,98,2025-04-15 15:03:00
978,162,4610,70,125,2025-09-22 19:32:00
979,192,5078,67,58,2025-01-22 18:38:00
980,43,4474,64,34,2024-09-11 14:05:00
981,80,4561,61,173,2024-10-29 07:28:00
982,20,4897,62,149,2025-09-19 16:38:00
983,186,4704,69,175,2024-12-23 15:48:00
984,87,5038,62,116,2025-12-26 08:58:00
985,45,4571,68,55,2025-05-30 13:33:00
986,161,4625,67,58,2024-08-29 16:39:00
987,50,4534,66,78,2025-09-16 07:46:00
988,76,4696,62,131,2025-02-15 14:00:00
989,86,4389,70,83,2025-07-21 20:34:00
990,102,4986,66,98,2025-12-01 14:10:00
991,156,4756,69,74,2025-06-27 06:55:00
992,53,5008,62,155,2024-11-20 13:19:00
993,192,4954,66,51,2025-07-01 07:29:00
994,100,4682,68,32,2025-03-30 11:04:00
995,195,4919,66,86,2024-08-20 07:02:00
996,90,4823,69,40,2025-12-12 19:10:00
997,186,4582,66,74,2025-03-17 15:45:00
998,93,4609,70,90,2025-08-02 19:10:00
999,53,4689,63,64,2025-09-26 20:03:00
1000,132,4800,67,120,2025-06-26 22:08:00
1001,27,4706,61,160,2025-02-19 21:47:00
1002,72,4585,70,130,2024-09-16 12:39:00
1003,150,5068,66,94,2025-06-17 15:54:00
1004,93,4440,70,64,2024-07-11 08:31:00
1005,163,4538,61,73,2024-07-08 17:29:00
1006,136,4386,62,98,2026-01-13 18:52:00
1007,116,5099,66,77,2024-11-16 15:12:00
1008,147,4475,61,57,2024-07-21 06:38:00
1009,5,4966,61,86,2024-08-27 22:21:00
1010,95,4852,65,158,2025-01-09 12:26:00
1011,69,4872,62,96,2024-12-12 09:19:00
1012,181,4566,63,141,2025-04-15 09:29:00
1013,8,5004,63,137,2024-11-05 06:51:00
1014,159,4406,66,103,2025-06-05 11:59:00
1015,20,5037,66,148,2025-05-12 19:48:00
1016,173,5015,63,102,2025-06-20 11:09:00
1017,73,4859,61,121,2025-10-26 17:49:00
1018,15,4527,70,43,2024-12-20 22:37:00
1019,187,4492,67,44,2025-10-31 17:16:00
1020,186,4565,68,146,2024-02-01 20:14:00
1021,159,4720,68,65,2025-01-06 18:43:00
1022,105,4459,67,155,2025-03-20 10:52:00
1023,139,4417,61,120,2025-04-08 16:52:00
1024,103,4785,70,91,2025-11-29 19:53:00
1025,169,5023,70,102,2024-04-16 22:52:00
1026,12,4515,70,145,2025-02-23 18:51:00
1027,101,5037,69,151,2024-12-20 08:24:00
1028,50,4954,67,128,2024-08-23 10:44:00
1029,62,4434,70,128,2025-02-22 11:16:00
1030,143,4493,70,58,2024-09-27 21:36:00
1031,138,4634,66,35,2024-05-03 20:21:00
1032,95,4897,70,113,2025-08-19 12:08:00
1033,55,4717,65,82,2025-03-10 16:17:00
1034,152,5017,69,127,2025-08-01 11:25:00
1035,147,4393,69,35,2024-03-09 22:59:00
1036,85,4614,63,69,2024-03-07 22:31:00
1037,135,5073,62,70,2024-03-03 10:27:00
1038,42,4633,70,91,2025-09-06 20:47:00
1039,95,4840,64,161,2024-03-11 18:33:00
1040,107,5080,64,41,2025-09-08 22:31:00
1041,162,4647,61,130,2025-03-26 14:13:00
1042,127,4902,64,42,2025-09-10 19:23:00
1043,191,4968,61,125,2025-03-03 11:35:00
1044,14,4540,67,60,2024-05-25 10:59:00
1045,85,5023,69,31,2024-02-24 19:11:00
1046,43,4615,65,65,2024-08-09 16:32:00
1047,128,4571,68,66,2025-09-05 07:57:00
1048,71,5036,65,144,2024-08-24 06:22:00
1049,5,4884,69,120,2025-06-15 14:38:00
1050,5,4728,65,121,2024-12-28 18:10:00
1051,188,4921,67,108,2025-10-15 14:06:00
1052,138,4516,63,106,2025-10-19 13:34:00
1053,6,4796,65,172,2024-01-27 16:40:00
1054,190,4926,69,65,2024-07-13 18:40:00
1055,124,5008,65,153,2025-10-26 11:54:00
1056,61,4499,61,56,2025-06-23 18:16:00
1057,31,4553,66,34,2025-07-23 06:02:00
1058,25,4787,61,106,2024-01-23 06:45:00
1059,194,4401,64,72,2024-05-27 21:07:00
1060,9,4573,69,66,2025-02-19 19:43:00
1061,150,4934,62,55,2024-08-02 22:04:00
1062,109,4788,67,108,2024-07-11 11:46:00
1063,25,4533,69,104,2024-10-12 15:04:00
1064,92,4942,66,121,2024-06-27 06:51:00
1065,89,4822,70,128,2026-01-07 19:21:00
1066,34,4659,66,112,2024-09-15 11:51:00
1067,167,4523,61,133,2025-03-01 06:24:00
1068,149,4980,70,171,2025-08-16 17:06:00
1069,197,4857,66,57,2025-10-08 07:08:00
1070,88,4533,61,70,2024-07-16 15:17:00
1071,123,4938,63,141,2025-01-28 10:01:00
1072,200,4382,62,140,2025-06-11 10:55:00
1073,134,4402,68,52,2024-06-30 18:51:00
1074,117,4779,64,124,2025-03-31 08:00:00
1075,161,4448,65,87,2024-06-10 20:14:00
1076,159,4646,66,139,2025-09-29 18:09:00
1077,170,4525,65,58,2024-12-15 06:16:00
1078,82,5037,61,86,2024-06-10 09:39:00
1079,55,4949,61,93,2025-03-01 08:41:00
1080,156,4887,69,171,2025-04-24 17:42:00
1081,80,4559,70,165,2024-01-29 10:52:00
1082,46,4503,63,150,2025-03-02 12:21:00
1083,72,5026,61,87,2025-11-07 14:16:00
1084,158,4539,63,97,2024-09-06 12:21:00
1085,13,4444,63,110,2024-05-20 15:27:00
1086,197,4718,65,56,2024-03-14 16:23:00
1087,22,5013,69,62,2024-02-02 16:07:00
1088,105,4407,68,166,2025-10-07 06:57:00
1089,160,4895,61,86,2024-02-21 17:02:00
1090,49,4958,68,116,2025-05-26 11:13:00
1091,93,4888,63,154,2025-04-05 10:28:00
1092,63,4456,61,101,2025-12-04 11:34:00
1093,155,4673,65,115,2024-09-28 11:07:00
1094,196,4408,62,162,2025-08-05 11:15:00
1095,156,4456,68,158,2025-07-19 11:55:00
1096,166,4890,63,49,2025-07-08 13:01:00
1097,170,4399,63,103,2024-01-27 07:40:00
1098,6,4637,65,34,2024-09-28 19:21:00
1099,4,4483,66,44,2025-01-26 19:21:00
1100,85,4616,67,168,2024-12-03 09:28:00
1101,22,4565,69,81,2024-08-09 19:25:00
1102,90,4437,67,52,2024-03-19 12:30:00
1103,191,4393,62,61,2025-07-06 12:01:00
1104,103,4851,65,127,2025-09-21 11:07:00
1105,54,4742,61,137,2025-09-11 13:11:00
1106,166,4544,62,166,2024-11-14 08:08:00
1107,192,4525,65,160,2025-04-23 18:13:00
1108,25,4732,61,150,2024-12-07 19:59:00
1109,129,4713,64,134,2025-11-28 06:55:00
1110,34,4517,68,45,2025-07-29 15:23:00
1111,162,4956,66,106,2024-01-29 18:41:00
1112,89,4782,63,48,2024-03-08 10:12:00
1113,99,4598,63,44,2024-02-01 13:51:00
1114,53,4968,61,39,2025-01-17 20:44:00
1115,191,4549,69,56,2024-04-24 16:21:00
1116,99,4504,61,147,2024-03-09 15:51:00
1117,146,4421,65,127,2025-01-03 10:59:00
1118,66,4977,69,98,2024-11-19 14:45:00
1119,197,4893,62,141,2024-01-21 09:29:00
1120,108,4792,67,176,2025-09-03 06:21:00
1121,191,4748,62,152,2025-11-14 13:34:00
1122,129,4781,67,68,2025-08-03 17:08:00
1123,6,5060,67,122,2025-02-09 11:32:00
1124,28,4786,70,152,2024-03-19 18:54:00
1125,188,4795,63,72,2025-09-27 08:06:00
1126,19,5108,64,85,2025-09-08 09:43:00
1127,5,4950,66,149,2025-05-16 19:15:00
1128,30,4979,63,44,2024-08-31 15:44:00
1129,104,4386,67,95,2025-09-05 13:20:00
1130,169,4418,67,91,2024-05-03 11:48:00
1131,107,5059,67,180,2025-11-29 20:36:00
1132,77,4431,64,128,2024-08-10 12:55:00
1133,200,4479,64,105,2025-10-23 14:34:00
1134,100,4986,66,157,2024-08-04 18:31:00
1135,103,4983,66,155,2024-05-27 20:52:00
1136,101,4518,65,39,2024-11-28 14:23:00
1137,89,4998,67,40,2025-10-22 15:54:00
1138,38,4488,61,146,2025-03-04 09:24:00
1139,47,4658,63,168,2024-11-01 07:17:00
1140,1,5020,70,112,2025-05-21 14:16:00
1141,153,4896,66,146,2024-10-07 08:36:00
1142,153,4522,65,111,2025-06-19 22:19:00
1143,199,4763,64,46,2024-03-20 17:22:00
1144,73,4614,66,38,2025-09-23 06:30:00
1145,6,4424,62,81,2025-04-19 20:56:00
1146,145,4591,69,34,2025-05-16 13:24:00
1147,75,4672,64,97,2024-12-19 07:40:00
1148,126,4817,63,104,2025-07-22 12:49:00
1149,156,4971,67,79,2025-05-25 16:25:00
1150,136,5093,62,175,2025-11-15 21:24:00
1151,124,4390,69,45,2025-11-07 12:12:00
1152,32,4528,70,54,2024-06-04 14:53:00
1153,152,4596,61,94,2025-06-01 15:52:00
1154,173,4797,67,144,2024-02-15 10:06:00
1155,140,4597,69,162,2024-12-06 12:50:00
1156,200,4786,69,159,2024-12-25 10:37:00
1157,68,4695,69,81,2025-10-16 06:34:00
1158,146,4931,69,145,2025-12-18 18:13:00
1159,43,4686,70,153,2025-03-19 12:57:00
1160,2,4483,68,66,2025-05-16 20:48:00
1161,127,4648,66,152,2024-08-28 11:28:00
1162,97,4782,67,177,2024-03-06 08:58:00
1163,104,5038,62,137,2024-06-18 10:53:00
1164,82,4400,64,90,2024-06-28 16:11:00
1165,64,5049,66,115,2024-03-14 06:43:00
1166,73,4476,62,106,2024-11-19 17:57:00
1167,61,4991,62,74,2025-11-26 20:13:00
1168,57,4418,61,60,2025-07-24 10:51:00
1169,17,4445,66,61,2025-03-11 17:21:00
1170,116,4836,69,83,2024-05-03 14:55:00
1171,97,4790,70,49,2025-02-13 09:37:00
1172,16,4652,61,143,2025-07-18 12:32:00
1173,17,4484,67,144,2025-01-02 09:21:00
1174,38,4758,68,91,2025-05-17 11:42:00
1175,193,4935,68,161,2024-04-06 08:13:00
1176,153,5045,61,125,2024-05-26 08:35:00
1177,145,4528,66,131,2024-12-17 11:49:00
1178,28,4515,68,159,2024-05-06 22:22:00
1179,90,4682,65,125,2024-02-26 07:25:00
1180,165,4951,62,41,2025-06-12 18:02:00
1181,157,4847,69,180,2025-09-22 21:59:00
1182,30,4426,69,45,2025-12-24 18:57:00
1183,63,4427,62,123,2024-07-22 21:15:00
1184,59,4979,61,124,2024-02-28 16:25:00
1185,62,4868,68,47,2025-10-11 12:51:00
1186,88,4657,66,170,2025-02-16 21:51:00
1187,146,4588,62,102,2026-01-12 14:36:00
1188,108,4969,66,123,2025-07-06 18:14:00
1189,62,4967,68,173,2025-01-01 10:13:00
1190,95,4870,64,96,2025-10-05 07:38:00
1191,42,4804,64,125,2025-05-27 20:56:00
1192,87,4940,68,88,2024-09-06 20:19:00
1193,131,4513,61,117,2025-03-27 17:46:00
1194,152,4624,62,74,2025-12-05 15:08:00
1195,88,4830,68,177,2025-02-04 22:55:00
1196,177,4845,70,142,2024-11-16 14:44:00
1197,146,4687,70,78,2025-05-05 17:38:00
1198,104,4657,64,36,2025-08-01 18:12:00
1199,108,4424,67,65,2025-11-15 06:24:00
1200,65,4498,69,54,2025-10-18 13:22:00
1201,145,4607,64,137,2024-03-03 12:38:00
1202,147,4405,67,168,2024-03-25 12:48:00
1203,165,5069,66,82,2024-05-09 11:23:00
1204,5,4894,61,59,2024-02-28 15:49:00
1205,161,4724,65,175,2024-07-30 09:52:00
1206,58,4930,64,175,2024-11-25 20:49:00
1207,146,5103,66,85,2025-06-22 13:08:00
1208,164,5004,61,67,2025-02-08 17:38:00
1209,40,5067,70,94,2024-03-22 11:18:00
1210,63,4953,61,138,2025-07-10 07:04:00
1211,50,4744,69,109,2024-11-10 20:22:00
1212,162,4681,68,59,2025-07-01 09:48:00
1213,192,4387,69,61,2025-04-25 06:51:00
1214,74,5106,63,166,2025-03-28 19:11:00
1215,78,4637,66,34,2024-04-23 13:36:00
1216,179,4464,61,79,2025-06-11 07:47:00
1217,111,4387,69,83,2025-08-27 10:03:00
1218,181,4982,70,88,2024-08-29 22:39:00
1219,57,4893,65,41,2024-10-15 21:52:00
1220,76,4487,62,155,2025-10-26 19:34:00
1221,156,4629,65,135,2025-03-02 14:47:00
1222,12,4498,67,115,2024-05-21 22:26:00
1223,137,4883,62,172,2024-10-14 08:27:00
1224,86,4507,66,174,2025-12-20 07:14:00
1225,58,4844,67,128,2025-01-23 11:32:00
1226,72,5101,62,110,2024-06-10 09:36:00
1227,150,4437,70,66,2025-06-19 11:29:00
1228,21,4889,62,164,2025-08-18 20:31:00
1229,195,4587,69,47,2024-02-02 17:30:00
1230,194,4547,64,161,2024-05-07 16:12:00
1231,174,5066,67,168,2025-09-19 11:57:00
1232,107,4756,64,164,2025-07-31 10:44:00
1233,27,4505,66,77,2025-06-19 12:28:00
1234,5,4495,68,63,2025-03-11 17:20:00
1235,118,4691,69,148,2024-11-29 06:52:00
1236,49,4532,64,54,2025-10-31 11:04:00
1237,50,4476,68,156,2024-09-23 12:39:00
1238,32,5009,67,30,2024-08-25 11:42:00
1239,181,4872,66,95,2025-07-04 08:36:00
1240,171,4554,62,155,2025-09-17 07:55:00
1241,183,4899,62,51,2025-09-01 10:03:00
1242,54,4441,67,139,2024-05-27 10:13:00
1243,200,4947,65,145,2024-02-11 19:18:00
1244,78,4598,62,131,2024-02-01 13:31:00
1245,154,4957,65,156,2024-06-04 07:02:00
1246,172,4649,67,102,2025-03-30 16:44:00
1247,5,4427,61,96,2025-10-26 19:53:00
1248,82,4561,64,65,2025-10-21 07:41:00
1249,33,4641,64,174,2025-07-12 07:38:00
1250,75,4656,65,88,2025-07-06 10:52:00
1251,135,4902,63,159,2025-06-06 18:53:00
1252,94,4757,63,155,2025-10-30 08:23:00
1253,79,4537,65,81,2025-07-12 11:22:00
1254,7,4522,62,154,2025-12-22 13:20:00
1255,56,4483,61,168,2024-10-07 13:23:00
1256,32,5008,69,49,2025-05-10 14:51:00
1257,42,4675,66,124,2024-07-13 16:58:00
1258,104,4841,63,163,2025-02-08 12:48:00
1259,37,4621,62,99,2025-10-12 22:52:00
1260,59,4407,64,69,2025-01-25 11:51:00
1261,196,4960,61,45,2024-02-28 11:15:00
1262,22,4848,61,32,2025-12-10 06:41:00
1263,132,4443,65,74,2024-04-18 17:51:00
1264,50,4666,69,77,2024-08-14 17:46:00
1265,117,4417,68,126,2025-04-07 17:36:00
1266,189,5068,66,134,2024-09-26 07:11:00
1267,95,4838,61,32,2024-12-09 08:28:00
1268,20,4854,68,146,2025-05-14 09:14:00
1269,134,4777,69,125,2025-04-30 21:05:00
1270,125,4723,68,96,2025-06-22 14:25:00
1271,194,5090,70,62,2025-08-11 09:44:00
1272,18,4877,68,125,2025-03-05 10:10:00
1273,86,4527,65,163,2024-10-01 20:46:00
1274,156,4534,62,41,2025-09-30 10:24:00
1275,6,4635,65,82,2024-02-13 14:29:00
1276,192,4763,63,113,2025-12-26 13:39:00
1277,147,4745,63,95,2024-04-23 19:30:00
1278,189,4867,64,166,2024-09-23 15:05:00
1279,6,4668,67,159,2025-01-17 13:45:00
1280,46,5038,63,162,2025-07-15 07:10:00
1281,13,4541,67,96,2025-02-06 22:33:00
1282,70,4398,68,70,2025-10-09 08:43:00
1283,133,4543,64,170,2025-09-21 16:58:00
1284,56,4439,63,163,2025-08-01 20:28:00
1285,145,5073,61,88,2024-05-29 09:27:00
1286,11,4635,66,145,2026-01-11 07:03:00
1287,28,4495,69,180,2025-07-07 18:00:00
1288,194,4398,65,63,2025-03-23 06:36:00
1289,164,4401,65,31,2024-02-20 12:46:00
1290,132,4999,64,142,2024-11-22 18:29:00
1291,6,4828,65,144,2024-08-25 20:25:00
1292,145,5095,66,173,2025-11-22 10:18:00
1293,153,4967,66,52,2025-04-21 09:33:00
1294,165,4855,62,35,2024-11-13 13:26:00
1295,181,4951,67,129,2025-09-02 07:00:00
1296,35,4601,68,81,2024-02-09 09:06:00
1297,179,4555,64,93,2025-03-29 08:09:00
1298,149,4791,65,78,2024-12-26 21:12:00
1299,196,4897,63,158,2025-09-14 19:30:00
1300,101,4602,67,92,2025-11-08 17:21:00
1301,153,4618,68,108,2025-01-08 12:31:00
1302,121,5010,68,113,2024-12-31 20:06:00
1303,196,4970,69,111,2024-11-15 13:36:00
1304,162,4554,68,88,2025-02-18 13:38:00
1305,66,4750,67,133,2025-03-24 17:28:00
1306,51,4641,67,111,2024-02-02 11:38:00
1307,89,5034,61,167,2024-03-24 19:18:00
1308,177,4932,63,103,2025-08-02 14:45:00
1309,170,4757,64,54,2025-07-09 09:52:00
1310,88,4675,67,34,2024-07-14 14:50:00
1311,147,4767,64,140,2025-04-08 15:43:00
1312,47,4510,69,75,2025-08-28 07:49:00
1313,112,4588,69,128,2024-11-08 11:53:00
1314,58,5103,66,113,2025-06-03 06:08:00
1315,15,4434,65,142,2025-08-20 14:59:00
1316,167,5013,61,129,2025-08-31 10:43:00
1317,113,4905,64,80,2025-11-20 13:45:00
1318,101,4999,63,102,2024-11-07 19:35:00
1319,145,4778,69,168,2025-05-22 08:13:00
1320,23,4948,63,83,2025-05-25 06:47:00
1321,195,4388,67,167,2025-09-11 11:08:00
1322,162,4808,69,48,2024-06-04 15:09:00
1323,160,5058,65,166,2024-09-02 16:06:00
1324,64,4625,67,106,2024-11-12 12:30:00
1325,161,4804,67,36,2024-05-13 12:39:00
1326,139,4837,63,126,2024-03-29 13:48:00
1327,160,4834,64,90,2025-08-24 09:57:00
1328,33,4920,66,119,2024-12-16 22:40:00
1329,20,4619,66,32,2024-12-01 08:49:00
1330,154,5089,70,133,2025-11-16 20:33:00
1331,156,4876,68,119,2024-03-31 15:19:00
1332,132,4618,63,43,2025-07-18 18:06:00
1333,3,4741,67,53,2024-10-13 07:24:00
1334,98,5061,63,79,2024-10-02 22:42:00
1335,171,4816,61,66,2024-05-31 07:39:00
1336,64,4965,63,48,2025-12-30 06:20:00
1337,164,4982,65,144,2024-02-27 10:00:00
1338,46,4811,63,82,2025-01-10 10:58:00
1339,151,4830,61,39,2024-02-02 21:06:00
1340,112,4997,65,82,2024-03-02 16:09:00
1341,46,4787,67,52,2025-04-09 20:56:00
1342,40,4617,66,153,2024-03-03 08:50:00
1343,126,5030,68,46,2025-11-27 13:30:00
1344,12,4618,68,78,2025-01-17 19:26:00
1345,195,4675,65,169,2024-06-19 10:26:00
1346,59,4401,66,67,2024-05-30 11:19:00
1347,43,4704,69,93,2024-05-27 12:23:00
1348,98,4818,69,160,2024-06-22 09:48:00
1349,67,4447,69,43,2024-07-15 06:58:00
1350,59,4827,69,133,2024-06-04 14:05:00
1351,68,4385,67,147,2024-06-11 09:53:00
1352,186,5027,70,146,2024-09-08 16:45:00
1353,135,4691,63,102,2025-01-15 14:49:00
1354,77,4534,67,137,2025-07-19 11:45:00
1355,88,4688,70,82,2025-05-28 18:54:00
1356,13,4646,65,44,2024-03-17 17:27:00
1357,158,4690,65,145,2025-04-14 18:27:00
1358,50,4425,61,41,2024-06-25 16:59:00
1359,121,4758,66,142,2025-05-21 18:24:00
1360,52,4480,70,101,2025-12-08 17:54:00
1361,186,4948,66,99,2025-04-13 20:40:00
1362,178,4434,65,95,2025-11-06 11:40:00
1363,192,4575,64,133,2025-09-17 19:38:00
1364,128,4736,61,72,2024-07-14 16:20:00
1365,20,4899,66,131,2025-01-21 21:01:00
1366,153,4718,61,79,2025-02-19 08:00:00
1367,104,4552,70,79,2025-07-07 08:08:00
1368,159,4673,62,154,2024-12-16 09:27:00
1369,92,4866,67,126,2024-10-23 10:30:00
1370,10,4935,65,46,2024-05-15 16:16:00
1371,195,4718,66,139,2024-10-03 21:57:00
1372,42,4812,62,34,2025-01-12 13:59:00
1373,156,4663,61,61,2024-12-18 09:53:00
1374,171,4557,66,177,2024-12-21 08:38:00
1375,129,4761,61,176,2024-02-03 19:09:00
1376,3,4557,68,144,2025-11-27 09:09:00
1377,176,4892,68,164,2024-05-09 10:27:00
1378,65,4665,67,104,2024-08-12 20:12:00
1379,128,4888,67,72,2024-12-14 21:10:00
1380,131,4383,62,52,2024-12-27 19:37:00
1381,100,5042,65,126,2025-03-06 20:29:00
1382,2,4979,63,45,2024-11-15 12:47:00
1383,55,4497,62,156,2024-01-26 08:21:00
1384,8,5104,61,46,2025-10-10 12:16:00
1385,196,4561,69,93,2024-04-24 20:59:00
1386,107,4478,67,32,2025-02-20 10:14:00
1387,151,4413,66,54,2024-05-28 18:13:00
1388,148,4778,70,86,2025-05-13 22:13:00
1389,178,4941,62,153,2025-11-23 21:05:00
1390,169,4864,65,135,2025-01-20 20:51:00
1391,159,4396,64,69,2025-10-11 14:47:00
1392,145,4760,64,85,2024-06-11 07:21:00
1393,119,4862,61,124,2024-02-12 12:22:00
1394,105,5060,67,163,2024-10-01 09:29:00
1395,181,4798,69,36,2025-05-23 13:56:00
1396,183,4696,69,111,2026-01-13 15:47:00
1397,10,4430,62,88,2024-09-13 10:32:00
1398,198,4928,61,110,2025-07-16 21:43:00
1399,179,4699,70,178,2026-01-10 08:22:00
1400,149,4578,65,156,2024-07-28 12:36:00
1401,10,4559,62,105,2025-05-26 19:44:00
1402,39,4444,64,131,2025-01-15 18:40:00
1403,1,4385,61,92,2024-10-21 22:03:00
1404,69,4734,68,163,2024-12-08 10:07:00
1405,197,4976,64,123,2024-12-15 14:25:00
1406,198,4532,69,51,2025-03-26 13:25:00
1407,52,4536,61,174,2025-12-31 13:37:00
1408,170,4646,65,157,2024-07-03 18:30:00
1409,57,4659,66,134,2024-11-21 16:03:00
1410,40,4575,62,156,2025-01-05 06:07:00
1411,68,4610,63,82,2024-03-05 14:44:00
1412,143,4910,67,45,2025-09-04 13:01:00
1413,115,4710,66,168,2025-12-03 18:06:00
1414,195,4819,63,72,2024-05-15 19:42:00
1415,84,4484,67,146,2024-12-27 08:16:00
1416,113,4825,63,79,2025-06-19 22:54:00
1417,36,4841,69,130,2024-06-19 08:22:00
1418,168,4436,62,37,2025-03-15 13:37:00
1419,195,4828,67,105,2025-08-10 11:08:00
1420,147,5083,67,62,2025-05-15 13:56:00
1421,166,4882,70,163,2025-04-13 20:02:00
1422,19,4476,70,169,2025-11-28 17:44:00
1423,71,5071,67,180,2024-05-28 18:09:00
1424,21,4824,68,145,2024-10-19 18:42:00
1425,162,4381,61,33,2025-01-03 13:57:00
1426,160,4516,69,123,2024-10-18 08:10:00
1427,163,4897,62,139,2025-10-25 13:07:00
1428,18,4995,61,155,2025-09-25 14:49:00
1429,55,4993,66,107,2024-05-23 16:49:00
1430,12,5080,70,36,2024-06-17 10:10:00
1431,113,4980,67,174,2025-04-01 06:51:00
1432,116,4512,68,113,2024-10-26 11:20:00
1433,197,4422,64,106,2024-07-16 15:42:00
1434,142,4425,69,97,2024-11-09 09:48:00
1435,23,4469,63,132,2025-04-07 12:40:00
1436,21,5016,63,172,2024-08-20 16:40:00
1437,78,4392,66,31,2025-02-04 09:33:00
1438,100,4585,65,125,2025-11-05 14:35:00
1439,161,4936,63,154,2024-03-08 19:54:00
1440,172,5005,63,170,2025-11-17 18:21:00
1441,131,4702,64,99,2024-10-05 18:57:00
1442,127,4512,65,61,2025-08-02 19:35:00
1443,70,4481,67,104,2025-05-11 10:41:00
1444,14,4906,66,83,2024-11-24 08:51:00
1445,13,4817,63,82,2024-05-04 17:54:00
1446,25,4909,64,59,2025-10-30 13:27:00
1447,56,4408,64,176,2025-07-23 08:36:00
1448,8,4561,63,85,2024-08-22 12:10:00
1449,86,5072,66,156,2025-06-16 18:58:00
1450,23,4540,65,33,2025-04-25 08:32:00
1451,122,4613,63,61,2024-11-15 20:56:00
1452,167,4859,69,90,2024-12-27 09:24:00
1453,108,4884,67,174,2025-01-10 08:45:00
1454,30,4534,69,173,2024-05-19 22:04:00
1455,170,4999,70,128,2025-03-28 16:06:00
1456,100,4913,61,166,2024-08-14 09:38:00
1457,128,4741,70,41,2025-03-06 11:25:00
1458,11,4390,65,101,2025-01-04 14:38:00
1459,189,4484,70,170,2025-05-06 08:18:00
1460,169,4464,70,85,2024-11-19 09:00:00
1461,10,4621,69,130,2025-09-16 12:21:00
1462,57,5071,64,47,2025-05-24 18:02:00
1463,77,4930,69,166,2025-06-26 17:44:00
1464,145,4635,69,60,2025-05-25 10:47:00
1465,189,4918,67,70,2024-07-17 10:36:00
1466,14,5075,63,111,2024-08-12 08:00:00
1467,170,4572,64,174,2025-11-24 17:19:00
1468,178,4794,69,127,2024-05-09 06:38:00
1469,41,4852,66,69,2024-04-15 06:49:00
1470,172,4900,70,36,2024-02-07 09:21:00
1471,101,4691,62,149,2024-02-27 10:07:00
1472,188,4720,68,105,2025-09-10 10:57:00
1473,76,5055,65,57,2024-09-30 09:45:00
1474,38,4580,62,120,2024-03-12 07:27:00
1475,16,4912,70,124,2024-06-18 12:34:00
1476,10,4963,65,30,2025-05-09 10:37:00
1477,76,4934,65,142,2025-11-30 19:46:00
1478,58,4560,70,107,2024-01-28 12:41:00
1479,197,4811,70,119,2024-05-27 22:26:00
1480,3,4732,69,157,2024-03-27 09:20:00
1481,32,5064,65,137,2024-01-25 09:08:00
1482,80,4514,65,148,2024-07-21 10:49:00
1483,80,4714,66,64,2025-02-26 20:38:00
1484,131,5022,68,140,2024-08-03 15:53:00
1485,32,4401,64,75,2024-03-14 13:27:00
1486,125,4645,65,32,2025-01-23 15:14:00
1487,151,4951,61,65,2025-09-10 14:48:00
1488,96,4727,69,155,2024-09-24 07:57:00
1489,199,4667,68,35,2024-01-26 20:55:00
1490,150,4541,62,111,2025-12-03 14:17:00
1491,147,4682,62,148,2024-05-17 13:42:00
1492,64,4778,70,110,2025-05-18 22:14:00
1493,21,4913,70,108,2024-05-09 08:43:00
1494,100,4656,62,125,2024-10-11 22:29:00
1495,193,4551,65,161,2025-03-31 07:49:00
1496,161,5055,61,160,2025-02-03 09:45:00
1497,69,4898,68,165,2025-06-14 18:08:00
1498,123,5014,63,102,2025-11-27 13:52:00
1499,125,4423,67,113,2024-06-25 09:47:00
1500,65,4424,70,130,2025-07-19 08:13:00
1501,150,4961,64,165,2025-03-22 21:52:00
1502,91,4640,66,174,2025-04-23 15:26:00
1503,176,4888,67,49,2025-06-18 22:46:00
1504,122,4654,68,69,2024-10-21 19:14:00
1505,171,4781,66,42,2024-02-28 20:40:00
1506,183,4477,63,31,2025-08-17 06:58:00
1507,74,4697,62,73,2024-11-05 19:41:00
1508,30,4673,67,169,2025-09-16 09:58:00
1509,63,4735,63,137,2025-05-25 18:19:00
1510,21,4389,62,47,2024-04-26 12:08:00
1511,128,4891,65,51,2025-03-21 14:01:00
1512,146,4391,61,137,2024-04-14 16:29:00
1513,36,4450,63,57,2024-12-09 17:29:00
1514,67,5094,63,141,2025-09-27 20:38:00
1515,9,4966,64,48,2024-06-29 09:27:00
1516,151,4386,62,160,2025-05-22 10:42:00
1517,68,4736,70,108,2025-12-11 14:04:00
1518,158,4655,61,178,2025-06-25 17:40:00
1519,155,4394,63,48,2024-02-07 15:53:00
1520,148,4698,68,134,2025-01-04 11:25:00
1521,30,4513,66,57,2024-07-27 12:09:00
1522,118,5037,62,150,2025-10-28 10:09:00
1523,120,4602,64,44,2024-11-22 17:52:00
1524,138,4449,61,150,2025-08-18 12:19:00
1525,196,5064,62,80,2024-07-16 10:59:00
1526,160,4886,62,55,2024-12-08 18:27:00
1527,65,4869,66,82,2025-11-23 17:02:00
1528,189,4594,69,78,2024-03-09 10:35:00
1529,158,4483,69,135,2025-12-27 12:28:00
1530,159,4442,65,136,2025-11-02 08:05:00
1531,192,4767,63,174,2024-11-18 11:48:00
1532,50,4633,66,113,2025-02-24 09:29:00
1533,188,5026,69,167,2024-06-20 07:29:00
1534,83,4922,69,103,2024-04-06 17:08:00
1535,164,4507,63,136,2025-05-30 21:13:00
1536,173,4479,67,105,2025-12-15 07:05:00
1537,103,4603,68,152,2025-05-05 22:57:00
1538,41,4780,64,180,2024-12-03 17:22:00
1539,80,4525,65,174,2025-07-09 13:39:00
1540,89,4955,68,84,2024-08-12 21:55:00
1541,80,4782,61,113,2025-07-05 09:22:00
1542,168,5030,69,94,2024-06-22 10:53:00
1543,149,4456,67,159,2024-03-27 12:13:00
1544,108,4985,66,102,2024-12-12 22:47:00
1545,162,4953,67,34,2024-05-30 16:54:00
1546,134,4832,61,74,2025-11-05 16:50:00
1547,17,4426,62,59,2024-07-18 13:36:00
1548,70,4982,65,131,2025-08-17 07:05:00
1549,17,4481,64,51,2024-08-25 22:27:00
1550,18,4732,68,31,2025-03-29 13:14:00
1551,110,5065,68,135,2025-02-11 19:26:00
1552,96,4955,67,118,2025-10-26 07:20:00
1553,134,4517,64,92,2024-07-26 16:17:00
1554,34,4411,62,48,2024-02-25 07:03:00
1555,58,4667,63,42,2025-07-24 15:30:00
1556,30,4852,70,48,2024-08-03 16:31:00
1557,142,4568,65,132,2025-05-13 18:41:00
1558,126,4897,64,133,2025-12-10 11:42:00
1559,157,4503,61,141,2024-03-11 07:13:00
1560,62,4780,67,67,2025-07-26 20:59:00
1561,145,4656,64,146,2025-09-22 12:38:00
1562,191,4394,68,103,2025-05-13 09:13:00
1563,16,4940,65,33,2025-11-29 11:47:00
1564,59,4566,64,111,2024-07-20 07:05:00
1565,147,4483,61,143,2024-10-20 07:19:00
1566,135,4721,68,150,2024-10-19 12:16:00
1567,158,4758,70,93,2025-02-04 09:57:00
1568,148,4482,66,173,2024-02-05 11:57:00
1569,187,4679,67,139,2024-02-27 16:33:00
1570,130,5017,66,113,2025-02-21 06:04:00
1571,200,4762,63,171,2025-10-15 07:11:00
1572,165,4907,69,95,2025-10-30 12:23:00
1573,44,4578,68,126,2025-03-04 09:45:00
1574,74,5002,67,49,2025-05-10 22:45:00
1575,182,4747,69,165,2025-04-13 15:01:00
1576,39,4491,61,135,2024-05-23 14:07:00
1577,144,4569,64,39,2024-07-18 14:11:00
1578,48,4668,69,61,2025-03-17 19:44:00
1579,12,4638,62,74,2024-10-05 21:40:00
1580,113,4440,70,59,2024-05-14 17:40:00
1581,34,4693,68,30,2025-10-15 08:21:00
1582,151,4791,67,75,2025-10-25 07:34:00
1583,157,4551,67,127,2025-05-16 17:18:00
1584,141,4696,66,99,2024-02-24 06:40:00
1585,44,4874,62,179,2025-01-22 20:49:00
1586,28,4578,69,130,2024-02-27 21:29:00
1587,116,4644,66,70,2024-11-17 10:25:00
1588,11,4970,65,97,2025-06-14 09:03:00
1589,181,5040,63,42,2025-11-29 06:36:00
1590,101,4789,64,147,2024-03-30 21:01:00
1591,126,4632,65,48,2024-03-23 10:48:00
1592,126,5016,63,72,2025-06-26 06:00:00
1593,27,4803,64,95,2024-07-19 14:26:00
1594,110,4542,68,114,2025-03-21 12:06:00
1595,197,4920,65,137,2025-04-05 19:40:00
1596,164,4842,69,159,2026-01-03 06:06:00
1597,34,5081,68,173,2025-07-03 22:37:00
1598,193,5034,67,130,2025-06-28 16:58:00
1599,70,4981,65,91,2026-01-04 22:31:00
1600,95,4603,65,54,2025-09-28 18:51:00
1601,3,4839,63,157,2025-11-10 09:42:00
1602,145,5097,70,61,2024-02-07 08:45:00
1603,191,4556,62,158,2024-07-02 21:42:00
1604,102,4385,69,148,2024-04-10 14:52:00
1605,111,4965,61,54,2024-12-12 06:19:00
1606,183,5077,66,115,2025-02-23 07:59:00
1607,93,4752,66,59,2024-03-09 17:09:00
1608,146,4703,66,106,2025-01-02 12:23:00
1609,135,4946,69,107,2025-11-05 16:01:00
1610,179,4753,61,58,2024-08-13 09:20:00
1611,176,4510,64,58,2025-09-13 07:38:00
1612,188,4532,66,80,2025-01-18 16:26:00
1613,164,4464,69,107,2025-04-16 17:46:00
1614,85,4461,64,133,2026-01-02 14:33:00
1615,123,4944,70,144,2024-02-01 16:33:00
1616,193,4894,68,179,2025-10-20 09:28:00
1617,38,4784,70,158,2025-12-18 18:36:00
1618,169,4527,63,157,2025-02-04 17:12:00
1619,145,4768,70,137,2024-05-30 09:24:00
1620,8,4576,69,148,2025-10-05 14:32:00
1621,171,4647,70,166,2024-11-18 20:01:00
1622,124,5053,63,174,2024-01-29 19:30:00
1623,161,4874,64,148,2025-07-24 13:32:00
1624,56,4903,68,40,2025-08-08 14:54:00
1625,180,4803,62,176,2024-09-25 10:47:00
1626,98,4545,62,63,2025-09-13 22:20:00
1627,133,4513,65,60,2026-01-11 21:23:00
1628,182,4576,68,151,2024-01-21 16:02:00
1629,171,4640,69,133,2025-05-17 18:50:00
1630,120,4436,70,118,2024-11-18 22:51:00
1631,55,4560,64,147,2025-09-27 12:44:00
1632,20,4852,65,60,2024-07-20 11:46:00
1633,125,4824,61,170,2024-09-30 18:05:00
1634,132,4963,66,94,2024-11-15 11:14:00
1635,76,4511,69,65,2024-10-16 17:30:00
1636,195,4471,69,106,2025-11-09 12:14:00
1637,113,4532,66,46,2024-05-02 07:39:00
1638,123,4626,65,152,2025-07-19 19:37:00
1639,32,4465,64,124,2025-02-24 11:42:00
1640,29,4860,70,68,2024-05-08 19:17:00
1641,109,5023,68,166,2025-04-29 11:06:00
1642,190,4949,70,150,2024-06-01 09:50:00
1643,20,5092,70,127,2025-07-27 22:08:00
1644,182,4690,70,150,2024-02-20 13:23:00
1645,96,4387,65,101,2024-06-10 22:09:00
1646,136,4724,69,41,2024-04-17 12:37:00
1647,53,4391,65,37,2024-05-02 18:10:00
1648,165,4986,68,42,2025-12-13 06:54:00
1649,51,5037,70,177,2024-03-18 09:40:00
1650,40,4611,67,78,2025-07-19 07:15:00
1651,64,4856,65,72,2024-02-11 21:20:00
1652,82,4747,62,82,2024-12-15 18:35:00
1653,28,4454,65,135,2025-12-16 21:21:00
1654,196,5082,61,169,2025-02-21 20:57:00
1655,190,4749,61,120,2024-05-30 13:11:00
1656,83,4952,61,145,2025-01-10 07:33:00
1657,180,4689,62,87,2024-11-18 09:17:00
1658,150,4678,62,65,2025-07-28 08:33:00
1659,190,4469,62,107,2025-07-11 08:58:00
1660,31,5040,66,90,2026-01-10 12:01:00
1661,75,5109,64,49,2024-12-27 10:34:00
1662,27,4460,61,165,2025-06-03 18:11:00
1663,106,4765,67,83,2025-08-11 15:04:00
1664,101,4828,61,140,2025-02-11 10:04:00
1665,153,4865,68,51,2024-10-07 18:18:00
1666,43,4688,70,43,2024-11-28 11:35:00
1667,104,4532,69,137,2025-04-08 09:00:00
1668,37,4729,67,42,2025-08-11 06:04:00
1669,187,5074,69,168,2024-03-12 07:55:00
1670,92,4760,66,34,2025-08-31 16:10:00
1671,73,4435,63,31,2025-02-19 14:16:00
1672,11,4746,61,127,2025-10-28 18:21:00
1673,48,5022,67,67,2024-02-25 22:07:00
1674,90,5018,67,154,2024-03-07 22:37:00
1675,63,5006,62,58,2024-05-06 17:40:00
1676,9,4690,68,33,2025-01-24 18:17:00
1677,45,4851,69,103,2025-05-05 06:58:00
1678,180,4442,67,131,2025-08-07 16:27:00
1679,99,4756,68,174,2024-09-13 07:42:00
1680,14,4395,63,74,2025-10-25 08:34:00
1681,193,4619,61,168,2024-07-14 19:13:00
1682,29,4594,68,48,2025-05-12 08:51:00
1683,138,5025,61,146,2025-03-20 22:08:00
1684,141,4688,62,156,2025-07-28 07:34:00
1685,18,4516,70,178,2024-08-25 22:40:00
1686,106,4980,68,40,2024-06-20 19:11:00
1687,84,5029,64,131,2025-02-20 15:26:00
1688,184,4903,69,32,2025-03-29 21:07:00
1689,55,4641,64,174,2025-01-30 15:32:00
1690,115,4665,63,141,2025-11-03 10:57:00
1691,23,5008,64,154,2025-08-15 10:05:00
1692,101,4959,64,77,2024-04-24 13:48:00
1693,34,4626,62,85,2025-07-12 17:10:00
1694,69,4561,70,105,2025-05-14 18:45:00
1695,95,4573,69,108,2025-09-16 08:45:00
1696,8,4776,65,56,2024-02-25 14:35:00
1697,69,4442,62,30,2024-05-30 18:47:00
1698,72,5004,69,175,2024-05-13 21:29:00
1699,28,4813,69,139,2024-12-24 11:52:00
1700,68,4777,64,36,2024-03-20 07:24:00
1701,153,4880,65,85,2025-03-25 14:53:00
1702,51,4737,62,54,2025-04-20 06:34:00
1703,135,4629,65,71,2024-07-26 20:51:00
1704,33,4878,61,46,2025-11-25 21:39:00
1705,139,4924,69,98,2024-09-05 07:10:00
1706,97,4397,66,59,2024-09-08 20:11:00
1707,47,4383,66,39,2025-03-25 09:43:00
1708,177,4613,61,108,2025-07-26 07:40:00
1709,95,5022,70,47,2024-10-24 14:14:00
1710,9,4853,64,112,2024-04-16 16:43:00
1711,199,5107,68,120,2025-06-14 10:17:00
1712,69,4927,63,101,2025-11-28 09:14:00
1713,176,4691,69,30,2024-05-31 21:50:00
1714,39,4679,70,93,2024-04-23 11:00:00
1715,22,4683,69,161,2024-05-29 06:31:00
1716,104,4586,61,89,2024-07-10 15:11:00
1717,148,4483,65,128,2024-12-13 21:58:00
1718,9,4982,67,62,2024-12-12 15:43:00
1719,11,4857,63,155,2025-12-13 18:26:00
1720,5,4801,69,165,2025-07-29 11:58:00
1721,106,4833,63,157,2024-10-20 21:05:00
1722,120,4829,68,122,2024-02-28 07:12:00
1723,77,4577,65,143,2025-11-12 08:36:00
1724,94,4653,68,151,2025-05-08 12:58:00
1725,60,4442,63,62,2025-07-28 06:39:00
1726,158,4426,69,171,2025-03-25 06:57:00
1727,145,4687,66,37,2025-06-16 15:04:00
1728,52,4421,70,135,2025-07-08 16:33:00
1729,13,5085,64,168,2025-07-18 10:37:00
1730,86,5074,61,98,2024-07-16 13:45:00
1731,44,5087,66,44,2024-09-12 18:47:00
1732,50,4515,61,61,2024-05-18 16:08:00
1733,59,4685,66,37,2025-08-22 09:31:00
1734,190,4581,67,127,2024-09-12 17:12:00
1735,37,4472,67,98,2024-02-19 17:07:00
1736,50,4985,63,131,2025-08-22 18:39:00
1737,171,4874,70,54,2025-05-31 11:56:00
1738,10,4562,65,173,2024-11-18 18:48:00
1739,49,4517,62,177,2025-07-31 09:37:00
1740,119,4627,70,150,2024-11-12 19:59:00
1741,21,4827,66,64,2024-06-01 20:55:00
1742,97,4443,70,45,2024-05-16 06:55:00
1743,159,4827,63,172,2025-12-31 20:36:00
1744,86,4980,66,124,2025-09-10 07:48:00
1745,109,4396,66,127,2025-01-13 17:16:00
1746,149,4489,69,132,2024-11-20 17:15:00
1747,181,4568,62,31,2024-01-19 20:41:00
1748,174,5076,70,110,2025-02-16 21:30:00
1749,132,5026,66,161,2025-03-19 20:42:00
1750,166,4744,69,176,2025-10-13 06:33:00
1751,125,4596,68,58,2025-07-27 13:49:00
1752,159,4530,67,133,2024-06-07 21:50:00
1753,83,4437,61,96,2024-04-26 12:05:00
1754,60,4407,61,75,2026-01-01 12:48:00
1755,39,4613,67,149,2025-09-29 07:33:00
1756,140,4505,67,164,2025-02-19 19:54:00
1757,23,5067,65,124,2024-02-23 15:02:00
1758,138,4925,69,113,2024-09-24 09:26:00
1759,135,5048,62,85,2024-06-07 18:59:00
1760,51,4894,63,153,2025-05-18 13:07:00
1761,44,4947,61,31,2025-08-13 13:48:00
1762,199,4752,68,95,2025-01-13 12:23:00
1763,91,4920,66,95,2024-10-08 09:12:00
1764,122,4520,62,91,2024-11-29 10:29:00
1765,157,4429,66,129,2025-08-04 22:15:00
1766,98,4553,62,65,2025-12-12 13:14:00
1767,38,4958,68,149,2024-10-04 09:18:00
1768,102,4406,63,70,2025-04-17 09:25:00
1769,55,4887,67,109,2025-12-11 09:37:00
1770,135,4511,65,36,2025-12-22 18:57:00
1771,63,4949,63,133,2024-07-03 14:24:00
1772,8,4889,66,86,2025-08-28 21:16:00
1773,75,4736,64,41,2025-12-04 10:50:00
1774,158,4803,68,44,2025-12-23 07:12:00
1775,103,4844,63,49,2024-12-06 20:51:00
1776,128,4965,63,41,2024-06-18 12:57:00
1777,112,4739,68,129,2024-06-15 08:02:00
1778,6,4738,67,180,2025-04-04 21:26:00
1779,153,5053,68,115,2024-04-10 06:55:00
1780,5,4489,65,95,2024-12-14 15:32:00
1781,82,4551,70,60,2024-08-15 11:35:00
1782,169,4396,64,180,2025-03-07 18:28:00
1783,181,4705,66,75,2025-05-26 14:04:00
1784,152,4959,66,112,2025-04-04 09:42:00
1785,135,5051,69,115,2025-09-05 13:59:00
1786,195,4444,67,130,2024-04-06 11:26:00
1787,91,4642,70,135,2024-12-07 19:47:00
1788,131,4901,66,165,2025-03-02 15:59:00
1789,166,4609,63,86,2024-12-30 06:22:00
1790,181,4611,64,82,2024-07-30 08:00:00
1791,99,4744,67,54,2025-08-17 07:39:00
1792,80,4830,69,58,2024-11-06 06:29:00
1793,109,5068,61,141,2025-02-27 09:44:00
1794,6,4433,69,150,2025-08-23 19:03:00
1795,130,4468,61,39,2025-04-28 19:00:00
1796,130,5004,63,148,2025-04-07 09:14:00
1797,150,4667,67,56,2025-01-17 19:51:00
1798,35,4937,70,55,2024-10-25 06:38:00
1799,11,4836,70,123,2024-09-11 06:01:00
1800,183,4606,68,177,2024-10-31 10:47:00
1801,175,5017,70,60,2024-04-26 09:48:00
1802,150,4858,67,135,2025-03-15 21:12:00
1803,11,5011,64,106,2024-04-08 11:59:00
1804,190,4895,61,98,2025-12-18 22:37:00
1805,200,4923,67,153,2025-05-14 18:52:00
1806,141,4788,63,80,2025-06-03 18:12:00
1807,171,4491,62,163,2025-01-20 06:58:00
1808,27,5095,62,122,2026-01-10 06:52:00
1809,140,4619,67,81,2024-10-25 07:40:00
1810,119,4983,66,179,2025-10-15 10:24:00
1811,126,4652,66,145,2024-11-13 20:14:00
1812,175,4416,69,158,2025-12-05 06:07:00
1813,162,4421,70,42,2025-10-04 16:41:00
1814,149,4400,68,106,2025-08-05 08:32:00
1815,34,4960,65,44,2024-06-21 09:21:00
1816,186,4548,62,161,2024-07-25 17:28:00
1817,14,4650,68,131,2026-01-11 17:52:00
1818,6,4798,67,111,2025-04-29 08:48:00
1819,115,4737,70,169,2024-03-03 16:04:00
1820,65,5025,70,98,2024-03-06 10:51:00
1821,80,4593,69,126,2025-02-13 22:58:00
1822,67,4444,62,106,2025-07-18 10:36:00
1823,39,4804,68,86,2026-01-09 11:15:00
1824,47,4720,68,165,2024-02-15 09:11:00
1825,70,4985,69,76,2024-07-24 13:16:00
1826,31,4512,70,69,2025-09-08 21:56:00
1827,83,4722,66,135,2025-10-23 17:24:00
1828,6,4606,62,74,2025-03-16 06:46:00
1829,178,4522,65,88,2025-07-25 12:54:00
1830,160,4587,68,76,2025-05-12 16:38:00
1831,131,4614,66,141,2025-02-09 12:54:00
1832,134,4605,64,122,2026-01-13 13:20:00
1833,117,5086,62,98,2025-02-01 11:59:00
1834,27,5051,67,159,2026-01-03 22:34:00
1835,65,4537,70,180,2025-09-18 16:51:00
1836,165,4488,65,138,2025-08-25 22:17:00
1837,32,5035,70,50,2025-01-03 06:37:00
1838,37,4560,66,60,2024-03-03 08:36:00
1839,119,4900,61,167,2025-04-20 16:57:00
1840,62,4393,65,159,2025-12-06 09:03:00
1841,122,4385,64,131,2025-04-13 10:36:00
1842,133,4887,61,92,2025-06-13 18:32:00
1843,172,4531,70,128,2025-02-10 11:22:00
1844,112,4697,68,56,2025-12-30 17:35:00
1845,148,5036,68,52,2024-07-10 16:06:00
1846,156,4535,62,113,2024-08-02 14:22:00
1847,199,4527,70,32,2024-10-24 14:31:00
1848,93,4547,64,63,2024-02-01 22:34:00
1849,161,5074,69,140,2024-01-22 10:35:00
1850,155,4761,66,131,2025-04-23 22:13:00
1851,70,4789,70,108,2025-02-16 11:19:00
1852,158,4542,70,47,2024-03-23 07:41:00
1853,30,4807,63,98,2025-11-15 17:28:00
1854,91,4862,61,112,2024-02-20 20:25:00
1855,132,4556,69,121,2025-06-01 18:13:00
1856,25,5020,62,45,2024-03-27 08:09:00
1857,24,4846,67,87,2025-06-14 16:24:00
1858,36,4991,61,134,2025-02-11 16:33:00
1859,7,4715,65,148,2025-10-05 17:06:00
1860,44,4996,67,174,2026-01-16 20:01:00
1861,19,4920,61,94,2024-12-08 08:07:00
1862,29,4888,64,107,2025-06-22 07:21:00
1863,199,4771,67,121,2025-05-11 15:31:00
1864,81,4462,66,76,2025-12-21 06:51:00
1865,39,4931,62,64,2025-10-10 16:00:00
1866,158,5069,65,65,2025-10-02 14:31:00
1867,14,4853,63,101,2024-11-08 13:17:00
1868,53,5003,68,123,2024-12-17 07:01:00
1869,67,5058,64,102,2025-09-04 19:59:00
1870,121,4980,66,77,2025-08-18 12:46:00
1871,64,4626,66,49,2025-10-20 18:58:00
1872,137,5093,66,40,2024-11-14 12:42:00
1873,164,4408,61,58,2024-10-11 06:05:00
1874,137,4564,67,41,2025-07-23 17:45:00
1875,158,5075,62,177,2025-10-22 09:49:00
1876,158,4485,66,168,2024-03-23 15:03:00
1877,35,5084,66,57,2025-02-16 09:38:00
1878,51,4626,69,118,2024-04-07 12:57:00
1879,98,4790,65,129,2024-01-22 13:17:00
1880,193,4749,67,132,2025-10-13 09:52:00
1881,92,4463,66,127,2024-11-01 09:42:00
1882,147,4821,66,43,2025-04-27 17:46:00
1883,106,4983,65,86,2024-11-28 16:36:00
1884,138,4651,64,156,2024-10-21 22:56:00
1885,161,4758,65,140,2025-09-04 11:19:00
1886,91,4999,61,91,2025-10-15 21:05:00
1887,95,4885,66,132,2024-09-23 15:11:00
1888,28,4526,66,121,2024-12-14 13:51:00
1889,171,4885,69,88,2025-09-23 12:48:00
1890,102,4944,64,123,2024-07-30 09:46:00
1891,94,4521,68,135,2025-05-10 10:40:00
1892,193,4900,63,117,2024-10-30 20:42:00
1893,42,4666,64,63,2025-12-14 18:53:00
1894,60,4396,69,123,2025-03-19 16:31:00
1895,18,4934,68,62,2024-07-06 07:01:00
1896,5,4645,62,63,2024-01-29 08:38:00
1897,115,4992,61,110,2025-11-19 16:33:00
1898,136,4998,63,113,2025-07-16 21:45:00
1899,196,4850,69,163,2025-07-19 20:14:00
1900,140,4963,68,60,2024-05-02 14:05:00
1901,146,4505,62,79,2024-03-16 15:02:00
1902,190,4577,62,47,2025-10-14 10:33:00
1903,12,5083,61,121,2024-07-21 20:05:00
1904,31,4959,68,91,2025-04-01 19:49:00
1905,194,5108,66,105,2025-02-25 22:23:00
1906,22,5017,64,42,2024-07-26 16:06:00
1907,158,4717,64,77,2026-01-09 09:05:00
1908,81,4693,63,68,2024-09-10 15:06:00
1909,121,4480,65,124,2025-10-27 16:38:00
1910,130,5028,68,136,2024-07-25 22:47:00
1911,177,4628,65,180,2025-09-12 19:20:00
1912,134,4620,67,85,2024-02-29 22:05:00
1913,11,5056,69,171,2025-05-19 13:13:00
1914,27,4966,66,159,2024-08-08 14:57:00
1915,181,5049,62,65,2024-06-16 07:02:00
1916,125,5093,61,144,2025-01-27 21:31:00
1917,13,5082,61,42,2025-06-13 12:12:00
1918,162,4996,65,139,2025-03-24 07:49:00
1919,28,4623,61,89,2025-09-05 21:54:00
1920,99,4619,61,117,2025-02-05 21:15:00
1921,116,4534,70,158,2025-02-07 07:32:00
1922,150,4493,69,168,2025-04-08 14:26:00
1923,182,5053,68,107,2025-10-30 09:26:00
1924,170,4672,69,80,2024-06-26 09:34:00
1925,51,4518,64,178,2024-01-22 07:21:00
1926,123,4389,61,64,2024-11-17 13:04:00
1927,153,5074,68,148,2024-03-13 15:29:00
1928,3,4962,61,149,2025-07-22 21:45:00
1929,5,4574,67,120,2024-06-29 15:52:00
1930,9,4387,61,172,2024-10-18 06:43:00
1931,176,4728,67,162,2024-04-11 08:14:00
1932,80,4554,66,170,2025-12-18 14:52:00
1933,190,5007,62,104,2024-01-23 13:35:00
1934,102,5065,68,171,2024-06-08 12:41:00
1935,176,4953,62,30,2024-03-24 12:47:00
1936,111,4764,66,53,2024-05-14 18:29:00
1937,129,4517,70,144,2025-09-05 08:49:00
1938,83,5032,67,73,2025-09-01 09:12:00
1939,7,4439,68,158,2025-06-19 12:00:00
1940,162,4569,68,43,2024-03-31 08:08:00
1941,180,4417,66,179,2025-09-13 09:04:00
1942,78,4489,61,70,2025-05-04 22:11:00
1943,171,4657,62,35,2024-07-15 09:25:00
1944,192,5047,68,116,2024-02-17 16:54:00
1945,85,4523,66,94,2025-09-11 06:46:00
1946,118,5049,68,124,2025-04-05 22:07:00
1947,84,4501,65,99,2024-08-14 14:40:00
1948,75,4411,63,113,2024-12-16 17:28:00
1949,123,4476,70,52,2024-11-06 14:52:00
1950,108,4404,62,177,2024-01-21 19:41:00
1951,99,4771,66,96,2025-05-28 16:34:00
1952,18,4692,68,35,2024-03-10 19:56:00
1953,100,4852,66,99,2024-03-08 07:35:00
1954,45,4669,69,110,2025-03-25 13:16:00
1955,80,4526,63,42,2025-03-01 18:07:00
1956,60,4809,61,111,2024-05-24 14:48:00
1957,171,4646,63,54,2024-12-30 13:53:00
1958,89,5057,63,128,2025-01-16 10:33:00
1959,123,4547,63,47,2024-05-31 09:03:00
1960,106,4641,68,122,2024-06-01 20:29:00
1961,47,5037,66,154,2024-07-11 21:03:00
1962,161,4731,65,147,2025-03-17 18:12:00
1963,191,5062,66,155,2024-05-24 21:44:00
1964,165,4446,65,75,2025-11-25 06:09:00
1965,8,4584,63,36,2024-08-12 13:02:00
1966,166,5083,66,38,2024-02-18 15:44:00
1967,133,4862,68,162,2024-02-20 12:34:00
1968,43,5007,66,51,2024-06-27 18:33:00
1969,187,4691,62,64,2025-09-02 13:54:00
1970,71,4611,67,45,2025-04-28 11:24:00
1971,22,4932,61,30,2025-11-21 15:47:00
1972,5,4431,70,165,2025-06-09 20:12:00
1973,145,4889,66,114,2025-02-24 07:24:00
1974,179,4686,70,145,2024-10-09 12:40:00
1975,17,4654,62,150,2024-10-29 13:56:00
1976,11,5038,62,131,2025-09-22 07:51:00
1977,119,4730,64,129,2025-01-19 07:02:00
1978,33,4951,61,100,2024-11-19 18:23:00
1979,36,4982,68,77,2024-06-15 09:29:00
1980,156,4382,69,87,2025-03-21 06:56:00
1981,140,4994,63,119,2024-11-04 09:27:00
1982,2,5047,70,68,2025-01-26 20:25:00
1983,34,4541,61,121,2024-06-02 08:01:00
1984,65,4793,63,133,2024-07-04 06:05:00
1985,109,4920,62,95,2024-09-15 14:56:00
1986,79,4536,69,44,2024-04-18 06:27:00
1987,197,4955,66,93,2025-12-03 15:02:00
1988,25,4384,62,35,2024-07-17 15:16:00
1989,196,5046,65,129,2024-08-14 13:47:00
1990,117,5085,62,64,2025-10-04 20:29:00
1991,173,5108,65,82,2025-07-30 08:46:00
1992,4,4996,63,90,2025-07-23 21:35:00
1993,99,5057,68,177,2024-11-15 09:30:00
1994,121,4846,66,90,2025-01-02 18:24:00
1995,125,4398,67,39,2024-05-23 16:03:00
1996,125,4957,68,102,2024-07-23 13:19:00
1997,172,4532,69,148,2025-04-24 08:43:00
1998,125,4459,70,172,2025-02-20 06:10:00
1999,120,4439,65,124,2025-12-02 18:43:00
2000,159,5067,68,54,2024-10-23 15:04:00
2001,128,4509,62,68,2025-07-07 15:07:00
2002,16,5028,66,114,2024-03-16 11:12:00
2003,96,5043,61,147,2024-07-29 19:10:00
2004,181,4891,66,168,2024-05-19 11:23:00
2005,158,4702,64,133,2024-06-17 09:07:00
2006,49,5025,64,163,2025-09-20 11:31:00
2007,16,4932,64,105,2024-04-09 19:23:00
2008,41,4981,64,97,2024-11-22 19:51:00
2009,93,4609,66,83,2024-07-15 11:56:00
2010,16,4435,68,110,2024-11-10 14:48:00
2011,80,4412,66,138,2025-10-13 17:40:00
2012,132,4762,65,150,2024-11-20 08:11:00
2013,52,4688,69,61,2025-12-25 18:54:00
2014,168,4857,63,101,2024-12-01 09:00:00
2015,34,4955,69,103,2025-01-11 17:13:00
2016,170,4987,69,139,2024-01-29 11:39:00
2017,52,5084,67,101,2025-06-11 20:29:00
2018,49,4648,67,54,2025-04-27 20:42:00
2019,161,4889,70,139,2025-04-27 20:15:00
2020,130,4631,69,105,2025-02-14 17:04:00
2021,65,4444,61,172,2024-07-01 11:19:00
2022,136,4532,66,160,2025-07-25 20:25:00
2023,43,4793,69,156,2024-08-16 17:58:00
2024,83,4681,61,111,2025-12-18 07:03:00
2025,46,4781,67,160,2024-01-20 09:28:00
2026,53,5062,65,113,2025-02-03 18:11:00
2027,40,4542,63,63,2024-06-08 20:54:00
2028,169,4560,68,95,2025-01-09 11:27:00
2029,55,4997,63,30,2024-10-24 07:51:00
2030,39,5042,67,123,2024-03-29 13:04:00
2031,151,5067,65,53,2025-08-20 07:27:00
2032,9,4451,70,156,2024-12-20 10:27:00
2033,85,4449,66,76,2024-05-18 10:56:00
2034,195,5042,65,34,2025-09-17 16:08:00
2035,183,4492,61,94,2025-12-18 15:49:00
2036,65,4736,61,163,2025-04-13 13:17:00
2037,184,5002,65,102,2024-03-05 12:54:00
2038,113,4674,68,125,2024-07-07 16:49:00
2039,149,4468,69,71,2024-04-04 15:06:00
2040,81,4850,70,72,2024-07-26 18:37:00
2041,174,4708,62,164,2024-01-31 22:38:00
2042,125,4436,62,144,2025-04-15 22:58:00
2043,162,4984,69,72,2024-06-18 09:40:00
2044,21,5075,64,105,2025-04-19 22:41:00
2045,90,4821,70,149,2024-06-20 20:52:00
2046,49,5070,62,112,2025-09-20 20:22:00
2047,157,4889,66,47,2024-01-24 10:57:00
2048,29,5006,68,96,2024-04-25 15:05:00
2049,190,4386,64,172,2025-05-06 10:18:00
2050,13,4801,62,97,2024-01-31 13:34:00
2051,2,4629,70,85,2025-07-21 15:12:00
2052,140,4646,61,141,2025-02-03 15:42:00
2053,99,5057,61,81,2025-09-04 11:28:00
2054,30,4837,64,42,2024-03-08 10:49:00
2055,134,4957,66,135,2025-05-30 07:13:00
2056,166,4823,70,122,2024-04-06 16:03:00
2057,176,4389,65,149,2025-11-06 15:13:00
2058,77,4511,64,83,2024-10-31 13:27:00
2059,102,5071,69,60,2024-09-12 17:22:00
2060,9,4874,66,101,2025-11-24 12:31:00
2061,49,4914,66,130,2025-10-14 21:46:00
2062,200,4992,67,129,2025-06-03 13:02:00
2063,87,4979,66,85,2025-02-10 21:20:00
2064,96,4827,61,175,2025-04-28 20:54:00
2065,134,4410,64,101,2024-12-18 21:00:00
2066,73,4963,62,133,2025-07-05 22:48:00
2067,127,4423,62,133,2024-11-16 11:08:00
2068,14,4835,61,54,2025-11-11 22:30:00
2069,62,5072,67,131,2025-09-18 15:47:00
2070,2,4425,68,52,2024-08-24 13:41:00
2071,146,4724,67,49,2025-10-14 12:15:00
2072,91,4537,64,81,2024-03-11 13:10:00
2073,33,4512,66,111,2025-04-15 14:16:00
2074,93,4480,62,40,2025-08-19 17:24:00
2075,151,4871,64,162,2024-07-12 12:02:00
2076,158,4843,65,101,2024-01-21 07:48:00
2077,133,4643,63,63,2024-10-14 14:00:00
2078,47,4651,66,163,2024-11-27 16:55:00
2079,62,4412,61,52,2024-04-21 08:46:00
2080,91,4713,66,158,2024-12-17 10:09:00
2081,96,5025,70,102,2026-01-03 12:20:00
2082,191,4714,70,43,2024-08-18 07:37:00
2083,123,4609,66,73,2024-02-13 20:44:00
2084,121,4945,65,48,2024-09-03 17:57:00
2085,35,4789,67,156,2024-08-31 21:17:00
2086,35,4477,61,135,2024-11-03 20:53:00
2087,82,4659,64,124,2024-11-05 17:10:00
2088,175,4664,67,110,2024-05-30 21:17:00
2089,168,4454,69,165,2024-02-18 16:27:00
2090,137,4858,62,151,2025-10-11 14:17:00
2091,195,4433,61,54,2025-08-05 11:18:00
2092,43,4594,68,98,2024-07-27 08:20:00
2093,21,4650,67,43,2024-03-09 21:47:00
2094,103,4637,61,173,2025-07-08 15:11:00
2095,46,4716,62,46,2025-12-24 08:09:00
2096,19,4639,61,74,2024-08-06 21:55:00
2097,156,4843,70,101,2025-07-12 07:49:00
2098,161,4444,66,121,2024-06-03 08:41:00
2099,52,4873,64,142,2024-10-31 07:58:00
2100,41,4487,61,64,2025-06-09 10:37:00
2101,95,4398,65,170,2025-12-12 21:42:00
2102,104,4755,67,147,2025-04-23 16:54:00
2103,23,4415,67,82,2024-02-04 16:35:00
2104,160,4593,64,166,2024-10-09 11:06:00
2105,149,4429,70,41,2024-08-15 18:26:00
2106,27,4589,70,136,2025-12-27 20:14:00
2107,176,4758,64,155,2024-11-06 06:57:00
2108,152,4546,66,65,2025-07-29 07:29:00
2109,108,5074,67,176,2024-09-12 10:46:00
2110,21,4553,70,38,2024-02-09 14:27:00
2111,147,5103,68,120,2024-12-20 13:09:00
2112,63,4984,64,169,2024-06-13 07:57:00
2113,102,4753,67,155,2025-11-23 20:07:00
2114,134,5103,69,165,2024-02-14 20:19:00
2115,147,4616,63,31,2025-04-05 22:17:00
2116,59,5094,70,32,2024-03-11 14:20:00
2117,133,4616,69,127,2025-02-02 09:53:00
2118,17,4838,66,106,2025-10-11 14:29:00
2119,14,4567,66,61,2024-09-19 14:06:00
2120,146,4576,68,170,2025-04-17 16:54:00
2121,22,4416,67,144,2024-10-07 13:08:00
2122,146,4419,69,101,2024-03-28 20:49:00
2123,67,4826,62,85,2025-04-11 22:07:00
2124,185,4441,67,66,2025-08-07 17:49:00
2125,27,4654,68,134,2025-05-30 10:43:00
2126,50,5041,66,166,2025-01-26 09:13:00
2127,73,4595,63,72,2025-11-02 14:39:00
2128,196,4755,62,152,2025-12-20 17:48:00
2129,109,4458,65,180,2026-01-02 13:19:00
2130,14,5018,70,36,2024-08-30 15:32:00
2131,190,4595,66,61,2025-08-20 06:26:00
2132,178,4588,69,169,2025-07-01 16:31:00
2133,71,4832,69,52,2024-05-29 17:14:00
2134,170,4896,69,41,2024-02-27 19:56:00
2135,125,4797,65,92,2025-12-07 20:15:00
2136,101,4833,66,177,2024-07-19 12:36:00
2137,178,5002,68,155,2024-06-10 20:26:00
2138,20,4491,61,73,2025-05-23 10:36:00
2139,75,4462,62,148,2025-06-30 15:03:00
2140,62,5019,62,79,2025-10-19 06:46:00
2141,126,5016,66,160,2024-06-08 15:41:00
2142,90,4643,63,87,2024-12-31 06:34:00
2143,62,4582,65,179,2024-05-23 07:52:00
2144,93,4838,63,45,2024-10-20 21:24:00
2145,125,4823,64,153,2025-02-18 13:45:00
2146,127,4487,63,89,2024-05-11 21:30:00
2147,47,4770,66,33,2025-12-15 17:12:00
2148,157,5031,61,175,2024-04-18 21:28:00
2149,104,4636,68,145,2025-10-10 16:16:00
2150,102,4439,70,126,2024-08-10 14:52:00
2151,113,4582,70,128,2025-11-28 06:06:00
2152,198,4899,70,119,2025-12-03 22:42:00
2153,117,4736,64,84,2025-02-26 07:22:00
2154,162,4763,68,78,2025-11-29 17:05:00
2155,109,4479,64,114,2025-09-04 17:25:00
2156,194,4663,65,83,2025-08-16 14:53:00
2157,101,4706,65,147,2024-02-02 13:49:00
2158,116,4768,69,127,2025-12-21 20:56:00
2159,102,4503,66,43,2025-05-07 21:56:00
2160,74,5015,68,76,2025-11-23 22:42:00
2161,169,5004,61,144,2024-02-15 07:26:00
2162,66,4845,67,156,2024-11-26 07:49:00
2163,66,5004,66,42,2025-12-24 09:53:00
2164,92,4997,61,149,2025-03-05 06:17:00
2165,149,4423,62,47,2025-06-12 07:15:00
2166,186,4825,67,102,2026-01-01 09:01:00
2167,167,4977,61,167,2024-03-29 22:22:00
2168,74,5016,64,38,2024-08-30 10:38:00
2169,63,4635,65,180,2024-11-10 19:02:00
2170,155,4815,68,99,2024-10-24 14:02:00
2171,70,4399,69,172,2024-09-19 08:35:00
2172,121,4403,64,76,2025-09-13 12:17:00
2173,81,4395,65,153,2025-03-05 19:52:00
2174,95,4933,69,34,2025-06-08 10:34:00
2175,37,4747,61,111,2024-10-10 12:51:00
2176,74,5062,67,144,2024-02-22 13:28:00
2177,113,5091,70,168,2025-03-17 08:37:00
2178,146,4626,61,128,2025-10-10 14:34:00
2179,40,4412,61,110,2025-04-21 14:03:00
2180,151,4878,70,167,2024-08-13 06:00:00
2181,68,4722,61,78,2025-02-01 21:36:00
2182,113,4407,62,103,2024-09-29 14:19:00
2183,80,4466,65,149,2025-06-12 14:20:00
2184,129,4440,62,63,2025-06-11 08:54:00
2185,163,4737,61,145,2024-12-28 10:38:00
2186,130,4964,67,111,2025-11-21 19:44:00
2187,42,4398,70,39,2025-01-11 13:59:00
2188,196,4549,64,102,2025-06-08 19:01:00
2189,177,4873,69,163,2024-07-11 15:43:00
2190,135,4776,70,153,2025-03-09 16:53:00
2191,30,4653,66,179,2025-11-15 19:32:00
2192,196,4816,62,74,2025-10-25 14:15:00
2193,142,4407,61,57,2024-01-28 19:39:00
2194,26,4969,63,55,2025-06-23 17:29:00
2195,134,4748,62,155,2024-11-10 11:38:00
2196,149,4782,70,172,2024-04-30 19:45:00
2197,128,5093,63,122,2025-08-06 19:19:00
2198,124,4976,66,140,2024-06-09 17:04:00
2199,171,4848,64,159,2024-07-02 21:29:00
2200,162,4645,66,86,2024-04-28 18:29:00
2201,5,4503,62,153,2025-05-25 10:23:00
2202,98,5003,70,96,2024-01-21 12:54:00
2203,25,4842,65,69,2025-02-10 17:47:00
2204,68,4962,67,79,2024-08-22 13:00:00
2205,53,4612,70,77,2024-11-01 17:02:00
2206,95,4822,70,180,2024-03-01 20:27:00
2207,75,4933,66,137,2025-03-02 06:39:00
2208,47,4589,63,35,2024-08-10 20:27:00
2209,86,4962,62,98,2024-01-25 18:36:00
2210,93,4540,63,158,2024-12-15 19:18:00
2211,110,4406,65,163,2025-10-09 15:38:00
2212,70,4478,67,67,2024-05-19 20:46:00
2213,3,5041,68,110,2024-08-30 12:53:00
2214,81,4500,65,167,2024-06-20 22:01:00
2215,9,4557,68,169,2024-04-09 08:45:00
2216,121,4563,66,150,2024-08-13 10:09:00
2217,107,4828,63,113,2025-12-26 16:26:00
2218,111,4922,67,64,2024-05-06 10:08:00
2219,8,5107,63,82,2025-11-03 13:13:00
2220,192,4526,61,172,2025-12-19 20:05:00
2221,101,4723,66,123,2024-12-01 14:34:00
2222,132,4722,65,87,2025-03-31 16:34:00
2223,56,4457,69,135,2025-06-28 12:02:00
2224,160,4411,63,113,2024-10-10 16:08:00
2225,195,4749,67,63,2025-01-14 22:39:00
2226,65,4909,69,91,2025-03-26 16:40:00
2227,37,5041,65,55,2024-09-16 08:22:00
2228,199,4788,67,102,2025-05-22 09:31:00
2229,90,5105,66,69,2025-03-09 19:06:00
2230,173,4889,68,118,2024-11-05 10:53:00
2231,106,4413,66,126,2024-01-27 20:07:00
2232,162,4757,67,42,2024-11-17 16:28:00
2233,73,4733,68,88,2025-04-22 11:52:00
2234,189,4789,61,122,2025-08-18 14:14:00
2235,192,4652,64,145,2025-11-17 12:01:00
2236,199,5010,68,132,2024-11-02 15:09:00
2237,99,4493,69,163,2025-10-29 16:24:00
2238,157,4797,61,68,2025-04-21 16:38:00
2239,164,4673,62,139,2025-12-22 21:12:00
2240,145,4857,66,174,2024-02-16 18:56:00
2241,156,4463,67,153,2025-04-23 09:58:00
2242,166,4508,70,44,2025-10-13 18:37:00
2243,10,4542,70,137,2024-10-06 07:21:00
2244,43,4794,61,39,2025-12-10 21:59:00
2245,148,4995,61,123,2024-11-27 21:12:00
2246,102,4522,64,140,2025-05-03 07:40:00
2247,155,4381,66,159,2025-04-23 12:31:00
2248,123,4890,63,67,2025-10-19 10:28:00
2249,93,4678,65,79,2025-03-10 12:53:00
2250,86,4858,69,166,2025-02-24 16:14:00
2251,182,4634,66,176,2024-04-16 10:06:00
2252,117,4610,61,84,2025-08-29 19:28:00
2253,184,4719,65,107,2025-01-31 16:51:00
2254,176,4466,65,150,2024-10-23 22:28:00
2255,63,4647,66,129,2024-08-21 18:50:00
2256,6,4659,68,158,2025-06-26 10:06:00
2257,154,4569,70,94,2024-10-05 22:32:00
2258,171,5088,70,133,2024-06-26 10:03:00
2259,35,4957,64,161,2024-11-29 17:33:00
2260,27,4394,70,80,2025-11-12 15:21:00
2261,41,4684,63,130,2025-12-23 22:45:00
2262,186,4984,63,165,2024-11-06 11:36:00
2263,66,4826,63,75,2024-02-11 16:32:00
2264,141,5013,61,167,2024-03-26 12:56:00
2265,190,5006,62,78,2025-07-19 16:14:00
2266,182,4908,64,103,2024-12-12 18:23:00
2267,9,5053,69,119,2025-01-30 19:23:00
2268,2,4590,64,174,2025-04-01 08:52:00
2269,116,4516,61,139,2025-02-09 16:14:00
2270,161,5101,64,65,2025-07-30 13:52:00
2271,130,4382,70,132,2024-07-09 17:23:00
2272,175,4485,64,175,2025-10-30 07:06:00
2273,118,4698,68,37,2025-01-14 06:09:00
2274,46,4798,63,135,2024-03-24 17:48:00
2275,80,5071,63,164,2025-12-11 12:42:00
2276,149,4820,62,41,2024-02-14 11:25:00
2277,124,4773,67,131,2024-06-27 14:00:00
2278,83,4505,65,66,2024-07-01 11:00:00
2279,113,4414,66,46,2024-01-20 14:53:00
2280,25,4601,61,111,2025-01-29 07:21:00
2281,1,4569,64,141,2024-05-15 10:46:00
2282,88,4925,67,59,2025-03-28 16:45:00
2283,139,4941,64,47,2025-06-12 18:13:00
2284,19,4719,61,83,2024-04-26 09:00:00
2285,63,4746,61,88,2025-01-13 07:49:00
2286,181,4788,65,54,2025-01-02 16:49:00
2287,132,4515,66,32,2025-09-08 13:15:00
2288,51,4988,69,111,2025-06-28 13:17:00
2289,171,4491,63,110,2025-11-02 22:25:00
2290,34,4492,66,139,2024-02-13 19:31:00
2291,21,4498,69,157,2025-11-25 12:54:00
2292,21,4706,64,54,2025-01-23 16:40:00
2293,154,5028,70,58,2024-03-24 18:06:00
2294,173,4444,63,119,2024-03-22 10:30:00
2295,150,4995,66,32,2025-05-29 09:15:00
2296,127,4952,68,65,2024-08-18 20:33:00
2297,120,4875,64,39,2024-11-11 07:38:00
2298,99,4854,61,161,2025-09-24 15:41:00
2299,71,5036,62,32,2024-02-09 10:56:00
2300,106,4583,64,146,2024-03-28 17:40:00
2301,135,4775,65,103,2025-09-14 21:46:00
2302,198,4512,69,131,2025-12-05 14:35:00
2303,80,4416,67,147,2024-12-12 11:47:00
2304,3,4749,67,109,2025-02-20 07:30:00
2305,196,4959,63,122,2024-09-29 06:40:00
2306,130,4402,69,165,2025-10-04 22:12:00
2307,101,5048,61,60,2024-09-30 11:01:00
2308,88,5093,66,104,2025-06-01 21:21:00
2309,154,4820,67,155,2024-07-20 06:46:00
2310,147,4390,68,177,2025-10-31 14:17:00
2311,140,4700,66,178,2024-03-31 15:39:00
2312,58,4867,62,173,2024-09-26 17:09:00
2313,153,4802,70,79,2025-02-28 13:12:00
2314,143,4780,64,158,2024-04-02 10:56:00
2315,25,4715,68,99,2024-11-17 06:13:00
2316,13,4712,64,53,2024-07-12 21:17:00
2317,5,4566,63,39,2025-04-12 06:40:00
2318,157,4428,67,41,2025-11-07 10:20:00
2319,158,5044,64,44,2024-01-25 15:45:00
2320,107,4565,62,85,2024-09-11 14:40:00
2321,179,4723,66,76,2024-06-10 09:36:00
2322,115,4674,70,34,2024-06-02 10:45:00
2323,154,4534,65,37,2025-06-17 15:53:00
2324,92,4556,68,94,2024-04-21 12:13:00
2325,168,4690,68,83,2025-12-11 19:35:00
2326,175,4832,69,121,2025-05-10 22:28:00
2327,70,5037,64,103,2025-11-08 14:47:00
2328,34,4831,61,118,2024-02-17 16:07:00
2329,22,4813,70,82,2025-07-11 06:05:00
2330,75,4620,68,142,2025-12-17 22:29:00
2331,89,4801,63,101,2024-12-08 20:22:00
2332,178,4780,68,129,2026-01-14 15:46:00
2333,177,4942,67,179,2024-07-07 18:00:00
2334,172,4516,69,159,2025-08-16 15:27:00
2335,76,4688,68,72,2024-01-24 16:55:00
2336,123,4646,68,119,2024-01-20 18:50:00
2337,7,5005,67,157,2025-02-04 14:59:00
2338,154,4501,65,100,2025-05-12 22:25:00
2339,90,4839,65,132,2024-03-10 16:42:00
2340,125,4667,63,171,2024-12-25 14:27:00
2341,147,5028,65,143,2025-06-20 06:18:00
2342,93,4764,66,33,2024-06-01 08:12:00
2343,79,4708,66,133,2024-08-01 15:49:00
2344,111,4839,62,179,2024-02-15 18:16:00
2345,39,4572,65,47,2024-01-23 21:05:00
2346,73,4463,68,52,2025-04-21 20:29:00
2347,3,4574,61,83,2025-04-05 18:43:00
2348,98,5049,63,72,2024-12-14 19:14:00
2349,73,4844,67,42,2025-04-30 10:57:00
2350,27,4975,61,154,2024-05-11 19:54:00
2351,138,4974,70,79,2025-01-05 07:28:00
2352,165,4409,61,50,2024-12-30 18:48:00
2353,197,4629,63,91,2025-01-29 20:28:00
2354,88,4993,67,140,2025-07-23 09:48:00
2355,40,4639,68,50,2025-05-19 15:19:00
2356,38,4606,65,43,2025-03-12 21:34:00
2357,127,4587,68,77,2024-03-16 12:03:00
2358,132,4666,70,128,2025-09-13 12:58:00
2359,138,5005,69,105,2024-12-12 20:09:00
2360,89,4970,63,98,2024-03-16 07:10:00
2361,167,4876,67,72,2025-01-26 09:36:00
2362,93,4412,62,90,2025-12-23 18:42:00
2363,128,4510,66,79,2024-04-10 20:24:00
2364,59,4830,69,178,2024-06-14 22:13:00
2365,164,4944,64,119,2025-04-06 11:55:00
2366,27,4527,64,46,2024-09-14 11:55:00
2367,197,4587,68,170,2025-06-27 22:15:00
2368,29,4856,62,52,2025-04-18 11:41:00
2369,139,4506,61,121,2026-01-06 12:47:00
2370,51,5017,65,40,2025-05-27 08:55:00
2371,124,4501,63,153,2025-01-15 15:39:00
2372,128,4435,70,42,2024-12-19 08:15:00
2373,87,4721,70,68,2025-12-03 18:08:00
2374,165,4950,65,154,2024-07-01 15:56:00
2375,160,4809,64,37,2024-06-18 21:27:00
2376,112,5110,63,60,2024-03-12 06:39:00
2377,11,4425,65,59,2024-07-13 21:49:00
2378,73,4487,64,62,2024-04-06 11:19:00
2379,29,4826,70,99,2025-01-09 06:37:00
2380,117,4492,67,45,2025-01-28 16:06:00
2381,37,5070,69,111,2025-05-24 09:49:00
2382,33,4640,64,34,2024-05-16 07:36:00
2383,26,4392,64,150,2025-08-13 09:09:00
2384,163,5053,65,144,2025-02-12 22:00:00
2385,33,4650,67,58,2025-04-09 19:43:00
2386,183,4479,64,115,2024-05-28 15:36:00
2387,30,4607,63,130,2024-12-16 13:45:00
2388,19,4423,67,46,2025-11-26 11:47:00
2389,129,4945,65,106,2025-03-13 08:37:00
2390,120,4579,66,89,2025-04-10 20:14:00
2391,78,5020,62,82,2024-11-06 19:21:00
2392,53,4706,67,131,2024-11-10 08:56:00
2393,147,4687,70,43,2024-12-26 11:47:00
2394,60,4955,69,167,2025-01-01 06:57:00
2395,21,4441,65,34,2024-04-04 20:28:00
2396,148,4518,65,179,2025-02-27 17:54:00
2397,111,5005,70,68,2024-06-06 15:08:00
2398,183,4761,69,172,2024-07-07 22:13:00
2399,111,4448,67,98,2024-05-04 16:09:00
2400,73,4882,61,129,2024-11-01 13:49:00
2401,73,4718,70,88,2025-10-12 07:10:00
2402,109,4403,64,62,2025-03-08 07:44:00
2403,88,4708,61,155,2024-07-13 09:07:00
2404,160,4755,63,158,2025-07-21 19:11:00
2405,120,4567,67,98,2025-11-21 15:20:00
2406,196,4638,67,171,2024-11-23 21:13:00
2407,158,4752,65,61,2024-08-16 10:03:00
2408,1,4550,68,69,2024-12-14 11:53:00
2409,130,4961,65,48,2024-12-11 11:00:00
2410,192,4899,69,66,2025-03-06 12:35:00
2411,169,4651,66,97,2025-10-13 09:23:00
2412,1,4585,69,73,2025-05-19 22:06:00
2413,57,4943,65,64,2025-09-11 07:32:00
2414,166,4812,66,66,2024-11-13 19:00:00
2415,81,4637,63,66,2024-01-27 16:24:00
2416,25,4428,70,111,2024-05-31 22:57:00
2417,50,4644,65,107,2025-05-25 08:06:00
2418,80,4835,61,81,2024-08-27 16:06:00
2419,12,4790,67,126,2025-05-15 22:25:00
2420,140,4709,69,150,2025-07-14 16:51:00
2421,84,4647,64,82,2024-12-02 15:58:00
2422,42,5065,64,63,2025-07-31 17:29:00
2423,114,5014,66,144,2025-03-14 22:28:00
2424,16,5020,63,60,2024-11-29 13:36:00
2425,56,4892,70,125,2024-12-25 06:08:00
2426,107,5001,64,148,2025-06-04 13:30:00
2427,191,4639,65,59,2025-04-01 16:20:00
2428,24,4824,68,151,2024-07-23 10:37:00
2429,145,5045,62,67,2024-12-20 16:16:00
2430,2,4456,62,127,2025-09-11 22:18:00
2431,20,5072,64,51,2024-02-07 14:01:00
2432,59,4735,63,112,2024-03-08 10:48:00
2433,148,4546,68,84,2025-01-26 06:22:00
2434,58,4930,69,54,2024-01-24 19:57:00
2435,170,4403,63,38,2025-10-08 11:27:00
2436,76,4639,68,133,2025-08-23 20:39:00
2437,64,4387,70,32,2025-05-22 20:03:00
2438,50,4442,66,124,2024-08-28 14:12:00
2439,60,5037,62,149,2024-02-10 13:13:00
2440,85,4851,70,63,2024-09-14 13:08:00
2441,34,4973,63,157,2025-04-10 21:39:00
2442,95,4592,62,140,2024-04-17 19:31:00
2443,68,5047,67,170,2024-05-29 06:50:00
2444,8,4718,69,98,2024-06-21 20:39:00
2445,26,4826,68,38,2024-12-10 14:45:00
2446,73,5087,63,122,2025-01-04 07:03:00
2447,144,5084,63,66,2024-03-16 15:24:00
2448,118,4817,64,77,2025-02-22 16:26:00
2449,120,4557,62,116,2024-02-07 08:20:00
2450,199,4934,67,40,2024-10-13 22:32:00
2451,78,4916,62,140,2024-12-02 06:21:00
2452,82,4941,66,93,2024-02-27 09:13:00
2453,72,4996,68,95,2025-03-11 19:58:00
2454,148,4665,62,98,2024-06-07 21:20:00
2455,91,4625,65,82,2025-09-07 07:58:00
2456,59,4999,62,127,2025-04-16 20:17:00
2457,133,4588,64,154,2024-10-11 12:25:00
2458,103,4835,64,150,2025-08-25 07:59:00
2459,49,4428,69,69,2025-11-03 14:49:00
2460,73,4879,64,85,2025-06-10 11:45:00
2461,101,5017,69,122,2025-03-12 18:21:00
2462,72,4921,64,79,2024-02-16 17:25:00
2463,136,4765,61,53,2025-09-18 08:16:00
2464,180,4926,64,173,2025-10-17 20:36:00
2465,6,4720,69,164,2025-03-27 07:43:00
2466,159,4903,63,76,2024-11-27 08:15:00
2467,29,4759,63,61,2025-12-13 20:27:00
2468,137,4529,61,178,2024-06-06 19:57:00
2469,125,4723,69,64,2024-02-28 18:57:00
2470,89,4449,66,153,2024-01-22 18:21:00
2471,86,4450,63,60,2025-07-02 14:49:00
2472,41,4386,67,176,2025-10-17 20:32:00
2473,28,4504,63,140,2024-09-26 22:58:00
2474,11,4990,61,49,2025-08-02 11:12:00
2475,155,4675,68,48,2025-01-07 08:48:00
2476,77,4961,65,95,2025-10-27 07:38:00
2477,17,4648,64,54,2024-03-27 07:40:00
2478,162,4582,67,95,2025-02-10 08:53:00
2479,80,4827,62,104,2024-12-20 08:07:00
2480,93,5103,69,69,2024-09-01 17:54:00
2481,5,4476,63,90,2025-08-13 18:52:00
2482,149,4602,68,150,2025-10-08 20:29:00
2483,190,4961,61,76,2024-06-20 14:33:00
2484,165,4654,67,147,2025-04-06 14:38:00
2485,20,5004,68,67,2025-01-13 18:19:00
2486,103,4406,65,126,2025-09-01 06:13:00
2487,16,4948,63,142,2025-06-06 10:05:00
2488,140,4802,66,121,2024-12-12 19:36:00
2489,166,4776,66,87,2024-11-24 17:10:00
2490,197,4979,64,67,2025-07-07 16:08:00
2491,171,4687,67,160,2024-10-05 13:40:00
2492,146,4518,64,163,2024-11-19 17:56:00
2493,161,5058,68,62,2024-10-25 12:03:00
2494,43,4596,70,131,2025-05-15 18:31:00
2495,116,4600,65,84,2024-10-22 15:11:00
2496,121,4764,63,83,2025-02-16 19:08:00
2497,170,4574,61,116,2025-08-27 10:54:00
2498,191,4626,62,118,2025-08-28 15:14:00
2499,163,4689,63,110,2025-11-14 09:34:00
2500,197,4579,65,157,2025-07-18 12:08:00
2501,6,4731,62,120,2025-04-15 08:56:00
2502,27,4408,67,140,2024-04-23 10:34:00
2503,66,4465,65,33,2025-08-22 09:30:00
2504,36,4461,63,79,2024-04-20 10:59:00
2505,33,4910,68,109,2025-12-26 08:25:00
2506,58,4970,67,63,2024-02-11 15:17:00
2507,27,4848,62,74,2025-11-23 19:13:00
2508,145,4403,65,45,2025-06-20 21:38:00
2509,96,4986,64,107,2025-11-06 10:45:00
2510,23,5042,69,68,2025-08-10 06:32:00
2511,59,4538,70,46,2025-05-16 22:21:00
2512,114,4986,67,157,2024-09-18 13:16:00
2513,59,5102,68,75,2025-06-16 18:23:00
2514,86,4718,68,161,2025-10-26 10:29:00
2515,189,5084,62,172,2025-03-27 18:32:00
2516,84,4397,66,38,2024-11-04 06:34:00
2517,96,4919,65,155,2025-07-26 21:26:00
2518,102,4495,63,79,2024-11-17 20:03:00
2519,89,4781,64,111,2024-08-28 08:21:00
2520,129,4956,64,128,2024-02-18 21:25:00
2521,200,4462,66,78,2025-02-17 22:34:00
2522,121,4957,70,135,2025-12-09 17:02:00
2523,163,4789,66,150,2025-12-27 09:13:00
2524,97,5073,68,117,2024-10-26 20:02:00
2525,88,4703,66,58,2024-04-25 14:05:00
2526,95,4781,64,167,2025-10-06 15:42:00
2527,110,4395,67,55,2025-10-13 11:56:00
2528,78,4498,64,111,2025-11-13 06:45:00
2529,151,4785,67,39,2024-12-12 17:40:00
2530,196,4952,68,149,2025-04-19 08:20:00
2531,42,4439,68,171,2024-07-02 08:47:00
2532,148,4699,70,47,2025-07-07 21:32:00
2533,88,4715,62,71,2024-03-09 15:12:00
2534,3,4643,64,154,2025-05-27 17:02:00
2535,4,4812,68,106,2025-06-15 21:04:00
2536,167,4446,61,43,2024-08-22 16:35:00
2537,105,4948,63,169,2025-01-09 13:03:00
2538,112,4919,69,178,2025-11-21 08:56:00
2539,157,4946,62,101,2025-07-12 07:10:00
2540,175,4900,66,85,2024-04-03 21:54:00
2541,113,4545,61,104,2024-06-03 10:32:00
2542,158,4945,68,94,2024-08-18 14:12:00
2543,6,4426,63,77,2024-05-25 21:44:00
2544,48,4669,70,132,2025-11-27 10:51:00
2545,139,4669,62,33,2025-09-20 13:59:00
2546,112,4747,63,175,2024-08-09 16:20:00
2547,134,4555,63,125,2026-01-10 13:29:00
2548,128,4624,70,46,2024-11-13 10:18:00
2549,120,4870,62,107,2025-04-22 11:40:00
2550,180,4618,62,104,2024-10-03 17:50:00
2551,154,4763,67,143,2025-03-19 20:37:00
2552,134,4443,67,100,2024-12-28 10:23:00
2553,96,4490,66,179,2024-04-18 09:32:00
2554,46,4563,70,97,2024-04-18 10:13:00
2555,198,5107,64,33,2024-11-18 14:32:00
2556,80,4455,69,39,2024-11-06 10:26:00
2557,76,5037,67,150,2024-09-21 16:27:00
2558,25,4840,66,113,2024-05-05 22:31:00
2559,132,4527,68,172,2025-10-19 10:29:00
2560,69,4412,62,68,2024-08-05 09:24:00
2561,113,4480,63,86,2025-09-14 17:04:00
2562,41,4795,66,158,2024-11-23 12:30:00
2563,191,4961,65,118,2025-05-10 08:38:00
2564,112,5084,62,113,2024-12-03 11:54:00
2565,126,4553,63,104,2024-08-04 09:44:00
2566,52,4449,67,144,2025-01-27 11:11:00
2567,167,4580,66,47,2025-12-21 13:58:00
2568,14,4706,67,47,2025-09-22 09:31:00
2569,192,4755,63,86,2025-03-20 13:00:00
2570,29,4627,63,33,2024-09-12 09:40:00
2571,24,4524,67,58,2025-12-15 21:36:00
2572,119,4929,64,85,2025-10-18 20:16:00
2573,197,4996,62,156,2024-07-19 19:17:00
2574,130,4973,66,105,2025-01-19 08:38:00
2575,76,4674,66,91,2025-09-02 10:49:00
2576,147,4570,65,172,2025-01-19 09:01:00
2577,180,4846,62,147,2025-02-02 11:46:00
2578,14,4518,69,169,2025-03-06 11:20:00
2579,27,4898,61,62,2025-07-01 22:37:00
2580,149,5002,70,146,2024-03-17 12:18:00
2581,68,4751,66,137,2025-11-26 22:00:00
2582,54,4594,62,34,2024-04-03 07:06:00
2583,5,4453,63,147,2025-10-03 20:25:00
2584,125,4586,64,102,2025-12-25 14:14:00
2585,8,4672,63,110,2025-08-26 06:42:00
2586,66,4715,68,161,2025-05-17 14:54:00
2587,87,4741,62,34,2024-03-07 17:08:00
2588,41,4838,63,37,2024-12-20 22:59:00
2589,87,4448,63,170,2024-11-20 07:19:00
2590,150,5031,68,61,2025-07-06 18:00:00
2591,84,4759,67,153,2024-12-31 22:26:00
2592,114,4525,61,118,2024-07-08 21:39:00
2593,15,4398,68,153,2025-05-22 21:14:00
2594,186,4541,67,119,2024-06-11 22:39:00
2595,16,4829,61,153,2024-10-08 12:39:00
2596,175,4784,68,151,2024-04-25 09:10:00
2597,56,4645,65,113,2024-03-25 09:58:00
2598,82,4532,69,170,2025-02-18 11:29:00
2599,1,4756,62,148,2024-02-27 14:49:00
2600,76,4723,68,137,2025-12-06 20:22:00
2601,104,4410,67,167,2024-08-16 07:27:00
2602,168,4933,66,51,2024-09-23 11:44:00
2603,97,4405,68,141,2025-08-29 09:27:00
2604,193,4966,64,109,2024-11-21 08:46:00
2605,135,5019,70,74,2025-10-05 19:28:00
2606,75,4601,65,88,2025-09-02 07:57:00
2607,172,4467,68,173,2025-04-19 20:03:00
2608,122,5067,68,149,2025-05-22 11:10:00
2609,179,4786,66,47,2025-02-26 10:19:00
2610,1,4689,64,120,2024-06-24 19:57:00
2611,195,4722,61,65,2024-10-12 21:52:00
2612,64,4877,70,41,2024-04-16 17:49:00
2613,59,4715,61,76,2025-07-27 13:38:00
2614,164,4809,66,154,2025-08-01 12:30:00
2615,196,4556,63,68,2025-02-01 12:48:00
2616,125,4880,67,68,2024-11-08 15:28:00
2617,103,5015,64,61,2024-04-04 09:50:00
2618,69,4827,66,131,2025-09-03 07:48:00
2619,118,5017,70,59,2025-04-08 21:27:00
2620,62,4393,68,58,2025-04-29 12:57:00
2621,109,4947,66,88,2024-02-04 06:51:00
2622,21,4433,67,102,2025-07-06 10:12:00
2623,186,4400,66,50,2024-04-10 14:53:00
2624,144,4407,66,178,2024-02-14 11:44:00
2625,173,4620,66,60,2024-10-14 09:39:00
2626,33,4899,65,64,2025-11-15 20:26:00
2627,55,4906,65,34,2024-04-20 06:28:00
2628,161,4386,68,160,2025-03-04 19:02:00
2629,184,4668,63,35,2025-12-24 14:16:00
2630,175,4931,69,140,2024-02-11 18:12:00
2631,37,4798,63,122,2025-12-28 11:06:00
2632,83,4695,64,166,2024-12-04 14:17:00
2633,62,5077,63,75,2024-02-12 20:56:00
2634,84,4426,62,36,2025-03-23 19:27:00
2635,81,5001,65,151,2025-08-16 14:34:00
2636,108,4385,62,143,2024-10-20 15:51:00
2637,77,4585,62,177,2024-11-14 18:49:00
2638,39,4436,68,90,2025-02-01 18:10:00
2639,102,4572,63,142,2025-04-21 06:56:00
2640,143,4694,69,49,2024-07-23 20:32:00
2641,89,5051,67,76,2025-11-23 17:06:00
2642,179,4870,70,94,2025-07-30 11:56:00
2643,27,4476,67,161,2024-03-17 12:02:00
2644,8,4879,65,172,2025-12-17 08:36:00
2645,19,4828,61,115,2025-09-17 18:03:00
2646,33,4935,64,139,2025-02-23 21:27:00
2647,168,4780,61,107,2025-03-08 18:25:00
2648,105,4720,66,32,2025-04-07 20:33:00
2649,53,4770,68,56,2025-12-17 21:35:00
2650,195,4499,62,151,2025-08-23 14:35:00
2651,118,5088,62,43,2024-09-29 22:29:00
2652,37,4412,65,60,2024-08-29 19:19:00
2653,5,4823,62,124,2025-01-23 22:29:00
2654,200,4911,70,139,2025-10-06 18:26:00
2655,22,4754,64,69,2024-12-23 19:16:00
2656,167,4597,65,128,2024-02-28 22:25:00
2657,15,4971,62,157,2024-07-15 08:57:00
2658,107,4915,63,85,2024-06-30 07:15:00
2659,106,4976,65,72,2025-10-04 22:27:00
2660,41,4738,62,136,2024-06-18 10:36:00
2661,127,4569,65,77,2024-04-18 09:00:00
2662,178,5008,63,65,2024-05-23 06:17:00
2663,43,5084,66,42,2025-04-27 08:23:00
2664,143,5043,67,33,2025-10-26 11:52:00
2665,136,5085,64,55,2025-09-01 06:53:00
2666,20,4505,66,53,2024-08-13 15:19:00
2667,143,5049,63,116,2025-02-05 10:47:00
2668,33,4564,65,111,2024-02-29 21:49:00
2669,111,4829,70,39,2024-08-23 20:14:00
2670,77,5011,63,35,2025-07-05 16:22:00
2671,14,4552,63,135,2025-09-26 20:42:00
2672,146,4704,70,50,2025-10-12 15:31:00
2673,37,4536,66,121,2025-06-14 19:28:00
2674,90,4706,68,137,2024-12-18 13:30:00
2675,50,4830,68,78,2025-01-21 12:54:00
2676,41,4867,63,165,2025-08-29 17:16:00
2677,30,4426,67,168,2024-10-18 22:29:00
2678,98,4936,68,71,2024-02-02 08:05:00
2679,154,4822,65,47,2024-04-28 16:11:00
2680,19,4592,62,162,2025-02-03 07:49:00
2681,46,4696,64,135,2026-01-13 19:38:00
2682,28,4856,66,96,2025-06-25 19:01:00
2683,89,5029,62,153,2024-11-10 22:05:00
2684,75,4953,70,144,2025-12-25 14:48:00
2685,165,4491,70,43,2024-11-24 06:05:00
2686,72,5000,70,63,2025-08-09 07:26:00
2687,183,4520,61,83,2024-06-06 15:24:00
2688,158,5079,67,36,2024-12-17 16:53:00
2689,24,4659,64,66,2024-11-14 14:17:00
2690,112,4559,64,40,2024-05-02 11:52:00
2691,86,4940,62,126,2026-01-05 17:44:00
2692,7,4399,63,149,2024-08-31 22:49:00
2693,196,4443,67,62,2024-01-29 11:51:00
2694,48,4826,67,102,2025-01-10 09:51:00
2695,70,4410,70,172,2025-08-23 09:32:00
2696,196,4982,62,68,2025-05-06 11:49:00
2697,45,4539,61,171,2024-09-12 21:05:00
2698,124,5021,61,31,2025-03-15 07:53:00
2699,79,4489,69,35,2024-03-14 12:03:00
2700,161,4421,65,76,2024-12-18 14:09:00
2701,135,4720,66,60,2025-02-20 13:59:00
2702,36,5103,63,31,2025-05-15 21:51:00
2703,22,4479,63,96,2024-02-23 17:18:00
2704,143,4825,67,70,2025-06-14 16:35:00
2705,137,4381,67,147,2024-12-16 11:28:00
2706,85,4673,62,118,2024-04-29 09:48:00
2707,131,4625,70,88,2025-06-11 08:14:00
2708,101,5000,65,42,2025-04-14 21:16:00
2709,18,4926,63,30,2024-11-22 07:52:00
2710,182,4466,61,125,2025-05-30 10:14:00
2711,63,4952,66,124,2024-06-10 06:44:00
2712,26,5066,64,129,2025-09-07 11:41:00
2713,118,5052,68,51,2024-05-29 07:13:00
2714,165,4542,63,31,2025-10-05 06:53:00
2715,66,5062,63,65,2025-02-21 17:29:00
2716,23,4580,67,121,2025-04-26 15:48:00
2717,182,4525,63,54,2024-04-06 20:04:00
2718,66,4481,65,179,2025-06-20 10:36:00
2719,59,5080,68,131,2024-03-21 17:49:00
2720,137,4817,61,67,2025-10-13 15:45:00
2721,159,4476,67,49,2024-04-14 10:42:00
2722,103,4473,62,177,2024-09-28 12:33:00
2723,141,4520,63,160,2025-10-12 15:41:00
2724,106,4875,69,169,2024-05-04 19:03:00
2725,178,4683,68,120,2024-07-11 17:36:00
2726,156,4457,64,64,2024-05-08 19:24:00
2727,17,5089,70,73,2025-10-16 13:04:00
2728,45,4389,64,134,2024-10-26 18:56:00
2729,59,4752,69,45,2024-03-18 19:09:00
2730,119,4386,68,139,2025-01-19 19:50:00
2731,188,4583,65,176,2025-09-24 17:07:00
2732,1,4408,68,124,2025-04-16 15:10:00
2733,24,4943,64,161,2024-07-13 21:20:00
2734,132,4900,62,61,2025-12-22 19:27:00
2735,127,4813,67,112,2024-09-14 16:26:00
2736,64,5027,68,64,2024-08-31 07:20:00
2737,185,4985,64,95,2024-10-07 21:54:00
2738,174,4857,68,111,2025-07-20 12:33:00
2739,184,4913,70,177,2025-01-31 14:39:00
2740,177,4934,65,156,2025-11-26 18:38:00
2741,129,4780,62,50,2025-05-18 13:09:00
2742,198,4392,67,55,2024-03-06 16:39:00
2743,3,5061,67,170,2025-06-23 15:15:00
2744,98,4699,63,157,2024-10-26 08:10:00
2745,153,4936,67,103,2025-09-07 17:36:00
2746,199,4802,63,111,2025-12-04 06:05:00
2747,197,4707,67,47,2025-08-19 18:14:00
2748,70,4971,66,71,2025-10-07 09:02:00
2749,58,4829,64,44,2024-12-25 10:18:00
2750,87,4408,64,134,2024-05-24 18:40:00
2751,100,4708,61,69,2025-01-02 06:34:00
2752,13,4913,65,116,2025-08-01 16:46:00
2753,113,4396,70,163,2024-07-16 07:58:00
2754,21,4840,70,45,2025-10-28 20:50:00
2755,192,4829,65,132,2025-10-26 08:10:00
2756,105,4793,70,62,2025-06-19 09:30:00
2757,125,4998,61,59,2024-06-09 09:39:00
2758,125,4539,64,125,2024-10-05 06:08:00
2759,26,4723,66,40,2024-10-15 08:05:00
2760,30,4672,69,75,2024-09-28 16:34:00
2761,186,4826,65,124,2025-07-05 06:44:00
2762,144,4825,69,31,2024-12-20 17:35:00
2763,95,4896,65,90,2024-07-06 15:58:00
2764,7,4393,70,32,2025-06-06 14:32:00
2765,136,4519,61,167,2024-02-26 17:41:00
2766,95,4751,67,93,2024-07-10 18:03:00
2767,69,4676,65,56,2024-08-21 17:16:00
2768,7,5072,62,77,2024-06-19 06:32:00
2769,131,5086,68,60,2025-12-12 12:55:00
2770,137,4620,64,85,2025-10-11 06:18:00
2771,163,4538,66,85,2024-06-22 11:02:00
2772,53,4443,61,90,2025-09-15 08:52:00
2773,70,4897,68,34,2024-08-01 13:03:00
2774,190,4723,68,97,2024-02-25 18:06:00
2775,25,4442,66,105,2024-05-01 12:33:00
2776,85,4461,70,153,2024-05-23 13:42:00
2777,110,4886,65,63,2026-01-08 15:13:00
2778,75,4738,64,31,2024-11-27 16:52:00
2779,14,4745,62,179,2024-08-12 09:02:00
2780,50,5097,62,140,2025-01-17 22:39:00
2781,158,5007,64,87,2024-12-24 20:51:00
2782,10,4632,61,141,2025-07-16 18:28:00
2783,55,4581,61,118,2024-12-05 06:12:00
2784,2,4848,69,44,2024-04-04 19:06:00
2785,40,5049,68,101,2024-04-27 14:13:00
2786,142,4780,65,167,2025-11-06 13:42:00
2787,146,4552,65,31,2024-06-16 13:47:00
2788,101,4673,66,50,2024-02-26 15:25:00
2789,18,4388,65,122,2025-01-13 17:19:00
2790,9,4736,68,134,2025-02-28 14:31:00
2791,200,4732,70,50,2025-10-01 16:22:00
2792,74,5057,64,114,2024-06-12 06:25:00
2793,31,4997,69,62,2025-02-07 08:17:00
2794,83,5004,63,84,2024-04-04 07:22:00
2795,177,4896,68,73,2025-01-24 07:22:00
2796,50,4812,65,173,2024-08-26 17:40:00
2797,196,4869,66,83,2025-08-19 17:21:00
2798,49,4999,68,86,2025-09-14 14:13:00
2799,164,4762,62,78,2025-01-13 11:21:00
2800,183,4953,66,53,2024-03-17 08:05:00
2801,3,4902,70,65,2024-09-07 12:16:00
2802,181,4406,63,44,2024-06-29 21:26:00
2803,172,5064,70,120,2024-03-27 09:34:00
2804,165,5001,63,135,2025-03-10 18:42:00
2805,28,4798,61,38,2024-10-22 09:39:00
2806,198,4794,62,152,2024-07-18 07:09:00
2807,162,4746,64,140,2025-05-17 16:04:00
2808,150,5022,61,156,2025-05-12 18:31:00
2809,148,4447,68,164,2025-08-04 13:49:00
2810,173,4522,69,176,2025-01-04 07:01:00
2811,76,4476,69,66,2024-07-09 12:16:00
2812,80,4796,69,143,2025-04-23 15:31:00
2813,193,4404,67,144,2024-12-17 20:31:00
2814,23,5063,61,150,2025-02-09 08:44:00
2815,7,4696,70,146,2025-04-09 10:50:00
2816,177,4517,66,68,2025-01-14 10:01:00
2817,165,4589,70,49,2024-11-25 15:06:00
2818,28,4802,67,36,2024-09-20 08:05:00
2819,133,5024,66,46,2024-04-08 06:56:00
2820,95,4861,65,53,2025-09-14 06:27:00
2821,5,4851,63,135,2024-11-07 13:39:00
2822,134,5012,68,167,2024-05-07 17:29:00
2823,33,5031,69,56,2024-11-28 08:30:00
2824,60,4816,70,100,2025-11-25 15:07:00
2825,77,5059,63,117,2025-09-21 09:31:00
2826,125,5004,69,49,2025-09-12 07:59:00
2827,10,4484,62,90,2024-07-04 19:55:00
2828,19,4598,68,84,2025-07-26 17:38:00
2829,81,4602,63,65,2024-08-16 09:37:00
2830,4,4664,68,153,2024-02-15 22:55:00
2831,47,4737,64,126,2024-03-29 08:10:00
2832,197,4768,66,124,2025-02-08 09:42:00
2833,64,5104,66,161,2024-10-29 12:11:00
2834,9,5059,64,48,2025-08-19 10:07:00
2835,147,4555,69,89,2025-11-01 07:44:00
2836,105,4786,68,130,2024-03-01 10:01:00
2837,175,4769,67,88,2025-01-22 11:50:00
2838,184,4647,69,104,2024-12-24 20:49:00
2839,141,4755,63,71,2025-08-05 07:18:00
2840,71,4772,61,81,2024-03-06 15:19:00
2841,25,4381,64,123,2025-07-24 20:37:00
2842,109,4602,69,78,2025-12-21 15:53:00
2843,16,4872,62,177,2024-12-03 13:37:00
2844,85,4846,62,146,2024-01-22 20:12:00
2845,37,5091,66,62,2025-04-27 16:08:00
2846,92,4570,70,123,2024-03-05 17:04:00
2847,161,4877,64,47,2024-07-15 09:35:00
2848,127,4942,69,69,2025-03-11 11:19:00
2849,77,4822,62,108,2025-06-16 19:14:00
2850,164,4466,65,55,2025-01-26 19:56:00
2851,3,4384,65,178,2024-09-16 14:59:00
2852,122,4410,68,34,2024-10-18 16:16:00
2853,130,4718,65,32,2024-03-28 17:53:00
2854,76,4839,61,36,2024-07-04 11:25:00
2855,189,4489,70,112,2025-05-22 21:58:00
2856,114,4745,63,81,2025-04-16 10:26:00
2857,134,4644,67,58,2024-01-28 18:24:00
2858,176,4833,65,35,2025-07-30 20:52:00
2859,11,4446,65,63,2025-11-09 22:28:00
2860,40,4445,67,106,2024-03-19 07:07:00
2861,111,4711,69,161,2025-04-14 10:16:00
2862,130,4469,63,179,2025-11-20 20:34:00
2863,177,4830,68,177,2025-08-31 11:29:00
2864,62,4521,66,59,2025-11-02 06:11:00
2865,171,5057,61,167,2024-02-25 16:34:00
2866,104,4408,67,45,2024-03-11 12:42:00
2867,185,4802,62,116,2024-07-27 10:15:00
2868,104,4741,64,74,2024-10-24 12:15:00
2869,95,4913,68,134,2025-04-21 16:19:00
2870,158,4619,63,116,2024-08-28 07:14:00
2871,113,4403,66,69,2025-06-04 12:00:00
2872,191,4914,64,83,2024-04-17 06:13:00
2873,57,4733,69,122,2024-08-16 17:27:00
2874,13,4628,61,49,2025-10-14 13:39:00
2875,125,4469,70,53,2025-10-02 06:17:00
2876,55,4880,69,69,2024-06-06 16:48:00
2877,89,4845,61,55,2025-03-20 10:59:00
2878,22,4810,63,160,2025-07-15 06:11:00
2879,131,4866,63,114,2025-12-28 08:57:00
2880,51,5074,62,173,2024-04-01 21:08:00
2881,104,4738,62,100,2025-12-31 17:03:00
2882,101,4520,69,87,2025-06-19 13:58:00
2883,46,4507,70,64,2025-08-26 11:12:00
2884,149,4685,67,53,2024-01-30 09:09:00
2885,61,4892,67,153,2024-11-10 20:48:00
2886,28,4967,68,83,2024-06-30 15:14:00
2887,9,4947,63,88,2025-07-01 19:09:00
2888,58,4451,61,133,2025-06-05 10:56:00
2889,198,4525,67,133,2024-10-03 08:06:00
2890,91,4678,61,102,2024-03-16 19:34:00
2891,180,4485,69,44,2025-10-04 20:14:00
2892,89,4881,70,152,2024-12-02 19:37:00
2893,1,4972,70,136,2025-04-29 19:58:00
2894,110,4872,62,180,2024-03-01 06:06:00
2895,14,4451,62,161,2025-08-01 15:02:00
2896,63,4458,66,134,2025-10-25 10:28:00
2897,33,4854,61,96,2025-08-26 10:47:00
2898,73,5087,65,176,2024-12-12 22:02:00
2899,97,4703,62,156,2025-08-08 13:11:00
2900,45,5015,62,159,2025-07-10 09:32:00
2901,159,4389,64,104,2024-07-25 19:47:00
2902,63,4668,68,121,2024-11-08 16:58:00
2903,51,4487,70,69,2024-09-07 21:59:00
2904,153,4643,67,32,2025-01-04 11:14:00
2905,186,4452,69,139,2025-03-08 17:25:00
2906,165,4904,61,71,2024-05-23 06:13:00
2907,148,4673,70,123,2024-02-21 19:05:00
2908,173,4765,66,149,2025-07-01 19:12:00
2909,17,4853,61,179,2025-07-13 13:47:00
2910,145,4854,62,175,2025-05-04 21:23:00
2911,109,4773,66,61,2024-05-29 16:15:00
2912,52,4580,69,139,2024-03-28 11:04:00
2913,194,4406,69,48,2025-04-26 19:18:00
2914,194,5045,63,67,2025-05-28 07:22:00
2915,50,4840,62,129,2024-03-18 07:53:00
2916,187,4611,61,143,2025-05-17 08:12:00
2917,145,5101,64,165,2025-08-21 06:58:00
2918,37,4946,69,121,2025-06-14 17:37:00
2919,31,4675,61,118,2025-02-18 16:47:00
2920,50,4899,68,89,2025-05-02 17:35:00
2921,44,4648,64,53,2025-11-13 22:34:00
2922,159,4902,68,127,2025-12-14 15:34:00
2923,19,4495,69,63,2024-11-20 18:04:00
2924,2,5041,70,97,2024-12-14 13:07:00
2925,95,5095,65,72,2025-02-19 21:45:00
2926,96,4954,66,136,2025-03-03 14:32:00
2927,1,4825,65,36,2025-11-28 21:50:00
2928,165,4574,61,163,2024-06-22 06:37:00
2929,167,4412,68,90,2025-01-19 10:28:00
2930,85,4844,68,107,2024-10-23 06:51:00
2931,19,5016,66,83,2024-03-13 15:42:00
2932,29,5097,62,126,2025-11-05 21:23:00
2933,195,4902,65,40,2025-02-21 10:26:00
2934,174,4499,69,33,2024-05-27 19:32:00
2935,154,5104,68,35,2024-04-09 09:20:00
2936,28,4776,64,88,2024-06-16 20:41:00
2937,8,5060,64,50,2025-04-17 13:39:00
2938,191,4506,67,100,2026-01-07 22:26:00
2939,198,4493,66,138,2025-01-22 06:40:00
2940,149,5061,61,83,2024-07-17 12:45:00
2941,71,4438,65,174,2025-01-23 06:22:00
2942,18,4776,65,134,2025-12-10 15:56:00
2943,45,4734,61,106,2025-02-19 20:30:00
2944,142,4445,66,73,2025-07-05 09:08:00
2945,137,4987,67,87,2025-11-27 16:38:00
2946,53,4474,61,167,2025-09-14 11:02:00
2947,40,4780,67,177,2025-09-07 10:21:00
2948,101,4769,66,79,2024-04-02 08:30:00
2949,55,4466,61,72,2025-07-23 14:38:00
2950,10,4659,69,154,2024-10-21 09:28:00
2951,39,5074,70,118,2024-12-24 17:48:00
2952,164,4625,69,77,2025-05-22 11:29:00
2953,74,4609,65,88,2025-09-23 22:43:00
2954,96,4560,66,88,2025-02-07 09:35:00
2955,80,4766,61,32,2025-11-29 17:42:00
2956,148,4783,67,99,2025-09-03 06:12:00
2957,100,4418,66,123,2024-12-22 06:04:00
2958,17,5103,62,74,2025-05-17 20:39:00
2959,57,4820,68,123,2024-03-28 15:42:00
2960,199,4510,61,103,2024-02-13 14:26:00
2961,156,4650,70,40,2024-02-25 18:49:00
2962,4,5066,61,113,2024-02-17 10:26:00
2963,145,4990,66,174,2025-01-14 20:52:00
2964,192,4554,66,66,2025-01-16 09:26:00
2965,99,4995,66,164,2026-01-03 20:31:00
2966,107,4837,68,156,2025-07-13 11:35:00
2967,115,5043,70,42,2024-09-18 09:33:00
2968,49,4572,64,78,2025-01-02 08:46:00
2969,3,4725,70,133,2024-03-02 08:49:00
2970,125,4527,70,117,2025-01-10 18:19:00
2971,65,4531,69,91,2024-08-13 08:48:00
2972,161,4895,66,167,2025-09-02 07:34:00
2973,76,4783,61,70,2025-01-23 13:06:00
2974,140,4856,63,120,2024-04-14 13:31:00
2975,65,5008,68,83,2025-12-13 13:13:00
2976,175,4498,67,117,2024-06-25 08:14:00
2977,111,4560,68,30,2026-01-17 22:50:00
2978,2,5049,70,95,2025-04-20 22:17:00
2979,122,4975,70,121,2025-05-02 17:09:00
2980,66,4782,64,155,2025-08-30 12:34:00
2981,136,4694,69,90,2025-04-26 16:40:00
2982,32,4556,62,70,2025-04-21 09:25:00
2983,136,4952,62,125,2025-08-06 20:13:00
2984,82,4763,67,148,2025-03-27 13:32:00
2985,38,4848,62,124,2024-08-01 12:38:00
2986,15,4504,70,103,2025-10-27 11:20:00
2987,185,4736,63,43,2025-12-02 09:10:00
2988,74,4692,69,89,2024-04-26 10:16:00
2989,179,4878,62,33,2025-09-06 07:10:00
2990,93,5012,63,40,2025-07-05 13:05:00
2991,136,4507,64,30,2025-08-08 20:49:00
2992,37,5036,65,106,2024-10-07 18:09:00
2993,133,4699,63,128,2024-09-18 09:12:00
2994,150,4521,66,64,2025-11-18 16:04:00
2995,107,4629,61,171,2025-08-28 11:38:00
2996,200,4856,69,149,2024-10-14 10:53:00
2997,170,4924,62,170,2025-05-10 10:08:00
2998,175,4941,64,107,2025-05-19 17:31:00
2999,145,4746,65,124,2024-03-09 13:37:00
3000,75,4580,68,108,2024-11-26 12:03:00
3001,167,4871,65,107,2025-11-02 22:47:00
3002,22,4676,63,86,2024-10-25 21:19:00
3003,162,4959,66,86,2025-03-18 07:11:00
3004,99,4980,70,135,2024-05-31 08:25:00
3005,21,4630,63,101,2025-07-17 21:18:00
3006,126,4796,70,94,2025-05-26 07:19:00
3007,86,4781,65,50,2025-10-11 21:27:00
3008,32,4652,62,113,2025-12-20 18:54:00
3009,32,4900,69,41,2025-09-16 06:34:00
3010,70,4755,65,61,2025-08-15 09:34:00
3011,114,4604,62,98,2025-07-11 17:16:00
3012,133,4992,62,106,2025-08-12 09:10:00
3013,44,4507,62,72,2024-10-13 14:54:00
3014,168,4801,61,126,2025-07-15 15:07:00
3015,108,4447,61,44,2025-06-09 17:13:00
3016,2,4581,68,34,2025-05-30 06:46:00
3017,162,5103,69,106,2024-07-05 10:21:00
3018,193,4731,61,62,2025-11-11 14:18:00
3019,133,4617,65,68,2025-06-07 17:17:00
3020,20,4628,65,108,2025-05-27 22:42:00
3021,98,4786,70,79,2025-01-06 17:50:00
3022,175,4856,62,30,2024-12-18 17:26:00
3023,143,4784,65,39,2024-11-14 06:37:00
3024,37,4497,69,137,2024-12-01 13:48:00
3025,133,4764,61,128,2024-06-05 19:23:00
3026,66,4421,61,166,2025-10-16 21:45:00
3027,61,5101,61,49,2024-11-27 22:45:00
3028,111,5071,66,43,2026-01-14 21:35:00
3029,16,4481,66,130,2025-12-24 07:43:00
3030,193,5012,70,178,2024-05-16 08:50:00
3031,161,4541,65,46,2024-10-09 13:13:00
3032,168,5000,63,169,2024-04-17 06:59:00
3033,19,4774,65,56,2024-11-04 11:50:00
3034,50,5061,65,99,2025-06-05 19:10:00
3035,190,4599,68,129,2025-04-02 18:05:00
3036,31,4792,65,108,2026-01-07 15:21:00
3037,145,4968,70,54,2024-04-04 20:59:00
3038,175,4882,69,70,2024-03-05 22:15:00
3039,79,4633,64,163,2024-02-08 06:55:00
3040,16,4734,70,73,2024-06-21 18:02:00
3041,172,5033,63,99,2024-02-10 12:37:00
3042,68,4950,61,135,2024-06-19 08:33:00
3043,92,4483,65,141,2025-09-09 19:05:00
3044,167,4813,68,85,2025-04-27 16:31:00
3045,181,4687,62,43,2025-10-19 21:07:00
3046,110,4400,69,89,2024-06-14 06:00:00
3047,197,4626,66,94,2025-11-22 19:35:00
3048,180,4684,66,62,2024-07-01 19:05:00
3049,182,4860,63,106,2025-07-08 21:00:00
3050,61,4393,65,98,2025-12-03 11:12:00
3051,142,4606,63,158,2025-08-23 10:04:00
3052,190,5057,64,71,2025-07-23 20:54:00
3053,141,4403,66,67,2024-09-23 07:17:00
3054,58,4456,65,78,2024-05-12 07:36:00
3055,60,4520,62,99,2024-03-10 14:59:00
3056,13,4775,65,30,2025-04-23 08:55:00
3057,110,4974,64,106,2025-02-26 13:12:00
3058,53,5029,67,134,2025-06-04 17:30:00
3059,169,5010,69,136,2025-03-22 11:09:00
3060,40,4622,62,98,2025-01-04 21:41:00
3061,144,4836,67,145,2025-03-21 22:46:00
3062,86,4674,68,58,2024-09-30 12:15:00
3063,26,4393,66,108,2024-10-16 10:37:00
3064,92,4847,65,122,2025-05-25 12:22:00
3065,130,5007,63,40,2025-06-18 16:20:00
3066,101,4946,64,104,2025-06-07 14:49:00
3067,99,4845,62,73,2026-01-16 20:02:00
3068,190,4892,66,42,2024-04-21 16:56:00
3069,53,4971,67,162,2025-01-26 21:27:00
3070,100,4672,68,111,2024-02-27 15:54:00
3071,60,5009,63,166,2025-03-31 21:56:00
3072,72,4471,67,148,2024-11-22 21:21:00
3073,65,4569,66,81,2025-07-18 20:58:00
3074,193,4436,66,77,2024-12-22 16:31:00
3075,17,4381,68,86,2025-03-14 10:31:00
3076,118,4738,62,180,2024-06-28 06:41:00
3077,49,4752,66,131,2025-09-15 21:43:00
3078,175,4403,69,81,2025-06-25 18:34:00
3079,113,4770,66,154,2024-12-13 18:43:00
3080,76,4639,69,58,2024-03-29 20:58:00
3081,90,4568,70,37,2025-01-15 20:28:00
3082,27,4518,66,43,2025-09-21 10:34:00
3083,105,4836,67,37,2024-11-12 20:44:00
3084,102,4738,61,151,2024-04-22 10:33:00
3085,159,4651,68,172,2026-01-06 20:19:00
3086,194,4813,65,35,2024-10-26 12:46:00
3087,27,4602,68,123,2024-04-14 18:36:00
3088,63,4776,63,132,2025-12-13 13:29:00
3089,5,4838,66,116,2025-09-25 21:18:00
3090,55,4453,70,142,2024-11-20 09:38:00
3091,153,4713,63,55,2025-05-13 15:31:00
3092,120,4391,69,151,2024-01-29 10:39:00
3093,148,4832,70,69,2024-06-27 19:29:00
3094,157,4709,64,167,2024-11-11 17:35:00
3095,186,4669,66,46,2024-06-18 16:32:00
3096,113,5074,66,112,2025-06-16 09:42:00
3097,56,4961,69,169,2025-10-22 09:54:00
3098,161,4462,67,32,2025-08-14 10:34:00
3099,109,4529,66,117,2024-12-20 08:57:00
3100,126,4701,70,93,2025-10-12 17:25:00
3101,130,4742,67,73,2025-01-14 11:05:00
3102,56,4817,65,140,2025-12-31 10:07:00
3103,122,4454,61,132,2025-02-04 14:19:00
3104,146,4567,64,37,2025-01-24 10:37:00
3105,176,4972,63,40,2025-02-24 07:27:00
3106,8,4760,64,81,2024-09-16 12:53:00
3107,160,5022,64,68,2025-06-27 14:45:00
3108,19,4758,67,48,2025-08-24 12:01:00
3109,154,4393,66,52,2025-02-25 20:28:00
3110,137,4663,65,102,2025-06-10 21:28:00
3111,118,4550,70,72,2025-06-19 11:04:00
3112,2,4385,69,104,2025-04-29 21:13:00
3113,65,4747,61,36,2025-01-30 08:33:00
3114,31,4394,67,85,2024-12-11 15:16:00
3115,171,4728,63,93,2024-07-22 09:50:00
3116,40,4654,65,77,2024-04-25 22:23:00
3117,84,4616,63,174,2025-11-30 16:05:00
3118,23,5037,61,68,2025-10-04 16:12:00
3119,74,4731,63,136,2025-07-21 06:14:00
3120,13,4570,62,44,2025-08-01 18:51:00
3121,177,4869,64,87,2025-12-21 07:09:00
3122,69,4604,63,174,2025-12-20 13:47:00
3123,183,5012,65,167,2024-08-27 19:41:00
3124,39,4445,63,173,2024-10-27 17:45:00
3125,121,4951,63,103,2025-08-14 12:48:00
3126,42,4411,66,67,2025-08-09 10:43:00
3127,152,4937,70,76,2025-10-13 20:31:00
3128,21,4981,62,146,2025-03-08 17:51:00
3129,158,4622,69,66,2024-08-31 09:24:00
3130,31,4720,61,122,2025-02-17 15:31:00
3131,103,4756,65,38,2024-11-22 21:17:00
3132,176,4839,70,99,2025-04-27 09:56:00
3133,168,4626,64,52,2024-07-07 20:17:00
3134,34,4471,67,83,2025-04-14 08:07:00
3135,124,4970,69,156,2024-06-04 18:25:00
3136,178,4480,70,95,2025-10-22 08:15:00
3137,66,4397,69,154,2025-01-31 08:32:00
3138,9,4384,70,136,2025-04-04 09:22:00
3139,174,4958,61,157,2025-11-02 15:37:00
3140,33,4559,65,155,2024-01-31 09:51:00
3141,3,4572,68,104,2025-11-02 20:32:00
3142,147,4871,65,171,2025-02-02 17:18:00
3143,125,4898,70,116,2025-10-22 20:07:00
3144,62,4828,64,63,2026-01-09 20:55:00
3145,31,4634,69,76,2025-04-07 19:41:00
3146,143,4471,68,125,2024-06-10 22:40:00
3147,24,4423,68,114,2025-04-22 17:59:00
3148,180,5019,66,177,2025-02-15 17:58:00
3149,82,4646,61,108,2025-08-13 06:21:00
3150,52,4870,67,52,2024-07-24 16:20:00
3151,198,5045,67,70,2024-05-11 16:33:00
3152,198,4450,70,160,2025-01-04 11:01:00
3153,45,4668,64,97,2025-11-22 22:13:00
3154,91,4481,61,174,2025-11-12 10:21:00
3155,37,4980,63,134,2026-01-11 21:00:00
3156,113,4553,70,160,2024-07-04 14:38:00
3157,75,4428,65,166,2025-10-10 12:19:00
3158,78,4481,63,32,2025-05-17 19:33:00
3159,105,5020,70,46,2025-03-28 15:13:00
3160,99,4541,67,151,2025-06-30 20:21:00
3161,180,4769,63,70,2024-11-22 17:43:00
3162,84,4557,66,58,2025-05-03 10:37:00
3163,193,4958,66,113,2025-12-01 12:37:00
3164,91,4700,68,63,2024-10-07 21:33:00
3165,129,4561,67,175,2025-07-18 21:46:00
3166,136,4616,63,93,2024-02-29 13:27:00
3167,176,4709,67,31,2024-11-24 11:59:00
3168,34,4512,62,70,2025-05-07 12:38:00
3169,87,4413,63,51,2024-11-05 20:59:00
3170,42,4748,63,116,2025-07-16 17:09:00
3171,177,5056,61,44,2024-11-24 11:40:00
3172,178,5107,64,126,2025-05-11 22:54:00
3173,28,4735,61,137,2024-09-11 19:29:00
3174,152,4718,61,45,2025-11-17 18:00:00
3175,84,4650,61,72,2025-05-25 20:10:00
3176,100,4403,62,48,2024-02-06 16:25:00
3177,6,4898,69,39,2024-01-28 16:03:00
3178,183,4682,64,122,2026-01-01 07:11:00
3179,151,4889,64,107,2025-07-10 13:42:00
3180,74,4605,70,70,2025-04-17 22:57:00
3181,27,4543,61,133,2024-11-04 12:46:00
3182,26,4987,61,110,2025-08-07 15:09:00
3183,187,5085,62,124,2025-04-10 18:19:00
3184,51,4765,63,84,2024-02-23 22:48:00
3185,82,5025,66,162,2025-09-29 22:43:00
3186,12,4838,69,43,2025-09-28 10:32:00
3187,80,4942,68,80,2025-11-11 21:32:00
3188,181,4577,64,75,2025-03-03 12:01:00
3189,54,4894,63,97,2025-03-22 06:20:00
3190,144,4955,66,105,2025-04-24 08:06:00
3191,7,4655,66,62,2024-03-04 20:02:00
3192,29,4479,62,62,2025-09-29 22:40:00
3193,155,4755,69,67,2025-09-11 08:12:00
3194,117,4479,69,160,2025-04-30 07:32:00
3195,88,4664,62,157,2024-01-20 11:32:00
3196,99,4758,61,56,2025-01-26 06:33:00
3197,182,4880,67,77,2024-10-26 07:21:00
3198,24,4605,66,62,2025-02-10 09:44:00
3199,136,4742,63,78,2024-11-04 10:24:00
3200,43,4898,69,30,2025-02-14 17:11:00
3201,13,4415,66,99,2024-10-06 13:29:00
3202,130,4475,62,152,2025-09-26 11:11:00
3203,14,4601,69,69,2025-05-03 19:12:00
3204,12,4984,69,64,2024-08-10 13:14:00
3205,84,4775,62,129,2024-02-22 10:56:00
3206,67,4781,69,96,2024-05-27 21:21:00
3207,147,4754,65,34,2024-07-11 15:50:00
3208,129,4822,63,106,2024-08-18 06:35:00
3209,24,4958,65,179,2024-08-13 15:00:00
3210,35,4522,67,131,2024-06-02 21:34:00
3211,111,4735,64,93,2024-10-08 06:05:00
3212,60,5007,69,129,2024-09-23 22:26:00
3213,153,4558,64,104,2024-07-15 17:55:00
3214,163,4438,64,109,2024-07-19 08:02:00
3215,138,4490,62,31,2025-05-24 10:31:00
3216,127,4975,61,47,2024-08-22 09:21:00
3217,33,4452,68,112,2025-01-12 09:02:00
3218,30,4492,69,126,2024-08-05 14:48:00
3219,53,5022,70,106,2024-02-21 20:12:00
3220,88,5090,70,162,2025-09-18 20:18:00
3221,135,4531,62,50,2024-08-30 20:44:00
3222,194,4888,64,50,2025-02-22 11:07:00
3223,52,4910,67,95,2025-03-22 10:42:00
3224,118,4449,66,137,2024-08-22 08:52:00
3225,46,4431,63,45,2025-10-27 09:23:00
3226,61,4419,68,166,2025-03-20 11:58:00
3227,171,4661,62,119,2025-12-07 08:43:00
3228,18,4497,68,55,2024-01-28 09:38:00
3229,99,4404,62,36,2024-03-19 07:37:00
3230,2,4780,70,159,2025-05-10 11:04:00
3231,34,4638,68,165,2024-07-13 21:25:00
3232,19,4924,68,107,2024-02-14 22:54:00
3233,31,4782,63,155,2025-02-18 07:21:00
3234,171,4950,69,46,2024-07-12 10:19:00
3235,102,4652,68,161,2024-02-04 18:51:00
3236,101,4423,61,150,2024-07-25 20:10:00
3237,129,4637,63,101,2025-12-21 21:21:00
3238,92,4839,67,72,2024-07-24 21:01:00
3239,132,4923,65,49,2025-01-27 22:18:00
3240,189,4750,69,148,2024-01-31 17:37:00
3241,160,4701,67,178,2024-11-19 17:38:00
3242,151,4668,69,74,2025-09-04 20:51:00
3243,79,4645,66,108,2025-07-30 18:41:00
3244,28,5036,70,125,2024-03-10 21:07:00
3245,102,4971,67,148,2025-08-02 11:21:00
3246,26,5078,64,101,2025-09-08 06:16:00
3247,74,4428,62,180,2024-10-28 12:38:00
3248,118,4810,68,132,2024-11-30 06:25:00
3249,39,4686,69,148,2024-04-02 08:23:00
3250,5,5032,64,172,2025-02-13 20:50:00
3251,128,4946,67,159,2024-10-29 07:21:00
3252,171,4669,65,55,2026-01-04 19:13:00
3253,156,5025,64,90,2024-05-24 13:07:00
3254,157,4415,70,30,2024-12-14 09:17:00
3255,177,4444,64,151,2024-08-28 19:09:00
3256,118,4546,67,131,2025-10-29 17:30:00
3257,26,4874,67,51,2024-06-10 18:10:00
3258,160,4959,69,80,2024-03-16 19:07:00
3259,59,4386,69,50,2025-05-14 14:28:00
3260,161,4715,70,48,2025-10-01 15:57:00
3261,72,4719,69,165,2025-05-09 20:43:00
3262,100,4432,68,143,2024-03-06 20:17:00
3263,108,4644,69,138,2024-02-12 18:29:00
3264,158,4699,63,121,2024-12-06 06:32:00
3265,50,4807,62,76,2024-03-06 16:12:00
3266,179,4868,68,119,2024-09-09 19:45:00
3267,9,4547,61,125,2025-04-01 11:14:00
3268,187,4767,67,133,2024-05-14 06:24:00
3269,44,4394,64,160,2024-03-09 20:01:00
3270,151,4633,68,67,2024-08-09 06:41:00
3271,186,5100,65,44,2025-11-27 17:37:00
3272,153,4625,68,46,2024-03-18 22:41:00
3273,138,4975,64,142,2024-05-07 19:25:00
3274,125,4965,66,50,2025-07-19 20:32:00
3275,119,4575,62,132,2026-01-05 09:20:00
3276,74,5029,68,176,2025-02-09 20:13:00
3277,12,5078,61,133,2025-08-12 18:01:00
3278,14,5059,65,180,2025-05-02 09:55:00
3279,122,4812,70,34,2024-01-24 21:38:00
3280,78,4437,66,56,2025-09-24 22:01:00
3281,60,4461,66,107,2024-04-05 13:11:00
3282,52,5012,70,110,2025-02-03 07:12:00
3283,173,4473,65,51,2025-08-16 14:44:00
3284,165,4897,69,92,2025-03-19 12:03:00
3285,4,5086,65,143,2025-07-02 10:12:00
3286,130,4730,68,100,2024-12-18 15:00:00
3287,101,4525,70,59,2025-10-05 12:43:00
3288,101,5041,67,138,2025-02-01 11:16:00
3289,37,4410,70,171,2025-01-27 20:05:00
3290,13,4419,62,87,2025-05-06 08:19:00
3291,42,4628,66,55,2024-01-21 15:45:00
3292,134,4624,64,152,2024-04-12 21:01:00
3293,64,4705,68,177,2024-11-16 09:40:00
3294,123,4976,67,115,2025-04-18 21:49:00
3295,190,4411,65,81,2024-10-10 09:38:00
3296,40,4683,64,82,2025-07-31 06:35:00
3297,33,4968,64,87,2024-11-03 11:31:00
3298,179,4435,62,136,2025-12-16 16:33:00
3299,197,4859,67,179,2024-03-04 13:35:00
3300,133,4840,69,55,2026-01-15 21:00:00
3301,89,5033,67,152,2025-04-13 12:26:00
3302,180,4444,67,162,2024-09-28 20:08:00
3303,49,4513,66,128,2025-11-03 12:28:00
3304,133,4531,62,134,2024-05-27 15:49:00
3305,155,4566,68,106,2024-05-06 09:30:00
3306,131,4882,67,76,2025-12-25 17:09:00
3307,89,4920,70,115,2024-09-03 18:36:00
3308,101,4833,69,93,2024-11-25 09:17:00
3309,88,4610,61,38,2024-05-29 09:38:00
3310,87,4624,66,35,2025-05-02 07:22:00
3311,12,4961,68,45,2024-11-06 06:48:00
3312,113,5071,61,121,2024-03-21 07:10:00
3313,106,4864,61,167,2025-12-12 18:39:00
3314,57,4586,67,70,2024-07-17 10:22:00
3315,127,5078,63,140,2025-02-21 19:12:00
3316,179,4867,62,148,2024-07-31 07:41:00
3317,120,4550,70,170,2025-10-29 10:11:00
3318,129,4934,64,170,2024-08-31 18:16:00
3319,192,4501,63,150,2025-05-21 19:57:00
3320,98,4562,67,113,2024-11-23 12:48:00
3321,23,4873,69,148,2025-11-04 12:57:00
3322,162,4436,69,141,2024-11-18 06:45:00
3323,124,4987,63,131,2025-12-30 11:16:00
3324,34,4404,68,139,2025-11-18 11:13:00
3325,181,4589,69,42,2025-10-23 18:42:00
3326,138,5060,61,59,2024-06-07 09:11:00
3327,94,4410,64,175,2024-03-27 21:15:00
3328,135,4928,68,128,2024-07-03 19:40:00
3329,9,4914,67,63,2025-01-06 06:55:00
3330,133,4408,66,96,2026-01-12 20:31:00
3331,192,4509,65,114,2025-10-27 18:31:00
3332,62,4792,63,47,2024-09-28 11:40:00
3333,22,4983,64,44,2024-04-27 07:53:00
3334,57,4443,62,107,2024-07-10 10:44:00
3335,141,4707,68,75,2024-09-21 17:49:00
3336,168,4409,62,165,2024-11-18 07:23:00
3337,122,4895,70,101,2025-04-30 10:43:00
3338,118,4495,69,32,2024-12-03 17:33:00
3339,32,4936,69,171,2024-07-27 21:25:00
3340,161,4812,67,159,2025-05-07 09:41:00
3341,41,5046,67,92,2024-11-19 18:22:00
3342,86,5104,70,37,2024-03-12 13:46:00
3343,179,4733,67,127,2024-07-15 11:15:00
3344,9,4836,64,91,2025-03-29 07:30:00
3345,103,4756,67,35,2025-09-28 10:51:00
3346,195,4812,69,164,2025-04-25 13:11:00
3347,146,4770,65,97,2025-11-09 06:23:00
3348,68,5030,62,108,2024-12-28 17:19:00
3349,21,4469,63,168,2025-02-22 16:22:00
3350,184,4952,68,133,2025-12-15 19:12:00
3351,12,4443,67,104,2025-02-08 20:04:00
3352,107,4525,65,158,2024-07-17 20:42:00
3353,8,5044,66,84,2024-10-09 09:35:00
3354,107,5062,61,150,2024-06-28 18:45:00
3355,83,4401,61,102,2026-01-12 11:04:00
3356,24,4784,64,33,2025-02-11 20:54:00
3357,151,4718,63,175,2024-02-24 18:58:00
3358,52,4633,65,122,2024-07-18 13:52:00
3359,68,4742,61,101,2026-01-03 13:55:00
3360,51,4573,65,98,2025-10-03 09:01:00
3361,161,4558,70,60,2025-12-30 15:04:00
3362,79,4902,65,78,2025-08-29 09:07:00
3363,24,4429,69,44,2025-08-20 20:50:00
3364,93,4820,70,92,2025-10-14 18:24:00
3365,14,4611,64,160,2024-03-18 21:00:00
3366,18,4944,61,117,2025-03-21 10:35:00
3367,104,4442,63,100,2025-12-20 10:05:00
3368,138,5001,67,133,2025-12-01 10:13:00
3369,31,4874,66,118,2024-09-05 08:46:00
3370,119,4568,61,145,2025-08-08 16:59:00
3371,148,4586,69,141,2025-03-04 12:33:00
3372,157,4827,65,178,2024-07-18 19:06:00
3373,43,4755,62,169,2024-11-25 17:41:00
3374,83,4406,68,154,2024-12-14 08:02:00
3375,35,5008,62,152,2024-01-23 11:39:00
3376,87,4641,69,99,2024-04-03 12:55:00
3377,25,4958,61,121,2025-05-12 20:47:00
3378,157,4968,68,171,2024-11-14 22:56:00
3379,119,4544,65,62,2025-02-17 09:58:00
3380,180,4819,64,45,2025-05-22 20:08:00
3381,11,4433,69,129,2025-11-07 06:55:00
3382,147,4500,61,116,2025-09-27 09:06:00
3383,118,5041,61,131,2026-01-14 08:45:00
3384,76,5005,68,38,2025-04-03 14:09:00
3385,39,4494,64,102,2024-09-24 12:17:00
3386,19,4758,66,170,2025-02-21 13:19:00
3387,107,4806,68,146,2024-10-22 17:55:00
3388,11,4590,66,108,2026-01-12 19:43:00
3389,116,4901,67,67,2024-10-14 14:39:00
3390,52,4906,68,146,2024-10-12 13:34:00
3391,91,5096,69,111,2025-01-13 06:44:00
3392,125,4940,69,177,2025-06-09 16:53:00
3393,40,4837,70,117,2024-05-15 08:25:00
3394,123,4405,68,79,2025-10-21 18:58:00
3395,83,4934,66,42,2024-06-23 09:51:00
3396,184,4546,63,149,2024-11-13 16:05:00
3397,140,4488,61,32,2025-10-24 10:12:00
3398,170,4634,68,178,2024-10-20 06:39:00
3399,26,4865,61,168,2025-08-22 17:49:00
3400,146,4961,68,142,2024-12-22 20:51:00
3401,38,4956,63,39,2024-03-21 13:02:00
3402,53,4976,70,92,2024-05-20 14:09:00
3403,29,4669,67,84,2024-12-27 07:05:00
3404,55,4993,70,149,2025-03-31 18:31:00
3405,16,5095,62,85,2024-08-07 14:38:00
3406,98,4999,69,74,2024-03-31 10:22:00
3407,59,4523,68,69,2025-04-19 18:45:00
3408,187,4557,64,141,2024-08-22 21:53:00
3409,62,4689,69,58,2025-02-15 13:53:00
3410,36,4814,69,41,2026-01-06 14:34:00
3411,45,5090,61,130,2024-09-27 16:08:00
3412,56,4741,70,42,2025-03-08 17:34:00
3413,62,4618,68,115,2025-06-27 22:56:00
3414,39,4818,67,98,2025-05-02 12:40:00
3415,88,4395,64,31,2024-10-23 14:02:00
3416,147,4567,65,41,2024-10-17 19:15:00
3417,108,4492,69,67,2024-03-16 17:58:00
3418,137,5033,62,41,2025-02-23 13:12:00
3419,163,4804,64,122,2025-07-07 22:11:00
3420,113,4572,63,144,2025-04-09 08:17:00
3421,45,4529,65,154,2024-09-14 20:44:00
3422,184,4508,65,47,2024-06-27 09:20:00
3423,34,4784,70,146,2025-11-23 22:29:00
3424,192,4785,62,87,2024-08-05 10:35:00
3425,75,4392,61,126,2024-04-11 21:42:00
3426,41,4429,66,141,2024-09-07 13:12:00
3427,39,4497,69,66,2024-08-18 14:31:00
3428,44,4935,69,114,2025-12-08 20:33:00
3429,154,4918,63,87,2024-10-04 10:59:00
3430,30,4879,63,166,2025-09-05 07:38:00
3431,139,4978,66,154,2024-01-29 18:03:00
3432,154,4960,67,34,2024-05-18 22:09:00
3433,82,4779,64,91,2024-05-22 18:45:00
3434,127,4646,67,50,2024-04-27 18:43:00
3435,195,4939,68,41,2026-01-03 11:34:00
3436,64,4881,65,158,2024-07-08 14:16:00
3437,106,4631,70,88,2025-10-25 06:20:00
3438,12,4893,67,149,2025-04-26 13:57:00
3439,87,5078,65,62,2024-03-13 08:46:00
3440,138,4817,64,38,2025-01-26 06:12:00
3441,138,4703,63,94,2024-04-18 14:25:00
3442,145,4475,70,90,2024-06-22 21:50:00
3443,8,4482,65,151,2024-04-13 19:52:00
3444,177,4431,65,152,2024-07-06 15:27:00
3445,86,4891,63,137,2025-08-13 17:44:00
3446,53,4743,69,84,2025-04-30 13:51:00
3447,158,4883,69,151,2024-04-27 08:32:00
3448,70,4956,62,136,2025-02-18 11:31:00
3449,11,4429,62,162,2025-06-12 10:00:00
3450,135,4727,62,87,2025-01-07 13:20:00
3451,44,4807,63,95,2024-10-15 14:09:00
3452,78,4668,65,140,2025-10-05 21:43:00
3453,109,4759,63,155,2025-08-25 16:31:00
3454,92,5020,61,152,2025-04-28 18:20:00
3455,104,4424,68,72,2024-07-15 07:13:00
3456,111,4969,61,79,2024-02-11 12:59:00
3457,154,4763,65,161,2025-03-16 06:19:00
3458,173,4489,61,159,2024-02-04 09:46:00
3459,172,4421,62,162,2025-12-30 06:00:00
3460,27,4692,63,85,2024-10-12 20:44:00
3461,33,4774,66,138,2024-07-23 21:52:00
3462,98,4883,68,150,2024-12-31 21:28:00
3463,57,4668,63,111,2025-12-26 13:46:00
3464,100,4424,62,141,2025-07-28 09:20:00
3465,35,4504,66,79,2025-07-26 11:08:00
3466,179,5059,65,138,2024-05-03 22:11:00
3467,83,4827,67,101,2024-11-23 22:02:00
3468,191,4506,62,177,2025-07-12 13:02:00
3469,71,4731,65,30,2024-02-10 22:27:00
3470,59,4965,67,90,2024-06-20 18:48:00
3471,28,4929,64,135,2024-07-26 18:24:00
3472,20,4426,65,135,2025-08-03 09:32:00
3473,160,4597,65,77,2025-03-28 15:32:00
3474,36,4752,70,68,2024-04-20 16:37:00
3475,144,4821,65,87,2025-05-26 19:24:00
3476,146,4730,68,44,2025-09-04 06:08:00
3477,69,4520,64,88,2025-06-18 19:49:00
3478,140,4729,69,171,2025-08-12 16:33:00
3479,139,4577,62,110,2025-04-02 19:22:00
3480,123,4474,64,127,2025-12-16 08:28:00
3481,159,4892,66,32,2024-01-18 07:23:00
3482,173,4962,64,128,2024-07-02 13:21:00
3483,200,4920,66,76,2025-09-12 07:27:00
3484,60,4998,70,163,2024-05-18 22:07:00
3485,117,4611,68,51,2025-12-15 09:04:00
3486,73,4836,65,53,2024-09-25 08:38:00
3487,47,4894,68,170,2024-06-10 13:18:00
3488,12,4397,63,52,2025-06-29 21:26:00
3489,163,4992,67,41,2024-10-25 08:08:00
3490,68,4410,64,69,2024-10-10 19:13:00
3491,130,4692,65,128,2025-06-09 09:08:00
3492,79,4969,69,180,2025-01-12 16:10:00
3493,43,5017,61,89,2024-07-09 10:04:00
3494,30,4530,61,47,2024-05-14 17:47:00
3495,120,4751,63,111,2024-09-09 17:39:00
3496,43,5017,69,62,2024-05-05 21:47:00
3497,150,4695,67,145,2024-04-19 17:49:00
3498,106,4825,65,46,2024-03-29 18:12:00
3499,57,5082,61,92,2024-05-07 06:56:00
3500,26,4663,67,87,2024-10-01 12:58:00
3501,120,4691,66,132,2025-09-16 18:09:00
3502,11,4772,61,177,2025-06-30 13:10:00
3503,80,4922,62,73,2025-07-17 12:00:00
3504,8,5024,70,69,2025-03-30 17:54:00
3505,137,4480,67,180,2026-01-15 06:02:00
3506,54,4467,69,67,2025-02-08 07:50:00
3507,122,4916,68,39,2024-03-27 21:54:00
3508,4,4748,69,81,2025-11-30 11:55:00
3509,44,4661,67,118,2024-09-29 22:17:00
3510,8,4883,65,163,2025-12-07 18:23:00
3511,186,4588,68,141,2025-10-11 09:09:00
3512,101,4590,70,68,2025-07-06 18:02:00
3513,105,4786,65,112,2025-09-29 16:51:00
3514,57,4670,69,154,2025-08-21 16:56:00
3515,109,4959,64,162,2025-08-01 15:02:00
3516,120,4899,65,149,2025-10-03 12:09:00
3517,190,4474,61,33,2024-05-05 19:42:00
3518,43,4815,67,47,2025-08-15 06:56:00
3519,66,5066,62,158,2025-09-28 09:34:00
3520,83,4708,70,36,2024-11-17 20:39:00
3521,190,4418,63,166,2024-04-12 10:32:00
3522,179,4510,66,179,2025-04-28 10:23:00
3523,169,5002,63,31,2024-05-13 07:52:00
3524,70,4631,66,133,2025-06-28 22:59:00
3525,153,4624,65,84,2024-04-22 12:06:00
3526,46,4966,61,97,2025-07-25 09:01:00
3527,122,4533,65,104,2025-02-22 10:00:00
3528,99,4910,67,127,2025-03-04 08:45:00
3529,94,5068,61,176,2025-11-06 09:53:00
3530,39,4987,63,144,2025-07-19 15:46:00
3531,146,4455,68,146,2025-06-16 10:25:00
3532,4,4995,70,119,2024-06-05 07:20:00
3533,151,4567,65,82,2025-09-18 22:27:00
3534,119,4779,68,178,2025-05-15 06:14:00
3535,153,4448,67,86,2025-02-13 06:30:00
3536,97,4959,62,103,2024-07-15 13:15:00
3537,178,4422,61,58,2025-05-10 07:45:00
3538,197,5100,61,179,2024-03-12 06:56:00
3539,129,4824,63,153,2024-05-11 16:42:00
3540,119,4432,63,76,2025-12-06 12:12:00
3541,124,4413,70,63,2025-06-22 16:48:00
3542,13,4739,66,168,2025-04-24 15:41:00
3543,44,4417,66,77,2024-02-08 10:03:00
3544,146,5109,68,80,2025-11-04 12:46:00
3545,73,4797,66,130,2026-01-13 06:50:00
3546,157,4664,62,121,2025-09-25 06:22:00
3547,84,4637,64,54,2025-07-08 19:30:00
3548,29,4427,67,178,2026-01-04 06:38:00
3549,144,4663,61,114,2024-09-19 11:12:00
3550,53,4713,66,124,2025-01-04 19:07:00
3551,125,4841,67,94,2025-12-20 21:11:00
3552,35,4567,68,36,2024-05-31 21:42:00
3553,150,4394,66,119,2024-05-27 20:33:00
3554,163,4963,69,132,2025-01-28 16:51:00
3555,116,4802,63,37,2024-09-25 19:34:00
3556,135,4964,64,106,2024-04-05 12:49:00
3557,112,4800,66,141,2024-10-05 10:07:00
3558,64,5083,69,84,2024-11-14 13:27:00
3559,22,5109,62,127,2025-11-03 21:13:00
3560,1,5050,70,85,2024-06-10 11:17:00
3561,93,4891,69,78,2024-07-18 11:52:00
3562,30,4546,65,87,2024-02-24 06:11:00
3563,115,4963,66,87,2025-10-16 17:32:00
3564,104,4820,67,126,2025-01-03 17:27:00
3565,195,4615,69,66,2025-07-06 15:45:00
3566,36,5089,69,139,2025-01-02 11:16:00
3567,100,4832,69,169,2025-01-11 22:23:00
3568,142,4777,67,116,2024-04-09 10:53:00
3569,37,4515,62,96,2024-05-30 14:45:00
3570,61,4987,62,35,2024-07-17 22:02:00
3571,9,4999,61,64,2024-11-05 06:57:00
3572,84,5013,63,160,2025-02-24 17:14:00
3573,15,4653,67,155,2024-03-27 11:41:00
3574,92,4759,65,36,2025-02-08 09:09:00
3575,68,4938,68,65,2025-05-26 16:43:00
3576,21,4957,62,84,2025-02-01 09:03:00
3577,60,4556,67,117,2025-12-23 16:27:00
3578,165,4409,65,86,2025-07-08 13:45:00
3579,28,4746,67,124,2024-09-21 08:18:00
3580,17,4722,64,80,2025-11-14 22:46:00
3581,59,4680,68,46,2025-07-04 14:50:00
3582,7,4542,69,72,2025-03-24 12:28:00
3583,158,4984,61,85,2024-10-13 15:42:00
3584,22,5026,69,135,2025-11-23 08:15:00
3585,167,4937,65,145,2025-01-10 17:04:00
3586,152,4902,61,74,2024-04-26 06:13:00
3587,23,5000,69,120,2024-01-18 11:34:00
3588,10,4827,65,173,2024-06-15 07:26:00
3589,125,4594,63,63,2025-04-05 22:33:00
3590,123,4985,61,73,2024-12-20 08:36:00
3591,198,4769,65,42,2024-04-07 12:27:00
3592,98,4808,62,157,2024-09-02 08:55:00
3593,147,4966,68,145,2025-09-02 22:20:00
3594,197,4469,67,51,2024-07-07 14:28:00
3595,64,4911,67,137,2024-04-28 06:38:00
3596,73,4959,63,72,2025-01-07 21:16:00
3597,98,4559,70,39,2025-06-04 07:27:00
3598,18,5098,62,85,2024-04-01 13:19:00
3599,6,4382,61,139,2024-06-19 12:37:00
3600,27,4458,70,119,2025-03-15 09:26:00
3601,139,4829,69,137,2025-11-12 07:26:00
3602,23,5010,69,148,2024-10-03 15:17:00
3603,61,4912,66,144,2024-04-09 12:42:00
3604,71,4544,67,41,2025-06-13 17:23:00
3605,2,4982,69,172,2024-04-14 08:23:00
3606,80,4748,61,100,2024-09-10 08:47:00
3607,50,4669,62,114,2024-08-25 22:10:00
3608,75,4894,65,114,2024-10-11 17:47:00
3609,79,4842,66,63,2024-12-30 06:50:00
3610,7,5070,62,170,2024-03-28 11:55:00
3611,70,4612,61,68,2024-03-09 08:43:00
3612,174,4760,64,133,2025-11-02 21:19:00
3613,115,4875,61,95,2024-03-14 09:18:00
3614,115,5059,68,48,2024-05-07 19:34:00
3615,73,4472,66,112,2025-06-15 22:51:00
3616,17,4437,69,140,2025-06-05 08:24:00
3617,135,4920,68,34,2024-08-30 12:00:00
3618,48,4862,69,74,2025-04-12 13:10:00
3619,45,4743,64,110,2024-07-26 17:12:00
3620,198,4972,67,57,2024-12-23 08:33:00
3621,24,4681,65,157,2024-05-11 17:25:00
3622,30,4434,64,42,2024-02-26 18:16:00
3623,175,4695,67,177,2024-05-26 12:06:00
3624,36,4852,66,87,2024-07-29 06:58:00
3625,168,4556,61,174,2024-11-04 13:02:00
3626,126,4598,70,138,2024-08-23 08:32:00
3627,193,4487,66,62,2024-01-20 17:08:00
3628,155,4916,63,163,2024-10-24 15:10:00
3629,7,4429,65,74,2025-11-05 11:35:00
3630,68,4826,64,137,2025-07-29 10:57:00
3631,199,4658,62,140,2025-04-01 10:03:00
3632,86,4529,69,154,2025-07-23 12:37:00
3633,97,4838,62,50,2025-06-03 09:03:00
3634,53,4908,69,122,2025-08-15 16:12:00
3635,10,4669,62,51,2024-04-30 10:39:00
3636,47,4702,70,133,2024-09-10 16:41:00
3637,142,4635,69,114,2025-01-05 15:04:00
3638,76,4490,63,35,2025-01-22 22:09:00
3639,183,5019,61,120,2024-04-04 20:43:00
3640,113,4715,68,106,2024-07-16 20:23:00
3641,106,5006,61,79,2025-04-03 20:45:00
3642,82,4951,68,166,2024-11-18 17:27:00
3643,107,5110,62,126,2024-07-05 22:39:00
3644,33,4699,63,161,2025-08-02 14:37:00
3645,7,4765,63,77,2024-11-07 08:43:00
3646,60,4431,67,130,2024-10-11 16:24:00
3647,178,4553,70,119,2024-06-26 09:21:00
3648,5,4980,63,147,2024-10-30 17:40:00
3649,159,5042,63,60,2024-11-29 21:32:00
3650,91,5072,65,45,2024-11-06 09:59:00
3651,90,4445,68,58,2024-09-02 18:28:00
3652,69,4834,68,67,2026-01-09 21:52:00
3653,180,4716,62,170,2024-08-21 14:22:00
3654,156,4868,67,94,2024-11-14 17:47:00
3655,129,4387,64,97,2025-01-19 13:35:00
3656,22,4752,62,53,2024-06-09 11:10:00
3657,25,4465,69,81,2025-09-26 19:57:00
3658,12,4394,64,31,2024-11-05 15:34:00
3659,38,4385,70,117,2025-09-29 08:56:00
3660,144,4945,62,154,2024-09-04 06:16:00
3661,67,4577,68,103,2025-11-12 13:56:00
3662,1,4715,67,60,2024-12-08 19:13:00
3663,137,4790,61,143,2025-06-11 09:21:00
3664,196,5067,67,135,2024-04-30 16:02:00
3665,33,5021,64,96,2024-10-30 16:01:00
3666,120,5007,68,41,2024-12-12 21:20:00
3667,22,4546,67,80,2025-12-24 14:37:00
3668,186,4758,66,150,2024-04-08 11:22:00
3669,14,4496,69,138,2024-01-30 13:17:00
3670,63,4529,70,31,2025-05-05 17:10:00
3671,33,4920,63,115,2024-11-14 07:04:00
3672,146,4653,69,75,2025-11-20 12:06:00
3673,66,4702,63,50,2024-03-15 15:17:00
3674,123,4460,61,144,2024-10-24 21:44:00
3675,11,4697,67,146,2025-08-04 10:47:00
3676,135,5011,69,134,2024-08-11 21:29:00
3677,109,4461,61,159,2024-09-03 22:35:00
3678,29,5023,64,37,2024-09-06 06:40:00
3679,13,4847,61,159,2024-09-18 18:44:00
3680,172,4553,66,118,2026-01-11 09:12:00
3681,130,4462,66,121,2024-06-01 06:56:00
3682,142,4969,64,155,2025-05-10 11:17:00
3683,148,4532,64,99,2025-03-09 12:04:00
3684,125,4563,66,114,2024-11-28 11:32:00
3685,77,4566,67,36,2024-10-26 06:43:00
3686,23,4735,69,167,2025-04-01 14:03:00
3687,82,4441,70,71,2025-04-13 15:18:00
3688,75,4841,69,40,2024-07-24 21:46:00
3689,47,4475,61,80,2025-02-19 16:44:00
3690,80,4507,69,162,2025-04-23 18:20:00
3691,169,5077,61,119,2024-06-21 17:13:00
3692,84,4423,70,68,2024-08-20 14:59:00
3693,145,4427,61,101,2024-06-20 08:46:00
3694,110,4926,67,101,2025-02-19 11:25:00
3695,100,4688,65,144,2024-05-15 20:13:00
3696,106,5052,70,53,2024-12-14 10:18:00
3697,119,4835,63,163,2024-07-26 16:57:00
3698,50,4854,63,43,2025-05-14 16:06:00
3699,149,4421,62,165,2025-09-10 15:16:00
3700,10,4902,69,96,2025-10-02 20:41:00
3701,4,4473,64,134,2025-08-11 14:12:00
3702,20,4447,67,81,2025-03-14 13:57:00
3703,175,4933,68,120,2025-06-07 07:33:00
3704,65,4525,64,135,2025-02-13 13:08:00
3705,132,5059,61,138,2025-08-27 08:04:00
3706,83,5005,67,152,2025-03-11 12:23:00
3707,128,4959,61,66,2024-06-01 08:35:00
3708,134,5085,70,62,2025-05-31 21:17:00
3709,162,4576,69,130,2024-02-26 09:42:00
3710,16,4950,62,176,2026-01-01 12:11:00
3711,169,5029,63,166,2024-12-23 12:46:00
3712,88,4643,62,41,2024-01-24 16:48:00
3713,16,4558,70,155,2026-01-10 10:05:00
3714,133,4972,63,152,2025-02-13 08:52:00
3715,159,4504,64,142,2024-03-23 15:31:00
3716,19,4932,67,178,2024-09-07 15:14:00
3717,36,4789,69,128,2024-09-14 08:05:00
3718,22,4952,64,93,2024-06-19 22:03:00
3719,122,4582,69,69,2024-04-30 14:09:00
3720,163,4447,64,157,2025-03-11 19:21:00
3721,133,5077,65,123,2024-11-30 16:29:00
3722,175,4740,68,167,2024-02-04 19:21:00
3723,144,5075,61,170,2025-11-17 11:24:00
3724,138,5025,65,110,2024-01-22 14:42:00
3725,56,4608,65,106,2025-05-24 08:57:00
3726,48,4590,66,139,2024-12-28 16:43:00
3727,42,4602,61,165,2024-09-27 18:33:00
3728,127,4938,64,155,2025-10-22 07:44:00
3729,143,4988,63,105,2025-10-15 07:31:00
3730,120,4808,68,50,2025-11-13 06:08:00
3731,11,4657,70,177,2025-06-04 21:23:00
3732,138,4740,61,126,2024-06-01 20:58:00
3733,42,4757,69,164,2025-08-01 07:11:00
3734,139,4395,69,36,2025-06-27 22:14:00
3735,134,4863,61,110,2024-02-16 11:59:00
3736,85,4433,61,72,2024-02-27 10:05:00
3737,18,4903,61,122,2024-12-07 07:06:00
3738,102,4554,66,45,2024-10-04 20:08:00
3739,138,4710,63,166,2026-01-10 08:21:00
3740,124,4413,69,130,2024-10-31 12:29:00
3741,128,4583,66,138,2024-11-12 21:33:00
3742,157,4470,68,151,2025-11-08 10:19:00
3743,105,4418,67,175,2025-07-09 19:13:00
3744,51,4760,62,85,2025-05-19 15:19:00
3745,35,4845,66,110,2024-09-05 06:04:00
3746,29,5026,68,120,2025-11-10 20:28:00
3747,30,4933,61,138,2025-04-18 13:47:00
3748,143,4658,62,67,2025-02-21 06:49:00
3749,158,4956,68,124,2025-02-13 06:05:00
3750,118,5049,69,105,2025-10-18 12:07:00
3751,29,4595,68,135,2024-04-11 22:23:00
3752,75,4853,62,45,2026-01-07 06:11:00
3753,46,4987,67,107,2024-11-19 09:06:00
3754,133,5108,69,94,2026-01-08 16:14:00
3755,92,4727,68,179,2025-04-04 06:48:00
3756,198,4725,66,167,2024-06-22 17:04:00
3757,120,4611,64,167,2025-03-03 11:29:00
3758,144,4544,64,96,2025-03-12 10:59:00
3759,90,4497,70,74,2024-02-10 09:21:00
3760,90,4727,61,72,2025-03-04 07:14:00
3761,129,5062,63,128,2024-06-18 20:48:00
3762,144,4981,66,38,2025-12-08 17:34:00
3763,151,5090,61,156,2025-09-19 12:23:00
3764,193,4892,70,63,2024-04-16 14:09:00
3765,63,4818,63,179,2024-06-20 10:06:00
3766,70,4422,64,71,2024-06-05 21:20:00
3767,37,4667,61,58,2024-10-20 15:35:00
3768,101,4403,69,118,2025-08-15 18:10:00
3769,134,4912,70,74,2025-09-15 13:39:00
3770,157,4540,68,124,2025-06-10 07:40:00
3771,127,4873,68,63,2025-05-17 06:20:00
3772,181,4398,70,64,2025-04-21 12:04:00
3773,114,4427,63,144,2025-09-05 16:18:00
3774,82,4913,64,80,2024-09-05 10:23:00
3775,63,5096,65,101,2025-08-10 09:46:00
3776,132,4601,61,154,2025-04-11 18:57:00
3777,92,4657,68,92,2025-12-23 19:06:00
3778,45,4926,68,149,2025-05-02 21:53:00
3779,100,4610,67,165,2024-05-22 20:32:00
3780,177,4510,67,100,2025-08-06 19:28:00
3781,90,5085,69,37,2024-10-09 17:08:00
3782,72,4587,70,102,2025-01-18 14:57:00
3783,66,5107,66,131,2026-01-17 09:30:00
3784,178,4482,62,75,2024-04-14 14:08:00
3785,170,4923,69,53,2024-02-20 17:19:00
3786,140,4690,70,177,2024-02-20 11:31:00
3787,52,4590,69,141,2024-02-19 09:39:00
3788,70,4530,67,150,2025-07-22 22:59:00
3789,38,4667,61,82,2025-02-07 17:08:00
3790,141,4854,64,51,2026-01-11 11:52:00
3791,29,4681,61,110,2025-01-28 13:27:00
3792,184,4754,64,82,2024-03-13 11:02:00
3793,26,5080,61,72,2025-07-01 15:57:00
3794,194,4679,62,81,2024-06-14 09:53:00
3795,46,4891,63,124,2024-09-17 18:47:00
3796,52,4546,63,68,2025-10-24 12:33:00
3797,108,4662,67,138,2024-06-13 18:07:00
3798,60,5088,69,126,2025-04-16 09:50:00
3799,111,4987,64,144,2025-11-11 08:35:00
3800,9,4885,67,87,2024-05-21 21:10:00
3801,69,4864,69,118,2024-07-18 06:15:00
3802,55,4779,65,51,2025-04-11 09:27:00
3803,177,4910,69,107,2024-10-27 14:48:00
3804,167,4822,64,135,2024-03-19 11:50:00
3805,155,4835,68,180,2025-06-09 11:59:00
3806,111,4828,65,134,2024-07-25 18:22:00
3807,53,4682,67,148,2024-03-20 12:56:00
3808,188,5093,61,64,2024-11-18 06:34:00
3809,4,4554,63,153,2025-01-05 15:13:00
3810,139,5078,62,82,2024-12-10 19:09:00
3811,187,4412,62,67,2024-05-19 18:10:00
3812,145,5082,62,31,2024-08-13 22:11:00
3813,194,4459,64,142,2024-02-22 19:05:00
3814,50,4651,66,97,2025-07-20 14:19:00
3815,142,4843,64,41,2025-02-14 11:20:00
3816,1,4529,70,118,2024-10-14 11:01:00
3817,181,5061,69,36,2025-02-03 07:48:00
3818,144,4516,62,58,2025-07-23 10:24:00
3819,11,4405,69,120,2025-10-30 15:47:00
3820,198,4595,68,169,2024-01-18 18:30:00
3821,150,5053,63,76,2025-09-04 14:34:00
3822,195,4645,61,87,2024-04-21 07:18:00
3823,113,5106,65,117,2025-04-11 15:01:00
3824,153,4952,65,41,2025-08-31 15:47:00
3825,165,5052,70,139,2025-06-27 06:49:00
3826,188,4902,63,96,2024-08-31 20:30:00
3827,70,4402,61,74,2024-06-22 21:52:00
3828,135,5083,69,144,2024-10-26 09:18:00
3829,50,4459,65,101,2025-08-23 12:25:00
3830,55,4703,62,35,2025-05-14 17:18:00
3831,47,5055,64,157,2024-02-21 18:11:00
3832,79,4786,66,177,2024-10-14 20:37:00
3833,125,4642,67,174,2024-10-19 13:53:00
3834,136,4783,66,35,2025-07-22 08:55:00
3835,80,5087,63,125,2024-09-06 13:02:00
3836,194,4950,67,128,2025-03-09 15:46:00
3837,95,4941,69,118,2025-11-30 08:35:00
3838,152,4523,66,150,2024-08-13 10:22:00
3839,84,5083,70,44,2025-12-02 20:17:00
3840,197,5038,66,61,2024-04-10 14:23:00
3841,42,4569,63,177,2025-07-01 10:01:00
3842,173,4412,67,68,2024-09-28 12:05:00
3843,196,4983,70,168,2025-01-29 21:04:00
3844,78,4692,65,53,2024-01-28 20:59:00
3845,72,5090,69,94,2024-11-12 15:23:00
3846,183,4472,67,98,2024-09-24 08:22:00
3847,126,4472,70,179,2024-09-10 08:48:00
3848,150,4870,70,108,2024-03-02 11:13:00
3849,76,4553,68,85,2025-11-13 22:00:00
3850,48,4460,63,75,2024-09-04 15:57:00
3851,11,4824,67,164,2025-07-10 13:40:00
3852,166,4889,68,89,2024-12-11 16:36:00
3853,47,4531,63,160,2024-04-15 18:20:00
3854,157,4541,61,130,2024-10-02 09:58:00
3855,96,5090,61,171,2024-07-15 11:47:00
3856,175,4587,67,146,2024-12-30 07:48:00
3857,130,4568,69,106,2025-11-07 13:11:00
3858,118,4421,63,87,2025-06-20 22:45:00
3859,52,5107,65,158,2025-02-26 08:00:00
3860,108,4831,66,72,2024-04-16 08:06:00
3861,116,4742,61,73,2024-02-23 15:28:00
3862,119,4751,65,129,2024-01-20 13:02:00
3863,114,4448,65,152,2025-09-12 20:38:00
3864,50,4976,66,172,2026-01-09 07:03:00
3865,75,4688,64,33,2025-08-30 07:35:00
3866,159,4522,65,73,2024-09-05 12:04:00
3867,143,5071,67,81,2025-09-17 17:57:00
3868,116,5051,62,176,2024-06-03 09:07:00
3869,175,4434,70,133,2024-08-13 22:35:00
3870,91,4391,62,89,2025-10-28 21:18:00
3871,93,5064,65,139,2025-07-05 17:29:00
3872,40,5065,65,173,2024-02-15 16:04:00
3873,185,5094,63,172,2024-03-31 16:42:00
3874,179,4829,68,166,2024-12-06 07:42:00
3875,81,5078,65,38,2024-04-10 09:22:00
3876,138,4592,67,54,2025-01-18 21:22:00
3877,122,5090,70,53,2024-08-28 07:12:00
3878,68,4939,64,114,2025-05-03 12:06:00
3879,97,4751,69,41,2024-08-13 07:42:00
3880,74,5020,67,113,2025-07-23 17:45:00
3881,57,4570,63,180,2024-01-31 10:31:00
3882,96,5068,64,76,2025-02-21 11:12:00
3883,140,4412,62,90,2025-05-26 17:54:00
3884,104,4449,62,53,2025-11-26 08:48:00
3885,23,4428,61,155,2024-10-15 17:57:00
3886,68,4842,70,173,2024-09-21 17:04:00
3887,98,4487,63,162,2024-05-08 19:42:00
3888,144,4615,67,45,2024-02-14 14:32:00
3889,10,4843,67,118,2024-03-27 17:32:00
3890,59,4644,69,120,2024-05-25 16:15:00
3891,34,4638,69,131,2025-02-09 19:57:00
3892,83,4767,61,107,2025-02-11 09:35:00
3893,58,4566,65,163,2025-06-26 10:11:00
3894,87,5003,70,55,2025-09-11 20:38:00
3895,77,4500,65,66,2025-03-23 16:48:00
3896,66,4758,66,136,2024-06-07 14:32:00
3897,65,5095,62,168,2024-12-12 19:07:00
3898,25,4552,66,52,2025-09-15 08:06:00
3899,39,4598,66,121,2024-07-19 07:41:00
3900,163,4398,62,144,2024-02-17 20:35:00
3901,199,4530,66,136,2025-09-03 17:04:00
3902,6,5033,67,162,2024-01-28 18:08:00
3903,93,4747,65,147,2025-12-03 21:29:00
3904,77,4548,63,66,2025-03-03 15:05:00
3905,94,4563,68,52,2026-01-07 06:15:00
3906,127,4727,67,108,2025-06-22 22:41:00
3907,12,4474,64,118,2025-10-23 18:27:00
3908,26,4748,65,115,2025-01-06 13:30:00
3909,71,5099,63,112,2025-04-09 18:41:00
3910,156,4428,68,95,2024-10-14 06:33:00
3911,186,4921,64,83,2025-07-13 19:33:00
3912,16,4582,69,42,2026-01-12 10:37:00
3913,111,5087,64,142,2024-04-28 16:32:00
3914,159,4881,70,67,2024-10-22 11:12:00
3915,196,4751,61,95,2025-10-15 10:52:00
3916,83,4907,63,63,2025-11-23 14:55:00
3917,87,4398,62,157,2025-02-23 17:17:00
3918,155,5058,61,171,2025-09-04 10:07:00
3919,96,4627,70,92,2025-01-28 12:10:00
3920,95,4694,62,52,2025-12-01 06:25:00
3921,175,4447,63,37,2024-05-03 17:57:00
3922,141,4480,64,158,2025-12-26 18:44:00
3923,35,4744,66,134,2024-09-30 18:18:00
3924,73,4576,65,83,2024-11-30 17:35:00
3925,192,4749,68,150,2024-10-28 09:08:00
3926,149,5009,70,172,2024-11-09 06:12:00
3927,122,4546,64,115,2024-06-23 16:34:00
3928,73,4759,62,167,2024-11-30 17:11:00
3929,34,4476,61,84,2025-03-07 13:30:00
3930,18,4768,62,90,2024-08-28 13:01:00
3931,169,4431,68,128,2024-04-08 20:48:00
3932,1,4577,67,37,2024-04-29 07:29:00
3933,52,4849,63,162,2026-01-09 14:52:00
3934,2,4506,68,152,2025-10-10 06:39:00
3935,24,5040,67,146,2026-01-15 06:06:00
3936,12,4677,63,78,2025-04-23 11:17:00
3937,67,4948,61,54,2025-02-03 11:06:00
3938,64,4588,62,79,2025-11-22 19:12:00
3939,167,4517,62,135,2024-10-18 15:52:00
3940,49,4750,62,162,2024-06-05 17:22:00
3941,191,5110,70,93,2025-07-22 18:42:00
3942,80,4926,62,67,2024-08-03 11:23:00
3943,24,4436,65,40,2024-04-18 10:22:00
3944,125,4886,62,168,2025-08-19 18:00:00
3945,51,4467,63,172,2025-08-09 11:02:00
3946,70,5012,67,98,2024-10-08 11:26:00
3947,36,4470,66,73,2025-01-28 10:02:00
3948,162,5006,69,47,2025-04-26 06:10:00
3949,93,4462,68,57,2024-03-21 22:44:00
3950,91,4433,61,85,2024-09-02 15:41:00
3951,164,4836,62,61,2024-12-29 19:15:00
3952,117,5002,66,177,2025-04-28 20:53:00
3953,190,4693,64,174,2025-11-11 19:20:00
3954,90,4569,66,42,2025-12-16 12:24:00
3955,147,4824,68,70,2024-09-12 14:43:00
3956,151,4795,67,106,2024-09-26 15:01:00
3957,159,4881,63,131,2025-08-04 08:13:00
3958,129,4876,64,133,2025-06-16 09:12:00
3959,10,5009,68,172,2024-05-13 15:57:00
3960,161,4837,66,34,2025-07-27 14:22:00
3961,15,4826,67,129,2024-09-16 12:20:00
3962,119,4737,63,69,2024-12-21 09:07:00
3963,157,4754,68,67,2025-05-30 08:51:00
3964,64,4791,61,75,2024-12-03 22:58:00
3965,98,5010,63,136,2025-11-17 07:25:00
3966,41,4907,70,135,2024-03-30 22:28:00
3967,114,4799,64,122,2025-03-10 10:17:00
3968,50,4841,69,59,2025-08-17 14:12:00
3969,73,4945,70,58,2024-06-20 20:50:00
3970,158,4458,69,82,2024-05-18 14:11:00
3971,19,4713,66,178,2025-03-04 07:16:00
3972,129,4812,69,40,2025-03-19 08:28:00
3973,77,4437,61,119,2024-04-20 15:30:00
3974,41,4703,68,123,2024-08-07 17:06:00
3975,64,4425,67,80,2025-03-31 08:33:00
3976,4,4402,67,118,2024-10-14 09:56:00
3977,144,4460,70,136,2025-07-28 07:02:00
3978,133,4398,61,153,2025-10-23 14:24:00
3979,158,4829,65,67,2025-02-24 13:50:00
3980,115,4604,63,36,2024-04-18 12:42:00
3981,146,5070,63,87,2025-04-27 22:36:00
3982,155,4575,65,104,2025-11-03 14:53:00
3983,132,4766,64,134,2025-02-19 13:57:00
3984,100,4471,65,119,2025-07-16 22:11:00
3985,52,4689,62,72,2024-04-24 07:10:00
3986,112,4481,61,70,2025-07-09 15:30:00
3987,50,4663,68,71,2025-12-31 12:41:00
3988,130,4914,65,108,2025-04-13 11:48:00
3989,180,4463,65,37,2024-04-12 22:36:00
3990,92,4671,69,53,2024-09-08 20:32:00
3991,102,4911,61,71,2024-01-31 22:56:00
3992,91,4758,69,143,2025-03-25 19:23:00
3993,26,4867,70,44,2024-06-03 15:51:00
3994,189,4553,67,144,2024-09-13 21:00:00
3995,32,4875,62,76,2024-06-15 17:09:00
3996,23,4828,69,66,2024-02-15 17:01:00
3997,96,4724,70,65,2024-12-08 08:38:00
3998,158,4557,66,105,2025-06-20 14:31:00
3999,171,4695,70,115,2024-04-25 17:40:00
4000,147,5074,68,152,2024-09-29 22:40:00
4001,6,4614,69,171,2025-11-30 06:23:00
4002,176,4447,63,121,2024-10-07 07:44:00
4003,51,4413,61,126,2024-06-26 06:03:00
4004,72,4467,67,174,2025-04-12 14:32:00
4005,8,4750,65,107,2025-06-07 10:36:00
4006,161,4999,69,78,2025-07-08 20:12:00
4007,91,4545,70,132,2024-04-29 06:09:00
4008,139,4953,68,53,2024-11-08 07:35:00
4009,163,4668,67,92,2024-03-21 13:00:00
4010,98,4825,65,52,2024-09-04 17:54:00
4011,119,5001,68,96,2024-03-13 12:00:00
4012,130,5019,68,170,2025-05-08 12:16:00
4013,96,4595,68,109,2025-09-03 13:11:00
4014,36,4594,62,33,2024-05-03 21:05:00
4015,55,4914,69,179,2024-05-20 08:03:00
4016,147,4401,67,82,2025-04-18 18:37:00
4017,129,4611,61,159,2024-08-02 14:49:00
4018,57,4705,61,79,2024-12-24 07:15:00
4019,42,4813,70,45,2025-05-18 08:21:00
4020,66,4978,61,127,2025-11-01 11:27:00
4021,163,4398,67,98,2025-02-09 07:37:00
4022,87,4844,69,134,2024-08-26 14:58:00
4023,105,4395,63,41,2025-08-29 09:05:00
4024,41,4882,69,32,2025-10-04 12:25:00
4025,138,4700,66,60,2024-09-10 19:02:00
4026,150,4651,67,134,2025-02-08 10:59:00
4027,41,5090,64,75,2024-09-04 22:33:00
4028,185,4738,65,141,2024-08-15 21:54:00
4029,122,4470,64,73,2024-08-31 15:54:00
4030,124,4891,61,129,2025-09-19 16:44:00
4031,136,5042,66,113,2025-06-12 15:56:00
4032,136,4731,64,176,2024-01-30 19:51:00
4033,195,4408,61,61,2025-11-07 07:06:00
4034,135,5061,66,139,2025-11-01 13:53:00
4035,118,4646,66,161,2025-11-13 10:34:00
4036,162,4672,62,32,2024-12-25 16:37:00
4037,14,4913,61,70,2025-06-26 13:17:00
4038,62,4671,67,155,2024-09-19 08:16:00
4039,183,4613,62,156,2024-01-26 16:37:00
4040,87,5087,65,177,2025-10-26 09:04:00
4041,30,4914,66,36,2024-02-20 11:54:00
4042,66,4397,62,47,2024-08-21 20:03:00
4043,137,4685,63,138,2024-10-10 09:10:00
4044,89,4405,69,171,2025-11-09 14:42:00
4045,148,4835,63,52,2025-08-24 20:04:00
4046,14,4819,65,177,2025-04-29 08:56:00
4047,169,5051,70,40,2024-02-15 06:22:00
4048,91,4996,67,88,2025-11-29 22:29:00
4049,164,5041,62,70,2025-03-13 08:12:00
4050,178,4460,63,64,2024-10-21 13:25:00
4051,130,4979,64,79,2024-09-24 13:07:00
4052,45,4711,67,54,2025-09-08 12:05:00
4053,73,4789,66,128,2025-06-24 19:17:00
4054,10,4695,66,54,2024-10-09 18:43:00
4055,115,4387,63,88,2024-03-15 19:28:00
4056,142,4740,64,87,2024-02-17 06:29:00
4057,7,4681,63,114,2024-08-18 21:47:00
4058,64,4826,62,68,2024-09-15 17:49:00
4059,75,4536,64,141,2024-07-17 15:27:00
4060,197,4923,70,48,2024-09-11 19:09:00
4061,159,4578,64,43,2024-11-28 20:47:00
4062,112,4551,67,37,2024-11-13 18:25:00
4063,99,4744,69,71,2026-01-12 07:32:00
4064,38,5050,61,171,2025-02-18 12:52:00
4065,83,4897,64,60,2025-03-04 11:59:00
4066,172,5061,62,85,2024-08-04 06:50:00
4067,56,4599,61,85,2024-12-14 12:14:00
4068,8,4563,66,137,2024-10-17 19:15:00
4069,26,4441,67,45,2025-01-02 09:53:00
4070,91,4408,63,68,2025-03-08 16:54:00
4071,15,4505,69,35,2025-03-20 09:28:00
4072,105,4812,65,179,2025-04-05 22:07:00
4073,179,4682,63,58,2024-12-05 20:47:00
4074,43,4959,65,39,2025-02-19 11:03:00
4075,31,4913,70,133,2025-07-21 06:00:00
4076,152,4984,68,33,2025-08-10 14:17:00
4077,54,4838,69,127,2024-05-23 08:54:00
4078,167,5011,70,140,2025-08-03 21:03:00
4079,115,4511,63,39,2025-10-10 20:07:00
4080,152,4867,67,63,2024-06-15 13:19:00
4081,161,5018,63,55,2025-09-23 21:11:00
4082,113,4416,70,141,2025-09-24 19:24:00
4083,174,5033,61,166,2025-04-26 07:59:00
4084,106,4526,67,81,2024-12-03 15:25:00
4085,76,5001,66,59,2025-01-02 16:47:00
4086,137,5054,69,50,2024-04-09 07:36:00
4087,115,4609,68,41,2024-07-07 08:06:00
4088,54,4959,70,44,2025-03-31 06:36:00
4089,42,4822,64,124,2025-05-28 07:43:00
4090,60,4994,62,140,2025-09-27 17:04:00
4091,129,4387,70,155,2025-09-05 09:50:00
4092,174,4418,68,111,2024-01-18 12:03:00
4093,96,4463,70,32,2024-11-22 13:06:00
4094,140,4791,67,174,2025-08-30 18:35:00
4095,167,5078,67,89,2024-05-03 06:04:00
4096,185,5048,63,135,2024-06-26 06:06:00
4097,57,4639,69,96,2025-03-13 09:30:00
4098,86,5090,65,105,2025-06-19 12:16:00
4099,171,4562,70,124,2024-12-18 13:50:00
4100,116,4690,62,69,2024-04-17 12:51:00
4101,27,5021,62,68,2025-02-27 18:36:00
4102,111,4574,67,116,2024-08-08 07:35:00
4103,28,4927,70,139,2025-01-12 09:24:00
4104,26,4606,69,180,2024-08-06 15:13:00
4105,13,4856,63,37,2025-07-02 20:17:00
4106,12,4748,66,44,2024-12-16 10:17:00
4107,13,5049,68,42,2024-06-26 09:26:00
4108,132,4637,65,157,2025-08-08 21:22:00
4109,181,5098,64,90,2024-09-07 08:04:00
4110,110,4907,65,115,2024-07-13 18:27:00
4111,14,4679,67,112,2025-11-20 09:40:00
4112,163,4991,66,177,2024-03-01 09:54:00
4113,82,5024,66,162,2025-07-19 17:40:00
4114,54,4824,64,180,2025-05-11 09:57:00
4115,24,4456,66,54,2025-03-04 16:44:00
4116,76,4714,66,138,2024-02-09 20:26:00
4117,24,4806,70,115,2025-01-24 06:05:00
4118,28,4952,70,158,2025-01-01 13:14:00
4119,63,5090,65,54,2025-08-20 17:07:00
4120,135,4883,63,147,2025-08-12 13:07:00
4121,10,4747,69,163,2025-03-05 21:16:00
4122,85,4392,62,92,2025-05-24 11:02:00
4123,15,4630,70,39,2024-05-07 14:21:00
4124,111,4411,69,85,2025-03-13 09:10:00
4125,47,4629,62,55,2024-08-26 09:31:00
4126,164,4517,70,75,2025-04-10 07:48:00
4127,131,4505,68,81,2025-04-13 14:08:00
4128,191,4862,61,63,2025-03-29 22:30:00
4129,153,4626,66,137,2024-12-28 12:28:00
4130,162,4439,66,148,2025-03-22 17:03:00
4131,127,4803,62,56,2024-01-29 18:05:00
4132,57,4627,68,116,2024-09-23 07:29:00
4133,32,4652,70,33,2025-07-28 20:20:00
4134,165,4756,69,54,2024-09-19 15:48:00
4135,3,5041,68,158,2025-06-03 08:57:00
4136,109,4779,61,102,2025-01-11 15:20:00
4137,200,4802,64,139,2025-11-25 17:14:00
4138,96,4465,68,125,2024-06-02 09:39:00
4139,157,4663,67,134,2024-02-02 16:56:00
4140,35,4578,63,98,2025-08-29 22:10:00
4141,115,4575,70,127,2024-05-26 18:12:00
4142,106,5103,62,40,2025-06-08 14:13:00
4143,197,4554,67,115,2024-12-21 17:08:00
4144,119,5055,69,48,2024-12-21 22:13:00
4145,175,5044,65,69,2025-02-01 18:14:00
4146,63,5044,70,163,2024-10-24 14:19:00
4147,33,4425,69,135,2024-02-06 17:26:00
4148,139,4427,65,65,2024-01-23 22:03:00
4149,165,5102,66,40,2025-12-02 09:54:00
4150,85,4971,65,177,2025-08-04 11:38:00
4151,162,4610,61,158,2025-01-14 14:44:00
4152,85,4725,62,94,2024-07-29 10:50:00
4153,109,4762,65,131,2025-03-08 09:56:00
4154,16,4913,62,34,2025-06-30 22:19:00
4155,132,4814,64,42,2024-05-20 06:28:00
4156,8,4794,63,83,2024-04-16 09:11:00
4157,134,4576,64,160,2025-07-07 11:22:00
4158,70,4461,66,122,2024-09-15 06:42:00
4159,200,4533,70,170,2024-10-18 08:21:00
4160,9,4569,63,91,2024-02-24 18:08:00
4161,189,4601,66,109,2024-09-11 20:59:00
4162,156,5106,65,158,2024-03-08 19:35:00
4163,99,5026,61,177,2025-10-27 15:51:00
4164,3,5058,69,108,2024-10-16 17:09:00
4165,46,4686,66,119,2025-08-14 22:43:00
4166,184,4890,63,117,2024-03-23 20:29:00
4167,139,4991,67,78,2024-10-26 14:30:00
4168,72,4578,64,158,2024-04-19 08:31:00
4169,83,5044,64,110,2025-05-08 19:20:00
4170,85,5071,62,157,2025-03-30 20:44:00
4171,192,4959,69,119,2024-04-19 08:00:00
4172,32,4662,61,133,2024-04-06 19:33:00
4173,2,4545,70,102,2025-09-27 06:40:00
4174,84,4648,69,154,2026-01-13 17:56:00
4175,108,4700,69,124,2024-05-15 16:21:00
4176,76,4538,69,104,2024-11-24 15:17:00
4177,76,4688,67,123,2025-10-21 09:17:00
4178,81,4713,62,39,2025-08-19 14:00:00
4179,95,4534,66,31,2024-12-08 07:40:00
4180,164,5067,65,51,2024-12-30 19:17:00
4181,93,4564,66,151,2024-07-09 09:08:00
4182,82,4913,68,37,2024-06-29 16:51:00
4183,153,4387,63,171,2025-11-20 22:22:00
4184,59,4535,63,62,2024-07-10 19:17:00
4185,27,4720,67,95,2025-11-25 19:21:00
4186,173,4631,69,118,2025-04-06 17:39:00
4187,8,4589,67,43,2024-03-10 14:53:00
4188,60,4536,68,89,2025-05-17 21:36:00
4189,19,4871,68,164,2024-05-14 22:23:00
4190,150,4385,65,126,2025-02-09 17:56:00
4191,71,4614,63,128,2024-11-27 14:29:00
4192,101,4396,61,155,2025-12-30 13:00:00
4193,45,5043,61,173,2025-02-26 14:06:00
4194,147,4795,63,171,2024-10-17 09:59:00
4195,4,4572,63,63,2024-02-09 22:03:00
4196,88,4857,63,108,2024-06-13 13:32:00
4197,32,4896,63,36,2025-07-28 20:46:00
4198,3,4709,66,129,2025-10-28 21:02:00
4199,41,4408,70,46,2024-02-28 20:26:00
4200,112,4890,64,93,2025-11-27 17:37:00
4201,131,4444,68,177,2024-02-26 19:06:00
4202,139,4914,62,92,2026-01-16 21:28:00
4203,29,5038,63,61,2025-02-22 18:21:00
4204,63,4886,68,164,2024-08-16 20:41:00
4205,170,4999,65,81,2025-05-09 19:30:00
4206,105,4775,67,51,2025-09-20 10:17:00
4207,112,4384,66,136,2025-02-02 16:34:00
4208,9,4822,67,98,2024-05-20 18:27:00
4209,64,4453,62,80,2025-04-28 20:49:00
4210,91,5092,67,125,2025-10-07 12:12:00
4211,115,4516,68,115,2024-09-23 14:08:00
4212,29,4989,62,60,2024-03-05 07:07:00
4213,63,4688,63,70,2025-01-19 11:49:00
4214,46,4530,66,82,2025-10-11 21:14:00
4215,193,4444,70,151,2024-04-28 09:58:00
4216,7,4409,67,79,2025-04-03 17:43:00
4217,47,4826,65,143,2024-07-09 17:57:00
4218,171,5082,65,107,2024-05-06 07:17:00
4219,44,4851,62,130,2025-09-14 16:04:00
4220,128,5095,66,137,2024-01-22 07:33:00
4221,41,4854,66,60,2025-01-16 12:18:00
4222,6,4541,66,137,2025-04-21 10:36:00
4223,136,4734,63,80,2025-12-21 21:32:00
4224,57,4585,67,94,2025-02-20 09:33:00
4225,147,4410,65,178,2025-09-09 16:33:00
4226,22,4402,69,161,2024-03-01 08:16:00
4227,90,4964,61,98,2024-09-12 09:02:00
4228,57,4439,65,43,2025-07-07 16:52:00
4229,12,5108,63,103,2024-05-20 18:19:00
4230,143,4734,66,126,2024-03-21 06:43:00
4231,147,4389,61,173,2024-09-08 20:52:00
4232,131,5096,67,177,2024-05-01 10:53:00
4233,84,4910,62,50,2024-02-26 21:22:00
4234,177,5109,64,166,2024-12-30 22:56:00
4235,126,5103,63,169,2025-07-12 13:35:00
4236,116,4941,63,138,2025-04-21 14:27:00
4237,38,4623,66,158,2025-08-09 07:57:00
4238,2,4398,69,116,2024-08-22 19:41:00
4239,11,4781,67,173,2025-08-21 15:54:00
4240,47,4397,61,159,2024-05-27 07:15:00
4241,199,4999,61,59,2024-04-15 17:46:00
4242,185,4738,64,149,2025-08-15 14:16:00
4243,42,4958,66,154,2024-05-05 20:22:00
4244,167,5043,65,176,2025-06-12 11:07:00
4245,138,4603,70,44,2025-08-22 06:23:00
4246,56,4543,64,56,2025-09-25 08:20:00
4247,51,4520,61,137,2025-11-17 16:48:00
4248,185,4700,63,180,2024-05-11 16:16:00
4249,92,5090,64,32,2024-01-26 11:35:00
4250,3,4817,62,143,2025-03-03 16:45:00
4251,104,4710,64,41,2024-01-25 19:32:00
4252,11,4503,69,44,2024-12-25 16:38:00
4253,183,4418,65,140,2025-11-30 22:29:00
4254,156,4760,65,150,2025-04-18 19:36:00
4255,77,4388,69,40,2024-09-06 13:13:00
4256,196,4712,61,138,2024-03-02 22:54:00
4257,101,5070,65,115,2024-08-10 20:57:00
4258,49,4599,67,103,2024-06-25 17:47:00
4259,8,4754,70,72,2024-10-08 22:55:00
4260,161,5040,64,174,2025-03-30 20:02:00
4261,171,4592,65,37,2025-08-07 12:55:00
4262,52,4476,66,94,2024-08-12 14:05:00
4263,126,4810,63,178,2025-12-22 15:08:00
4264,131,5068,62,110,2024-02-28 19:39:00
4265,172,5029,68,41,2024-09-16 14:06:00
4266,147,4898,65,79,2025-04-28 15:00:00
4267,188,5045,67,143,2025-06-16 11:18:00
4268,93,4422,61,87,2024-07-30 20:37:00
4269,69,4534,70,158,2025-06-16 06:14:00
4270,57,4590,65,159,2025-09-07 11:57:00
4271,81,4746,62,34,2025-08-27 20:35:00
4272,29,4666,62,166,2025-07-26 13:06:00
4273,6,4416,65,160,2025-11-03 17:15:00
4274,53,4502,61,177,2025-03-27 15:38:00
4275,136,4943,63,39,2025-11-15 15:29:00
4276,99,4405,61,147,2025-10-03 11:37:00
4277,153,4634,62,161,2024-02-24 18:53:00
4278,174,4754,70,48,2024-06-27 10:50:00
4279,101,4970,64,99,2024-03-12 19:34:00
4280,85,4441,63,39,2024-10-17 16:17:00
4281,178,4790,68,49,2024-08-29 14:45:00
4282,188,4932,63,46,2025-07-22 13:57:00
4283,199,4726,61,118,2024-07-14 18:31:00
4284,43,4548,69,138,2024-04-30 14:18:00
4285,126,4745,64,51,2024-07-09 12:11:00
4286,13,5026,69,90,2026-01-12 18:08:00
4287,64,5037,69,137,2024-02-03 14:15:00
4288,114,4707,70,102,2024-09-23 18:46:00
4289,90,4433,62,75,2024-08-06 18:47:00
4290,85,4684,66,172,2025-11-11 21:59:00
4291,36,4651,70,39,2025-10-02 15:21:00
4292,61,4706,69,90,2025-05-13 09:50:00
4293,8,4907,69,149,2025-06-25 08:19:00
4294,109,4449,65,50,2024-12-29 14:21:00
4295,126,5093,69,143,2025-02-21 12:58:00
4296,55,5097,67,51,2025-03-28 22:42:00
4297,193,4497,64,130,2025-01-11 17:30:00
4298,79,5039,70,35,2025-06-30 13:50:00
4299,66,4608,70,180,2025-09-23 14:10:00
4300,156,4404,70,46,2025-02-12 17:19:00
4301,33,4661,66,168,2024-02-18 11:23:00
4302,46,4696,64,82,2025-07-14 17:20:00
4303,102,5110,68,93,2024-02-16 22:40:00
4304,112,5102,67,74,2024-07-12 22:43:00
4305,192,4694,62,145,2025-10-30 07:43:00
4306,82,4756,61,116,2025-04-01 11:38:00
4307,128,4429,69,93,2025-08-08 16:12:00
4308,89,4680,67,165,2025-02-19 15:06:00
4309,192,5056,63,54,2025-05-10 14:07:00
4310,75,4410,68,173,2024-01-24 21:00:00
4311,52,4425,70,123,2024-07-06 10:01:00
4312,62,4526,62,124,2025-03-13 18:26:00
4313,16,4760,68,116,2025-05-25 17:37:00
4314,135,4599,64,131,2025-12-24 09:38:00
4315,158,4484,65,87,2024-12-26 22:10:00
4316,174,4911,61,132,2025-12-28 15:46:00
4317,108,4508,67,74,2024-04-20 11:19:00
4318,165,4488,68,169,2024-05-25 17:57:00
4319,73,5098,61,38,2025-01-03 11:05:00
4320,43,4587,69,133,2025-04-20 21:45:00
4321,192,4549,64,42,2025-09-02 09:07:00
4322,195,4405,70,65,2024-08-26 07:36:00
4323,160,4660,63,84,2024-10-05 09:56:00
4324,122,4902,70,51,2025-12-11 12:58:00
4325,101,4843,61,174,2024-10-18 11:12:00
4326,13,4786,64,93,2025-08-02 20:25:00
4327,129,4491,67,125,2025-02-22 22:23:00
4328,200,4865,67,178,2025-11-29 22:24:00
4329,113,4908,63,38,2024-09-30 14:54:00
4330,191,5007,62,59,2024-05-16 14:08:00
4331,151,4426,64,121,2025-11-19 12:14:00
4332,200,5081,65,102,2025-05-27 10:08:00
4333,112,4561,65,33,2025-02-05 18:13:00
4334,150,5042,65,175,2025-01-30 22:51:00
4335,44,4802,62,60,2025-10-01 19:43:00
4336,142,4966,61,155,2025-11-13 09:48:00
4337,90,4815,70,132,2024-02-29 13:40:00
4338,177,4501,69,57,2025-08-08 13:38:00
4339,75,5036,69,94,2025-06-11 17:45:00
4340,129,5024,70,98,2025-04-02 17:49:00
4341,107,4826,69,101,2025-07-18 13:11:00
4342,160,4610,67,64,2025-05-06 12:13:00
4343,33,4464,67,94,2024-10-31 11:09:00
4344,84,4976,67,112,2024-12-30 10:31:00
4345,161,5027,67,86,2026-01-12 21:46:00
4346,144,4604,61,112,2024-11-16 22:13:00
4347,162,4750,62,180,2025-01-22 18:31:00
4348,45,5094,63,145,2024-12-02 11:11:00
4349,86,4922,67,61,2025-11-27 13:47:00
4350,152,5087,66,139,2025-09-23 22:05:00
4351,159,4865,61,168,2024-07-18 19:50:00
4352,8,5052,68,98,2025-05-14 07:53:00
4353,133,5034,66,99,2025-02-13 10:17:00
4354,176,4833,61,71,2024-05-04 06:25:00
4355,51,4925,66,50,2025-03-28 10:50:00
4356,74,4476,67,160,2024-09-28 21:07:00
4357,51,4431,62,175,2025-08-29 19:59:00
4358,126,4994,61,158,2025-05-02 18:53:00
4359,191,5099,68,85,2024-10-25 12:02:00
4360,45,5023,67,86,2025-10-31 09:31:00
4361,133,4963,69,42,2025-03-21 18:28:00
4362,171,4838,70,163,2024-07-19 20:07:00
4363,33,4716,62,110,2024-12-22 19:29:00
4364,192,4826,66,35,2025-02-13 08:45:00
4365,65,4876,70,36,2025-07-20 15:57:00
4366,52,4523,69,173,2024-06-27 22:55:00
4367,103,4866,70,80,2025-01-25 08:03:00
4368,50,5036,63,148,2024-03-03 17:25:00
4369,19,4911,66,42,2024-01-25 17:12:00
4370,76,4788,70,62,2025-07-03 09:45:00
4371,171,4983,68,126,2024-02-18 07:39:00
4372,75,5039,66,69,2024-11-12 07:16:00
4373,53,4801,67,36,2024-05-26 18:22:00
4374,153,4449,62,38,2024-10-05 14:02:00
4375,18,5105,69,91,2026-01-11 09:41:00
4376,9,4400,62,157,2024-11-29 12:05:00
4377,71,4544,70,96,2025-09-19 17:02:00
4378,95,5066,62,157,2025-01-14 19:13:00
4379,63,4522,67,61,2024-09-09 11:24:00
4380,181,4760,70,38,2024-03-20 20:43:00
4381,122,4796,70,108,2025-05-25 20:14:00
4382,168,5049,68,90,2024-03-31 07:48:00
4383,129,4486,68,114,2025-09-03 19:53:00
4384,62,4522,68,60,2024-01-22 13:50:00
4385,85,5075,65,70,2025-09-05 08:58:00
4386,101,4908,69,138,2025-01-29 19:59:00
4387,64,4446,68,78,2024-12-16 06:55:00
4388,192,4546,61,116,2025-04-06 15:33:00
4389,30,4790,64,180,2025-01-04 22:42:00
4390,33,4608,62,140,2025-08-07 10:10:00
4391,47,4876,70,69,2025-03-09 11:55:00
4392,148,4547,65,49,2024-08-20 13:26:00
4393,126,4546,62,64,2025-03-07 17:21:00
4394,54,4707,65,166,2024-08-24 17:14:00
4395,20,4525,61,165,2024-10-14 18:20:00
4396,157,4961,63,114,2025-09-12 13:38:00
4397,92,4724,62,109,2025-07-03 09:08:00
4398,155,4676,65,126,2024-11-06 10:42:00
4399,149,4631,70,82,2025-03-02 10:25:00
4400,89,4859,64,158,2025-11-25 16:22:00
4401,177,4827,68,37,2025-12-10 13:02:00
4402,135,4770,65,130,2025-03-01 21:22:00
4403,177,4825,67,180,2025-07-25 14:49:00
4404,178,4568,63,176,2024-06-03 13:56:00
4405,80,4755,64,124,2024-04-05 12:04:00
4406,140,4432,65,101,2024-04-17 11:43:00
4407,132,4884,66,157,2025-04-14 15:01:00
4408,134,5070,70,54,2024-10-06 18:31:00
4409,136,4790,69,64,2024-08-05 06:41:00
4410,35,4392,64,112,2024-04-13 14:08:00
4411,98,4542,70,94,2025-06-21 21:51:00
4412,44,4398,63,88,2025-10-25 06:00:00
4413,64,4814,67,42,2024-11-30 18:06:00
4414,193,4654,62,65,2025-03-09 06:16:00
4415,118,4976,65,44,2024-12-20 11:20:00
4416,69,4721,61,34,2025-02-26 10:08:00
4417,43,4723,61,70,2025-08-26 11:03:00
4418,33,4956,69,94,2025-06-21 16:30:00
4419,16,5027,65,113,2024-09-27 09:20:00
4420,64,4464,65,33,2025-05-02 18:06:00
4421,122,4690,66,134,2024-08-20 19:03:00
4422,54,4639,65,132,2025-09-03 14:10:00
4423,158,4488,68,115,2025-04-04 15:54:00
4424,134,4646,61,81,2025-07-09 13:36:00
4425,97,4794,64,144,2025-12-06 10:16:00
4426,126,4481,66,93,2024-05-27 20:23:00
4427,50,5039,61,75,2024-08-23 13:46:00
4428,197,5083,68,37,2024-06-01 21:21:00
4429,152,4668,69,174,2024-07-03 22:59:00
4430,9,5098,67,146,2025-03-27 07:29:00
4431,113,4716,64,44,2025-03-02 07:16:00
4432,152,5087,67,141,2025-03-12 19:56:00
4433,169,4523,66,53,2025-04-24 21:15:00
4434,112,4488,70,170,2025-10-29 16:05:00
4435,113,5078,70,80,2025-07-03 06:20:00
4436,74,4967,65,83,2024-04-04 07:05:00
4437,128,4853,69,52,2025-06-21 13:58:00
4438,48,4439,69,150,2024-08-21 17:57:00
4439,103,4839,61,97,2025-06-24 08:00:00
4440,144,4972,64,126,2025-08-14 06:08:00
4441,136,4871,69,167,2025-01-23 16:54:00
4442,188,4679,66,62,2025-06-29 13:58:00
4443,124,4428,63,44,2024-08-12 11:51:00
4444,76,4960,69,86,2025-10-05 16:54:00
4445,36,4426,61,165,2025-06-14 22:06:00
4446,200,4988,67,61,2024-05-28 07:26:00
4447,42,5026,64,176,2024-07-28 07:44:00
4448,146,4549,70,36,2024-12-18 12:50:00
4449,187,4975,70,110,2024-10-25 10:55:00
4450,113,4483,67,122,2025-04-05 13:23:00
4451,194,4586,65,153,2025-06-10 07:02:00
4452,24,5038,64,151,2025-07-03 15:30:00
4453,33,4579,66,147,2025-07-02 15:57:00
4454,74,4767,70,120,2025-11-02 17:01:00
4455,149,4658,61,66,2024-02-06 15:57:00
4456,58,4432,68,92,2024-02-02 13:08:00
4457,43,4628,69,90,2024-03-20 20:50:00
4458,42,4570,68,30,2025-03-07 15:09:00
4459,135,4588,61,149,2025-04-08 14:24:00
4460,89,5110,65,135,2024-04-10 15:03:00
4461,66,4954,62,99,2024-03-15 06:13:00
4462,41,5102,68,123,2024-06-21 21:50:00
4463,146,4684,64,155,2025-10-02 19:10:00
4464,142,4576,68,60,2025-04-08 17:38:00
4465,176,4996,62,71,2024-01-30 06:49:00
4466,100,4652,69,54,2024-01-19 14:03:00
4467,115,4702,67,36,2025-02-24 07:04:00
4468,92,4721,63,115,2025-01-31 07:09:00
4469,50,4740,70,76,2025-02-06 19:28:00
4470,90,4529,65,134,2024-03-19 13:43:00
4471,88,4745,63,133,2025-12-15 10:41:00
4472,84,5097,63,126,2024-03-28 10:09:00
4473,170,4428,70,35,2024-06-10 20:39:00
4474,172,4746,67,118,2025-12-21 11:30:00
4475,34,5068,68,36,2025-09-18 07:55:00
4476,167,4848,68,65,2025-04-18 09:42:00
4477,40,4617,61,142,2024-08-21 15:19:00
4478,32,4638,63,91,2025-07-19 22:03:00
4479,159,4824,64,85,2024-01-29 20:41:00
4480,128,4568,68,81,2025-07-18 10:29:00
4481,13,4830,61,104,2025-05-09 21:38:00
4482,189,4520,68,102,2025-09-13 14:23:00
4483,75,4481,65,158,2024-11-27 14:48:00
4484,42,4658,69,93,2024-03-24 20:46:00
4485,195,4631,62,73,2024-07-11 15:45:00
4486,120,5008,61,168,2024-08-13 09:05:00
4487,119,4472,64,66,2024-11-15 20:02:00
4488,78,5048,68,129,2024-07-26 09:17:00
4489,188,4559,69,150,2024-12-18 16:13:00
4490,171,4390,66,48,2025-03-03 18:02:00
4491,163,4795,61,46,2024-05-22 22:46:00
4492,64,4533,68,130,2025-10-02 16:11:00
4493,33,5044,61,127,2024-02-07 18:16:00
4494,162,4691,66,72,2025-09-30 12:37:00
4495,166,4906,64,40,2024-07-26 20:49:00
4496,62,4996,61,110,2025-05-01 07:59:00
4497,167,4865,63,55,2025-09-05 18:27:00
4498,9,5080,70,141,2025-12-07 06:56:00
4499,63,4795,68,109,2024-05-29 21:51:00
4500,78,4545,67,59,2025-03-13 20:30:00
4501,89,5080,69,125,2025-08-18 13:29:00
4502,187,4487,70,180,2024-02-23 12:58:00
4503,13,4795,62,48,2025-03-15 18:38:00
4504,5,4712,62,138,2024-10-19 14:40:00
4505,172,4543,64,67,2025-12-07 09:16:00
4506,174,4519,68,91,2025-05-28 18:11:00
4507,73,4935,63,154,2025-12-28 13:11:00
4508,102,4711,63,34,2025-12-09 10:46:00
4509,63,4466,67,44,2024-03-16 22:53:00
4510,38,5007,67,126,2025-09-16 15:20:00
4511,17,4697,67,144,2025-04-25 13:35:00
4512,114,4776,69,61,2024-08-03 08:21:00
4513,149,4773,66,92,2024-01-28 16:51:00
4514,122,4478,64,149,2025-03-05 15:11:00
4515,70,4851,68,134,2025-11-16 09:25:00
4516,173,5097,66,172,2025-12-12 07:47:00
4517,53,4635,63,149,2024-01-24 14:41:00
4518,191,4716,61,53,2024-05-06 20:26:00
4519,64,4495,64,46,2025-03-06 07:42:00
4520,180,4849,62,70,2024-02-06 09:19:00
4521,68,4820,61,53,2025-04-08 08:50:00
4522,136,4746,70,58,2024-01-29 06:48:00
4523,132,4670,70,117,2025-10-15 12:37:00
4524,88,4891,62,139,2025-04-06 19:53:00
4525,156,4583,70,110,2024-12-07 18:20:00
4526,196,4968,70,31,2025-09-03 17:27:00
4527,186,4695,69,163,2025-04-09 10:30:00
4528,7,4890,62,130,2025-12-07 21:20:00
4529,5,4812,65,159,2024-03-10 22:47:00
4530,22,4473,69,48,2025-10-01 12:00:00
4531,26,4529,66,110,2024-03-14 06:20:00
4532,108,5108,61,121,2024-08-31 11:25:00
4533,152,4876,63,166,2025-11-30 18:24:00
4534,144,4791,69,98,2024-08-09 12:12:00
4535,68,4978,67,35,2024-10-02 13:33:00
4536,190,4565,69,159,2025-05-04 18:51:00
4537,158,4594,65,138,2024-10-07 21:01:00
4538,121,4488,64,141,2025-10-13 19:41:00
4539,46,4855,67,46,2025-03-01 21:22:00
4540,167,4989,65,44,2024-12-09 06:23:00
4541,74,4474,61,163,2024-06-15 08:15:00
4542,74,4643,63,148,2024-02-17 11:19:00
4543,10,4879,65,74,2025-02-02 15:30:00
4544,12,4763,68,54,2024-08-28 07:31:00
4545,109,4427,68,32,2025-03-26 07:47:00
4546,82,4745,65,130,2024-03-07 22:34:00
4547,68,4457,70,62,2025-08-27 12:57:00
4548,88,4500,62,121,2024-06-02 18:54:00
4549,96,4817,63,89,2025-11-10 16:49:00
4550,74,4769,70,72,2025-04-30 19:21:00
4551,111,4431,66,178,2024-07-13 22:37:00
4552,6,4478,69,82,2024-12-06 17:55:00
4553,121,4475,62,71,2025-01-05 17:31:00
4554,163,4795,64,142,2025-09-11 07:40:00
4555,4,5085,69,121,2026-01-11 15:38:00
4556,96,5106,65,158,2025-08-02 17:18:00
4557,178,4885,64,30,2024-04-14 14:20:00
4558,43,4559,67,171,2025-01-15 12:44:00
4559,92,5096,65,145,2024-10-05 22:42:00
4560,140,4822,68,107,2025-01-08 13:48:00
4561,181,4536,70,70,2025-04-26 07:05:00
4562,99,4601,68,91,2025-04-05 17:15:00
4563,49,4696,62,111,2025-08-25 18:07:00
4564,72,5003,65,152,2025-05-21 08:43:00
4565,178,4973,70,83,2025-03-03 07:06:00
4566,133,4909,67,82,2025-09-06 09:09:00
4567,31,4885,61,171,2024-11-19 13:13:00
4568,58,4546,61,153,2024-11-25 10:20:00
4569,15,4578,67,135,2024-10-28 08:17:00
4570,125,5019,62,61,2025-05-10 09:27:00
4571,24,4696,67,62,2024-08-28 22:57:00
4572,63,4517,63,141,2024-08-27 21:28:00
4573,26,5110,69,49,2025-05-14 22:29:00
4574,146,4819,65,122,2024-10-26 16:04:00
4575,126,4688,67,164,2025-05-18 13:36:00
4576,186,4888,65,36,2025-06-21 07:30:00
4577,138,4872,62,103,2025-08-16 14:42:00
4578,95,4463,62,111,2025-05-11 20:54:00
4579,42,4418,70,161,2024-09-26 17:08:00
4580,142,4925,63,100,2025-01-26 10:07:00
4581,131,5059,69,114,2025-04-08 20:18:00
4582,172,5096,63,47,2025-08-01 15:48:00
4583,158,4715,69,153,2025-12-18 10:36:00
4584,161,4742,68,117,2025-03-26 15:07:00
4585,119,4951,62,110,2025-03-28 16:12:00
4586,144,5000,62,50,2024-10-17 17:20:00
4587,101,4882,65,177,2024-03-21 21:57:00
4588,171,4994,69,91,2024-06-22 18:43:00
4589,173,5027,64,158,2024-02-13 14:38:00
4590,56,4827,66,51,2025-09-04 19:21:00
4591,91,4637,66,57,2024-08-08 12:17:00
4592,147,4696,66,35,2025-10-04 16:28:00
4593,143,5006,64,159,2024-03-01 09:49:00
4594,158,4745,66,55,2024-10-27 07:52:00
4595,105,5034,62,162,2024-05-13 10:58:00
4596,131,4660,69,77,2025-11-06 19:15:00
4597,192,4524,67,45,2024-06-06 11:39:00
4598,54,4968,67,71,2024-10-21 15:06:00
4599,64,4691,69,151,2025-08-06 11:24:00
4600,109,4777,63,100,2025-03-20 16:57:00
4601,19,4781,64,38,2024-03-03 17:59:00
4602,102,5045,64,170,2025-10-29 08:12:00
4603,29,4854,66,59,2025-09-13 15:30:00
4604,52,4641,63,60,2025-07-29 15:17:00
4605,61,4700,69,47,2025-05-04 14:38:00
4606,79,4982,70,115,2025-10-21 15:19:00
4607,10,5104,68,98,2025-11-10 19:00:00
4608,175,4450,68,160,2025-11-11 20:23:00
4609,189,4381,67,110,2024-01-27 17:59:00
4610,87,4622,64,175,2025-06-17 12:01:00
4611,169,4995,66,160,2025-03-09 12:16:00
4612,125,4464,62,111,2024-02-19 17:00:00
4613,75,5098,65,42,2025-04-20 07:28:00
4614,50,4703,67,35,2025-04-16 17:33:00
4615,146,4991,64,83,2024-03-08 19:56:00
4616,51,4696,66,68,2024-11-25 17:15:00
4617,187,4407,66,128,2024-06-11 15:05:00
4618,1,4398,64,171,2025-05-23 18:10:00
4619,97,4874,63,110,2024-07-12 07:48:00
4620,85,4792,64,131,2024-09-08 08:41:00
4621,160,4940,63,101,2024-06-16 17:30:00
4622,97,4932,66,93,2025-03-21 19:10:00
4623,29,4677,64,175,2024-05-12 12:04:00
4624,197,4649,62,155,2024-09-15 07:37:00
4625,138,5042,65,82,2024-06-09 08:33:00
4626,91,4489,69,67,2024-05-10 22:05:00
4627,137,5076,69,36,2025-08-29 10:38:00
4628,82,4926,63,114,2025-01-12 12:58:00
4629,137,5047,69,33,2024-11-03 13:07:00
4630,188,4459,69,61,2024-12-19 22:13:00
4631,61,4395,70,87,2025-09-03 15:38:00
4632,90,4751,65,66,2024-10-14 14:23:00
4633,100,4948,62,86,2024-12-25 08:11:00
4634,8,4438,64,75,2024-08-25 11:57:00
4635,106,4998,63,141,2025-10-31 16:29:00
4636,165,4998,63,30,2024-11-22 06:52:00
4637,124,4822,69,136,2024-07-07 17:35:00
4638,122,5079,63,88,2024-11-24 17:37:00
4639,174,4567,64,115,2024-10-26 12:22:00
4640,90,4810,66,144,2024-07-31 18:02:00
4641,97,4613,67,55,2025-10-14 10:47:00
4642,59,4797,69,134,2025-03-09 12:51:00
4643,80,4632,64,87,2024-11-10 14:19:00
4644,130,4966,61,53,2024-11-15 07:43:00
4645,26,5047,64,131,2025-09-21 20:55:00
4646,112,4916,66,34,2025-02-10 11:58:00
4647,112,5004,63,130,2025-09-10 21:49:00
4648,147,5035,66,56,2024-08-08 15:51:00
4649,86,4401,64,152,2024-09-16 16:12:00
4650,2,4583,64,104,2025-01-02 15:26:00
4651,171,4942,67,135,2024-09-04 20:50:00
4652,131,4381,64,151,2025-03-27 12:31:00
4653,4,4491,67,147,2025-08-24 18:25:00
4654,57,4639,63,63,2024-04-02 16:22:00
4655,134,4493,65,129,2025-02-22 20:23:00
4656,180,5051,69,155,2025-07-01 22:23:00
4657,147,4531,70,90,2025-12-21 19:27:00
4658,100,4611,70,48,2025-04-19 15:08:00
4659,129,4529,69,120,2025-12-07 09:01:00
4660,163,4633,68,129,2024-05-22 06:09:00
4661,23,4628,68,179,2024-12-30 09:56:00
4662,139,4972,65,165,2024-05-13 06:43:00
4663,19,4521,66,40,2025-04-05 14:50:00
4664,110,4768,64,92,2024-01-25 21:28:00
4665,85,4779,66,64,2025-05-17 18:23:00
4666,22,4958,64,78,2024-10-29 11:43:00
4667,67,4904,69,105,2024-04-04 12:24:00
4668,100,4686,66,35,2025-11-11 15:19:00
4669,188,4780,64,178,2025-12-05 07:12:00
4670,33,4900,68,58,2025-07-06 13:40:00
4671,198,4786,69,65,2024-11-14 07:49:00
4672,30,4516,61,179,2025-04-16 07:58:00
4673,84,4626,65,162,2025-12-01 19:09:00
4674,86,4777,62,169,2025-05-21 18:18:00
4675,147,5034,65,57,2024-09-19 16:51:00
4676,71,4802,67,83,2025-06-19 20:52:00
4677,145,5089,67,160,2025-10-10 08:46:00
4678,38,5021,61,128,2025-09-29 11:29:00
4679,190,4784,64,71,2024-02-14 18:26:00
4680,141,5070,68,113,2025-10-15 13:01:00
4681,98,4744,66,128,2025-02-17 10:07:00
4682,141,4955,69,98,2025-08-24 15:59:00
4683,56,4662,61,175,2024-01-27 22:09:00
4684,191,4490,65,83,2025-05-14 12:46:00
4685,47,4735,63,174,2024-04-13 11:13:00
4686,10,4717,66,163,2024-03-09 21:23:00
4687,131,4937,62,115,2024-10-16 11:18:00
4688,3,4389,62,157,2025-01-30 13:10:00
4689,182,4673,63,176,2024-08-02 16:58:00
4690,46,4692,64,37,2025-04-29 13:13:00
4691,172,4707,68,105,2025-05-26 21:32:00
4692,105,4440,64,168,2024-10-21 07:07:00
4693,151,4843,64,145,2024-05-11 08:22:00
4694,57,4424,62,57,2024-07-20 12:11:00
4695,136,4698,67,37,2025-03-18 13:53:00
4696,186,4606,66,172,2024-08-28 22:51:00
4697,5,4883,62,37,2025-02-23 17:33:00
4698,43,5097,62,48,2025-06-10 16:54:00
4699,149,5053,64,100,2025-05-27 14:13:00
4700,119,5032,69,172,2025-09-21 16:52:00
4701,106,4539,63,114,2025-05-10 07:03:00
4702,127,5009,61,74,2024-08-30 12:42:00
4703,100,4912,70,118,2026-01-04 17:18:00
4704,125,4430,69,144,2024-09-23 06:14:00
4705,70,4881,64,93,2024-06-16 14:27:00
4706,46,4566,69,115,2024-02-10 14:52:00
4707,155,4521,62,177,2025-11-06 16:08:00
4708,200,4446,62,39,2025-09-07 21:55:00
4709,36,5033,68,63,2025-01-09 14:39:00
4710,128,5020,62,126,2024-01-22 06:20:00
4711,120,4845,70,107,2024-10-02 06:08:00
4712,156,4591,66,90,2025-04-09 19:38:00
4713,40,4914,62,108,2025-07-08 18:18:00
4714,63,4761,63,68,2024-11-14 14:57:00
4715,116,5086,66,98,2024-06-21 12:50:00
4716,123,4984,62,62,2025-04-25 20:18:00
4717,144,4858,69,108,2025-05-14 09:57:00
4718,109,4711,68,93,2025-04-29 22:06:00
4719,135,4930,62,75,2024-11-02 07:45:00
4720,124,4546,68,144,2024-03-28 19:45:00
4721,82,4646,69,111,2025-12-20 10:35:00
4722,116,4836,62,179,2025-05-27 10:35:00
4723,154,4542,63,37,2025-08-28 11:02:00
4724,172,4517,68,157,2024-09-07 18:38:00
4725,107,4994,62,155,2024-04-22 07:02:00
4726,86,4783,66,151,2025-01-14 22:42:00
4727,196,4523,67,88,2024-02-24 19:44:00
4728,25,4736,65,63,2025-05-26 20:05:00
4729,50,4430,69,166,2025-07-14 11:14:00
4730,39,4991,62,174,2024-01-24 18:23:00
4731,193,4617,69,121,2024-09-12 16:32:00
4732,153,4727,68,153,2025-10-18 20:03:00
4733,157,5081,62,122,2025-02-14 16:27:00
4734,118,4503,67,80,2024-12-08 17:01:00
4735,157,5099,70,56,2025-08-17 11:45:00
4736,167,4452,68,38,2025-03-18 19:52:00
4737,149,4989,63,150,2025-11-16 14:54:00
4738,165,5077,70,141,2025-10-05 08:47:00
4739,179,4898,62,104,2024-05-05 18:51:00
4740,188,5076,65,99,2025-04-16 09:20:00
4741,183,5008,67,179,2025-01-15 20:21:00
4742,18,4922,68,72,2024-05-03 07:29:00
4743,78,4390,70,157,2025-05-21 08:12:00
4744,80,4646,68,134,2025-02-22 20:47:00
4745,193,4423,62,117,2024-10-20 14:25:00
4746,166,4570,61,96,2024-03-12 16:26:00
4747,194,4993,68,82,2024-09-18 10:45:00
4748,149,4429,65,43,2025-09-15 06:19:00
4749,104,5102,70,123,2025-06-01 08:57:00
4750,153,5096,63,170,2024-06-18 06:47:00
4751,15,4639,64,61,2024-03-26 14:22:00
4752,17,4519,64,139,2025-04-29 07:59:00
4753,195,4806,61,172,2025-03-23 14:02:00
4754,124,4844,68,156,2024-03-23 11:55:00
4755,90,4944,69,131,2025-12-11 11:56:00
4756,135,4626,65,160,2024-02-25 11:01:00
4757,29,5018,66,135,2024-09-28 12:57:00
4758,95,4574,61,158,2025-10-08 08:06:00
4759,29,4813,61,122,2024-10-26 15:06:00
4760,68,4455,63,69,2025-07-31 22:56:00
4761,89,4925,62,127,2024-03-04 15:49:00
4762,103,5070,66,68,2026-01-15 21:45:00
4763,176,5108,62,115,2024-12-20 06:04:00
4764,180,4774,67,47,2024-11-13 11:51:00
4765,66,4892,68,59,2024-08-29 19:23:00
4766,134,4754,62,39,2025-04-17 17:35:00
4767,167,4731,67,118,2024-11-02 22:30:00
4768,21,4661,63,100,2024-12-31 06:39:00
4769,112,4956,70,67,2024-01-28 11:23:00
4770,119,4866,65,157,2024-02-16 09:45:00
4771,93,5019,64,62,2024-12-20 17:53:00
4772,143,4883,69,132,2025-03-30 09:34:00
4773,54,4909,64,145,2024-10-11 17:46:00
4774,41,4503,62,56,2025-07-12 18:13:00
4775,161,4776,65,164,2024-06-26 15:51:00
4776,112,4864,66,153,2024-11-20 18:58:00
4777,46,4988,66,36,2024-11-12 22:19:00
4778,36,5083,67,34,2025-01-23 06:14:00
4779,200,5028,64,89,2025-11-25 16:15:00
4780,129,4497,70,177,2025-02-01 19:26:00
4781,78,4884,70,176,2025-02-23 22:02:00
4782,23,5026,70,49,2024-03-08 20:10:00
4783,26,4684,69,153,2025-08-15 15:42:00
4784,183,4431,65,58,2025-09-02 06:51:00
4785,4,4685,68,81,2024-04-04 12:26:00
4786,138,4669,69,142,2025-08-03 21:29:00
4787,187,4674,68,162,2024-09-03 22:10:00
4788,71,4601,69,46,2024-10-28 22:53:00
4789,145,4955,67,132,2024-04-21 12:03:00
4790,61,4939,64,34,2024-09-11 14:01:00
4791,38,5010,62,158,2024-03-18 21:31:00
4792,9,4539,69,146,2024-08-02 17:41:00
4793,50,4458,69,124,2024-08-01 11:56:00
4794,200,4969,70,119,2025-09-27 10:20:00
4795,103,4391,63,169,2024-06-06 21:48:00
4796,150,5067,65,100,2024-11-16 08:38:00
4797,188,4751,67,112,2024-11-06 22:30:00
4798,91,4381,70,141,2025-12-01 17:30:00
4799,148,4428,68,156,2024-07-17 11:50:00
4800,167,4618,69,121,2025-05-12 07:12:00
4801,88,5084,64,85,2024-10-07 11:22:00
4802,164,4986,61,80,2024-09-26 14:19:00
4803,185,4812,62,165,2025-03-08 18:38:00
4804,142,4590,62,127,2024-10-10 15:49:00
4805,101,4414,68,83,2025-04-27 06:31:00
4806,6,4716,63,152,2024-05-13 13:25:00
4807,129,4963,63,32,2024-08-06 20:34:00
4808,181,4427,61,165,2024-03-23 12:34:00
4809,106,4524,67,127,2025-08-29 11:17:00
4810,86,4382,68,161,2024-03-28 13:26:00
4811,103,4435,65,113,2024-08-04 17:08:00
4812,92,4920,70,79,2024-10-22 12:49:00
4813,75,5084,64,93,2024-04-26 15:50:00
4814,97,4509,66,57,2024-01-18 15:22:00
4815,68,4854,70,47,2024-05-16 09:02:00
4816,114,4426,66,99,2024-04-16 16:14:00
4817,54,4863,67,107,2025-06-08 07:37:00
4818,145,4883,62,118,2025-08-01 10:55:00
4819,107,5061,62,154,2024-09-25 07:25:00
4820,188,4911,63,160,2025-12-16 13:46:00
4821,74,5023,63,81,2025-03-15 20:38:00
4822,22,5058,70,133,2025-06-18 19:00:00
4823,88,4716,63,80,2024-02-08 19:59:00
4824,198,4860,63,139,2025-04-23 14:07:00
4825,3,4980,64,140,2024-08-27 20:19:00
4826,44,4744,69,96,2025-11-17 18:38:00
4827,170,5048,66,156,2024-06-17 20:45:00
4828,140,5106,64,75,2025-03-27 11:11:00
4829,2,4591,68,140,2025-03-07 16:14:00
4830,3,4510,62,98,2025-07-24 14:03:00
4831,124,4584,68,93,2025-01-08 19:15:00
4832,88,4622,65,87,2024-12-19 07:35:00
4833,139,4849,69,100,2025-10-12 22:33:00
4834,103,4723,63,180,2024-09-16 19:21:00
4835,167,4748,65,46,2024-12-30 22:25:00
4836,66,4920,68,80,2025-01-29 18:18:00
4837,162,4733,66,89,2025-04-24 21:59:00
4838,148,4951,64,60,2024-06-24 13:00:00
4839,161,4811,68,166,2025-08-02 11:55:00
4840,105,4957,67,61,2024-12-17 10:10:00
4841,84,4421,64,169,2025-06-16 07:51:00
4842,146,4549,65,59,2025-01-09 17:53:00
4843,22,4550,70,30,2025-10-19 10:11:00
4844,13,4894,69,170,2025-01-02 10:16:00
4845,86,4830,63,83,2024-04-24 12:00:00
4846,101,4623,70,68,2025-01-24 13:14:00
4847,187,4861,61,104,2025-11-08 08:46:00
4848,4,5032,64,135,2025-03-25 13:35:00
4849,10,4465,64,46,2024-05-05 14:44:00
4850,90,4414,66,131,2024-05-05 22:37:00
4851,120,4611,61,88,2024-03-31 20:03:00
4852,183,4876,69,171,2025-04-03 18:41:00
4853,162,4811,67,158,2024-10-29 14:03:00
4854,199,4564,67,163,2025-04-17 14:44:00
4855,72,4948,70,139,2025-12-09 12:18:00
4856,46,4697,63,178,2025-06-28 19:24:00
4857,149,4649,62,95,2025-12-20 09:26:00
4858,161,4853,64,119,2024-02-11 07:05:00
4859,55,5088,66,161,2025-06-03 15:46:00
4860,163,4419,64,153,2024-08-16 20:12:00
4861,60,4908,65,175,2024-08-24 22:34:00
4862,25,4634,64,129,2024-03-23 08:43:00
4863,169,4577,61,157,2025-06-12 19:55:00
4864,109,4629,67,153,2024-03-16 10:12:00
4865,188,4641,67,60,2025-06-20 16:25:00
4866,115,4905,66,36,2024-04-28 12:14:00
4867,134,4704,68,59,2024-04-05 17:13:00
4868,33,5016,64,134,2024-09-18 21:42:00
4869,110,5017,64,92,2024-05-19 06:13:00
4870,127,4535,63,122,2024-07-20 17:30:00
4871,68,5016,66,95,2025-10-24 11:28:00
4872,23,4518,62,87,2024-08-24 18:46:00
4873,140,4824,63,57,2024-10-14 15:34:00
4874,89,4673,70,118,2025-07-19 16:07:00
4875,163,4905,68,148,2024-04-21 16:27:00
4876,68,4811,61,34,2025-10-12 06:31:00
4877,183,4675,61,160,2024-11-09 13:38:00
4878,61,4602,64,168,2025-05-29 22:34:00
4879,165,5008,64,107,2024-04-12 09:00:00
4880,17,5027,66,140,2025-02-24 13:24:00
4881,104,4619,65,171,2025-11-27 07:51:00
4882,27,4517,62,117,2025-12-09 06:41:00
4883,191,4855,70,108,2026-01-11 22:47:00
4884,179,4701,66,107,2025-07-28 07:16:00
4885,15,4525,70,57,2025-07-24 16:16:00
4886,52,4892,62,150,2026-01-03 12:34:00
4887,174,4897,61,114,2024-11-30 06:28:00
4888,95,4776,67,63,2024-03-19 09:05:00
4889,168,4945,62,104,2025-03-25 18:28:00
4890,170,4867,64,98,2024-02-29 14:20:00
4891,78,5095,61,159,2025-10-04 16:56:00
4892,14,4986,61,122,2024-04-29 15:40:00
4893,88,5028,69,63,2025-05-02 22:41:00
4894,79,4905,65,91,2025-04-06 11:43:00
4895,200,4877,70,98,2024-12-21 15:21:00
4896,160,4395,66,138,2025-05-18 19:53:00
4897,46,4611,66,82,2024-05-27 19:45:00
4898,58,4990,67,135,2024-05-11 08:24:00
4899,81,4891,63,58,2025-02-09 15:06:00
4900,198,4933,67,142,2025-04-25 11:08:00
4901,95,4793,70,91,2025-11-11 19:17:00
4902,127,4687,62,153,2024-02-08 11:29:00
4903,25,4970,69,65,2024-07-25 19:50:00
4904,169,4978,63,152,2024-10-12 09:15:00
4905,47,4971,69,152,2025-09-05 11:19:00
4906,60,4793,66,55,2025-12-18 12:32:00
4907,53,5009,64,105,2024-11-22 12:49:00
4908,13,4692,64,111,2024-12-26 06:22:00
4909,98,4623,67,130,2025-04-01 12:31:00
4910,21,4556,64,106,2024-02-13 15:11:00
4911,27,4900,65,45,2025-11-18 20:57:00
4912,140,4951,70,93,2024-06-19 20:55:00
4913,139,4692,64,43,2024-07-23 12:55:00
4914,53,4907,70,178,2024-09-05 12:57:00
4915,74,4957,61,127,2024-05-28 13:09:00
4916,189,5025,64,49,2024-04-12 11:23:00
4917,45,4742,63,31,2025-07-11 13:15:00
4918,71,5095,61,112,2024-05-31 18:37:00
4919,166,4478,70,38,2024-08-05 09:39:00
4920,177,4531,68,154,2024-01-18 13:42:00
4921,35,4781,67,169,2025-01-07 16:45:00
4922,5,4618,65,43,2025-06-08 22:00:00
4923,52,4861,61,141,2025-01-25 13:23:00
4924,10,4690,65,93,2024-10-26 08:36:00
4925,107,4510,67,114,2025-08-21 09:48:00
4926,197,4583,65,98,2025-07-26 13:58:00
4927,189,4797,65,122,2025-06-29 20:17:00
4928,12,4944,70,163,2025-12-14 16:09:00
4929,158,4890,62,76,2025-08-11 13:58:00
4930,54,4992,66,121,2025-04-16 06:09:00
4931,138,4691,61,147,2024-09-30 14:28:00
4932,118,5049,70,145,2025-12-25 21:47:00
4933,99,5051,67,48,2025-11-16 22:30:00
4934,27,4513,69,47,2025-12-21 08:02:00
4935,163,5025,67,59,2025-07-18 11:37:00
4936,96,4596,65,100,2024-09-13 13:58:00
4937,2,4798,61,148,2025-04-13 17:21:00
4938,7,4467,69,83,2024-11-18 11:13:00
4939,185,4952,61,143,2024-06-14 17:53:00
4940,58,4382,66,172,2025-06-01 15:19:00
4941,111,4896,66,113,2025-06-12 22:09:00
4942,11,4853,66,111,2025-01-05 11:32:00
4943,95,5070,66,69,2024-06-07 10:56:00
4944,95,5025,67,71,2025-08-13 13:00:00
4945,83,4978,62,130,2026-01-04 06:50:00
4946,181,5027,68,167,2025-07-16 13:34:00
4947,160,4786,66,137,2024-05-12 09:42:00
4948,131,4742,67,56,2025-07-31 10:34:00
4949,48,4665,62,134,2024-03-11 13:58:00
4950,105,4393,63,47,2025-10-19 14:56:00
4951,87,4497,63,70,2024-06-05 08:06:00
4952,164,5109,66,110,2024-07-21 16:36:00
4953,167,4951,70,114,2025-04-01 06:46:00
4954,189,4668,63,82,2025-12-15 21:51:00
4955,164,4810,63,106,2025-03-01 12:27:00
4956,20,4977,68,44,2024-03-04 10:14:00
4957,131,4542,70,107,2025-11-28 22:45:00
4958,4,4924,64,79,2024-05-02 14:06:00
4959,139,4660,62,159,2025-12-29 16:24:00
4960,93,4613,65,76,2025-10-15 11:46:00
4961,34,4896,69,116,2025-03-31 21:47:00
4962,112,4859,61,172,2024-10-07 08:11:00
4963,162,5101,65,95,2025-04-19 20:37:00
4964,158,4814,62,155,2024-11-26 13:27:00
4965,19,5087,62,90,2024-05-20 17:28:00
4966,136,4782,64,163,2024-06-27 12:10:00
4967,57,5075,64,99,2024-07-05 12:56:00
4968,79,4492,64,138,2025-02-07 20:11:00
4969,59,4406,69,95,2025-05-14 18:24:00
4970,172,4618,70,177,2025-01-21 08:28:00
4971,22,5077,62,138,2025-06-14 16:00:00
4972,129,4855,67,176,2025-12-03 06:23:00
4973,127,4868,64,151,2024-07-27 10:11:00
4974,100,4795,65,107,2025-03-16 19:34:00
4975,82,4670,63,141,2025-11-09 10:47:00
4976,20,4895,65,37,2024-07-14 08:28:00
4977,193,4766,62,109,2024-11-09 07:22:00
4978,49,4713,63,148,2025-08-23 18:09:00
4979,135,5071,70,37,2026-01-05 17:06:00
4980,89,4463,63,63,2025-03-24 18:46:00
4981,130,5040,66,180,2024-05-17 08:03:00
4982,54,4736,64,124,2025-05-08 15:08:00
4983,97,4976,65,46,2025-07-04 21:47:00
4984,130,4856,62,130,2024-03-13 11:16:00
4985,105,4968,66,120,2025-11-01 07:48:00
4986,24,4640,63,127,2024-09-22 20:27:00
4987,92,4530,66,123,2024-05-06 21:55:00
4988,43,4894,70,110,2024-12-27 15:44:00
4989,158,5078,70,90,2024-08-11 19:25:00
4990,178,4616,69,174,2025-07-07 15:53:00
4991,136,4607,70,62,2025-05-15 19:23:00
4992,21,4561,63,122,2024-07-05 19:09:00
4993,198,4484,67,155,2024-02-02 22:32:00
4994,160,5062,63,168,2025-11-23 20:53:00
4995,174,5107,68,83,2024-04-26 09:49:00
4996,118,4949,62,55,2024-02-27 10:57:00
4997,4,5049,69,110,2024-02-19 15:06:00
4998,97,4789,62,72,2025-06-22 15:09:00
4999,129,4773,68,126,2024-11-10 12:50:00
5000,84,4892,63,52,2025-11-09 14:58:00
